{
  "type": "FeatureCollection",
  "name": "limburg",
  "crs": {
    "type": "name",
    "properties": { "name": "urn:ogc:def:crs:EPSG::28992" }
  },
  "features": [
    {
      "type": "Feature",
      "properties": {
        "gml_id": "id4bca3c8c-e21a-4aaf-8ed2-e71d17f8dc81",
        "Provincienaam": "Limburg"
      },
      "geometry": {
        "type": "MultiPolygon",
        "coordinates": [
          [
            [
              [199549.696, 308385.049],
              [199543.314000000013039, 308370.614],
              [199536.665, 308355.653],
              [199533.358, 308348.909999999974389],
              [199534.151000000012573, 308344.159999999974389],
              [199534.351, 308342.884000000020023],
              [199536.34, 308330.169999999983702],
              [199536.532, 308329.62300000002142],
              [199541.730000000010477, 308314.849999999976717],
              [199545.59, 308289.69],
              [199552.019999999989523, 308268.549999999988358],
              [199554.96, 308247.0],
              [199560.269999999989523, 308228.01],
              [199561.9, 308216.599999999976717],
              [199564.269999999989523, 308168.460000000020955],
              [199569.87, 308149.03000000002794],
              [199571.700000000011642, 308123.57],
              [199578.019999999989523, 308095.12],
              [199579.329999999987194, 308078.85999999998603],
              [199584.769999999989523, 308048.71999999997206],
              [199594.04, 308010.340000000025611],
              [199597.53, 307972.830000000016298],
              [199607.47, 307928.82],
              [199612.47, 307914.650000000023283],
              [199618.37, 307883.039999999979045],
              [199624.28, 307832.31],
              [199628.12, 307818.020000000018626],
              [199630.53, 307794.64000000001397],
              [199644.24, 307728.520000000018626],
              [199652.54, 307708.44],
              [199659.949, 307684.104],
              [199661.10999999998603, 307680.289999999979045],
              [199672.44, 307639.539999999979045],
              [199677.69, 307611.62],
              [199686.84, 307565.74],
              [199691.019999999989523, 307537.450000000011642],
              [199698.28, 307513.150000000023283],
              [199703.09, 307478.729999999981374],
              [199715.329999999987194, 307420.150000000023283],
              [199718.943999999988591, 307391.951],
              [199719.6, 307386.830000000016298],
              [199720.461000000010245, 307382.646],
              [199728.233, 307344.897999999986496],
              [199728.91, 307341.60999999998603],
              [199727.513, 307342.381],
              [199719.669, 307346.708999999973457],
              [199707.403, 307353.476000000024214],
              [199703.39000000001397, 307355.69],
              [199691.926, 307360.806999999971595],
              [199675.450000000011642, 307368.159999999974389],
              [199657.480000000010477, 307379.25],
              [199654.931000000011409, 307380.231000000028871],
              [199651.247, 307381.648999999975786],
              [199644.799999999988358, 307384.13],
              [199642.544, 307384.026000000012573],
              [199637.89000000001397, 307383.81],
              [199622.14000000001397, 307388.590000000025611],
              [199609.950000000011642, 307394.13],
              [199586.480000000010477, 307400.409999999974389],
              [199579.24900000001071, 307401.291000000026543],
              [199555.44, 307404.19],
              [199538.91, 307404.409999999974389],
              [199518.89000000001397, 307406.19],
              [199506.64000000001397, 307406.71999999997206],
              [199486.31, 307416.71999999997206],
              [199478.769999999989523, 307419.13],
              [199470.10999999998603, 307420.21999999997206],
              [199455.03, 307416.96999999997206],
              [199433.94, 307405.590000000025611],
              [199418.75, 307403.28000000002794],
              [199394.729, 307407.897999999986496],
              [199384.420000000012806, 307409.88],
              [199374.700000000011642, 307411.13],
              [199372.202, 307410.811999999976251],
              [199353.35999999998603, 307408.409999999974389],
              [199342.10999999998603, 307405.659999999974389],
              [199337.663999999989755, 307407.01500000001397],
              [199334.63, 307407.94],
              [199327.777, 307413.044999999983702],
              [199321.420000000012806, 307417.78000000002794],
              [199310.730000000010477, 307419.340000000025611],
              [199283.10999999998603, 307419.909999999974389],
              [199254.730000000010477, 307423.590000000025611],
              [199239.329999999987194, 307422.5],
              [199229.203, 307422.81],
              [199196.894999999989523, 307423.799],
              [199192.28, 307423.94],
              [199183.682, 307422.397999999986496],
              [199181.13, 307421.94],
              [199172.209, 307420.180999999982305],
              [199168.91, 307419.53000000002794],
              [199139.756, 307408.243000000016764],
              [199136.700000000011642, 307407.06],
              [199106.079999999987194, 307390.88],
              [199075.10999999998603, 307380.94],
              [199056.06, 307374.69],
              [199050.916, 307373.460000000020955],
              [199007.03, 307362.96999999997206],
              [198998.373, 307360.447999999974854],
              [198981.39000000001397, 307355.5],
              [198977.413999999989755, 307355.295999999972992],
              [198967.94, 307354.81],
              [198957.252, 307352.990999999979977],
              [198948.84, 307351.56],
              [198926.535, 307345.973],
              [198898.937, 307351.26],
              [198870.932999999989988, 307350.821999999985565],
              [198852.008, 307344.143999999971129],
              [198831.158, 307339.299],
              [198814.691, 307340.403999999980442],
              [198794.458000000013271, 307336.533999999985099],
              [198784.641, 307334.906000000017229],
              [198777.055, 307332.843999999982771],
              [198772.019, 307331.476000000024214],
              [198740.528, 307322.968999999982771],
              [198712.438, 307317.242000000027474],
              [198699.525, 307312.547000000020489],
              [198688.394, 307310.31],
              [198679.030999999988126, 307308.494],
              [198677.986, 307308.292000000015832],
              [198646.788999999989755, 307307.918],
              [198625.763, 307297.799],
              [198614.48499999998603, 307295.886],
              [198612.193, 307289.483],
              [198565.935999999986961, 307277.321999999985565],
              [198558.151000000012573, 307278.097],
              [198550.997, 307276.016],
              [198535.405, 307295.217],
              [198533.336000000010245, 307300.919999999983702],
              [198532.096, 307300.085000000020955],
              [198530.744, 307299.177000000025146],
              [198522.647, 307293.742000000027474],
              [198513.353, 307291.693000000028405],
              [198507.131, 307290.096000000019558],
              [198501.604, 307285.802000000025146],
              [198489.331, 307280.170999999972992],
              [198485.911, 307279.56],
              [198482.727000000013504, 307280.933000000019092],
              [198475.700000000011642, 307301.164999999979045],
              [198471.980000000010477, 307303.809],
              [198460.704999999987194, 307295.044],
              [198446.253999999986263, 307305.223],
              [198446.184, 307305.272],
              [198427.041999999986729, 307311.202],
              [198421.951, 307310.819000000017695],
              [198414.873, 307304.99900000001071],
              [198403.056000000011409, 307294.255],
              [198390.443, 307284.017],
              [198372.924, 307269.44],
              [198362.891, 307258.44],
              [198353.476, 307251.946],
              [198348.139, 307251.058000000019092],
              [198340.136, 307257.174],
              [198339.844000000011874, 307257.397999999986496],
              [198339.15, 307257.93],
              [198331.731999999989057, 307263.602000000013504],
              [198329.823, 307254.306999999971595],
              [198329.651000000012573, 307248.98599999997532],
              [198324.18, 307247.835000000020955],
              [198315.44, 307245.995999999984633],
              [198308.195, 307243.88],
              [198300.279, 307240.863000000012107],
              [198281.881, 307232.25199999997858],
              [198267.907, 307228.702],
              [198246.324, 307222.212999999988824],
              [198235.797, 307213.984],
              [198225.51, 307207.802000000025146],
              [198210.364, 307195.097],
              [198196.51, 307188.189000000013039],
              [198193.465, 307191.259000000020023],
              [198186.674, 307195.575000000011642],
              [198175.549999999988358, 307206.462999999988824],
              [198167.276000000012573, 307215.310999999986961],
              [198151.74299999998766, 307228.211000000010245],
              [198134.388, 307238.215000000025611],
              [198126.853, 307243.732000000018161],
              [198110.681000000011409, 307252.26400000002468],
              [198098.719000000011874, 307258.063000000023749],
              [198073.623, 307271.886999999987893],
              [198050.062, 307280.305999999982305],
              [198002.035, 307273.316999999980908],
              [197992.369, 307265.495999999984633],
              [197979.082, 307250.412000000011176],
              [197966.09, 307241.669],
              [197953.812, 307240.021],
              [197927.545000000012806, 307237.413999999989755],
              [197864.153, 307203.821],
              [197833.72, 307182.332],
              [197810.994, 307171.098999999987427],
              [197803.203, 307164.40500000002794],
              [197791.446999999985565, 307158.663999999989755],
              [197779.954, 307155.141],
              [197772.711000000010245, 307155.69],
              [197760.443999999988591, 307159.728],
              [197740.616, 307179.521],
              [197733.97, 307181.635],
              [197727.200000000011642, 307181.715000000025611],
              [197698.766, 307174.282],
              [197682.089, 307174.51500000001397],
              [197620.613000000012107, 307165.413],
              [197602.997, 307165.066],
              [197601.053000000014435, 307165.028],
              [197590.717, 307167.729],
              [197559.5, 307172.738000000012107],
              [197556.829999999987194, 307172.745],
              [197547.517, 307172.770000000018626],
              [197279.527, 307200.657],
              [197154.88, 307220.827999999979511],
              [197149.562, 307213.878000000026077],
              [197122.443, 307195.824000000022352],
              [197122.418, 307195.806999999971595],
              [197111.113000000012107, 307187.141],
              [197109.413999999989755, 307185.840000000025611],
              [197093.291, 307177.12599999998929],
              [197093.081, 307177.012999999977183],
              [197087.416999999986729, 307172.48599999997532],
              [197076.062, 307166.253000000026077],
              [197067.473999999987427, 307160.674999999988358],
              [197061.37, 307155.903],
              [196999.035, 307215.147],
              [196994.939000000013039, 307210.31],
              [196993.267, 307207.924999999988358],
              [196990.931000000011409, 307209.727000000013504],
              [196982.967, 307215.869],
              [196970.634, 307226.085000000020955],
              [196942.628999999986263, 307247.924999999988358],
              [196918.840999999985797, 307265.457],
              [196901.162000000011176, 307277.257999999972526],
              [196891.392, 307282.628000000026077],
              [196882.098999999987427, 307288.131999999983236],
              [196879.924999999988358, 307288.549],
              [196840.987, 307321.816999999980908],
              [196823.779, 307334.973999999987427],
              [196787.673, 307355.336000000010245],
              [196772.35999999998603, 307357.045999999972992],
              [196765.592, 307351.458999999973457],
              [196756.548, 307347.613000000012107],
              [196744.965, 307346.461000000010245],
              [196729.934, 307342.775000000023283],
              [196729.471, 307342.650000000023283],
              [196729.196999999985565, 307342.576],
              [196725.780999999988126, 307341.658999999985099],
              [196705.997, 307348.762999999977183],
              [196692.253, 307350.145000000018626],
              [196669.837, 307348.842],
              [196661.657, 307348.863000000012107],
              [196648.543, 307346.911000000021886],
              [196640.111, 307347.635],
              [196623.731999999989057, 307343.818000000028405],
              [196610.852000000013504, 307338.913],
              [196605.32, 307338.048],
              [196599.035, 307334.191],
              [196590.831, 307327.036000000021886],
              [196587.513, 307322.645000000018626],
              [196586.016, 307320.666000000026543],
              [196581.997, 307325.118000000016764],
              [196578.476, 307328.042000000015832],
              [196573.038, 307331.954000000027008],
              [196554.99299999998766, 307340.544999999983702],
              [196515.505, 307358.606000000028871],
              [196490.388, 307376.32],
              [196480.584, 307380.454000000027008],
              [196475.826, 307381.732000000018161],
              [196466.113000000012107, 307387.457999999984168],
              [196459.649, 307393.766],
              [196454.029, 307400.777],
              [196448.212, 307413.367000000027474],
              [196436.01500000001397, 307413.539999999979045],
              [196424.159000000014203, 307416.098],
              [196420.549, 307416.87699999997858],
              [196421.00099999998929, 307418.520000000018626],
              [196428.932999999989988, 307447.299999999988358],
              [196431.583000000013271, 307451.984],
              [196433.590999999985797, 307455.533999999985099],
              [196435.378, 307461.325000000011642],
              [196436.421, 307463.585000000020955],
              [196440.288, 307467.978],
              [196440.922, 307469.329000000027008],
              [196441.434, 307471.75],
              [196441.381, 307475.799999999988358],
              [196441.89000000001397, 307477.886],
              [196444.422, 307482.402],
              [196444.897999999986496, 307486.218],
              [196443.935, 307489.805999999982305],
              [196443.723999999987427, 307492.305999999982305],
              [196444.633, 307496.663],
              [196445.869, 307500.767],
              [196446.134, 307501.24800000002142],
              [196446.682999999989988, 307504.685999999986961],
              [196446.913, 307507.164999999979045],
              [196446.954, 307507.609],
              [196446.965999999985797, 307511.826],
              [196447.086000000010245, 307513.63900000002468],
              [196447.628999999986263, 307514.968],
              [196449.75700000001234, 307516.738000000012107],
              [196451.231999999989057, 307517.965000000025611],
              [196450.935999999986961, 307520.701],
              [196450.378, 307525.849999999976717],
              [196449.926, 307530.020000000018626],
              [196453.00099999998929, 307549.218999999982771],
              [196456.371000000013737, 307565.221000000019558],
              [196460.802, 307576.599999999976717],
              [196465.39000000001397, 307593.708999999973457],
              [196471.393000000010943, 307628.173],
              [196476.421, 307655.972],
              [196480.109, 307679.359],
              [196486.066, 307698.079000000027008],
              [196487.454999999987194, 307712.289999999979045],
              [196487.166, 307715.174999999988358],
              [196451.832, 307753.795999999972992],
              [196353.983, 307877.952999999979511],
              [196344.734, 307888.424],
              [196333.848, 307900.913],
              [196328.774, 307904.995999999984633],
              [196323.465, 307909.612000000022817],
              [196319.269999999989523, 307912.338999999978114],
              [196310.778, 307916.147],
              [196302.817000000010012, 307920.783999999985099],
              [196291.022999999986496, 307925.694000000017695],
              [196258.693, 307937.718999999982771],
              [196225.019, 307949.743000000016764],
              [196208.75700000001234, 307956.006],
              [196187.362, 307968.408],
              [196176.842, 307972.271],
              [196164.616, 307976.789999999979045],
              [196149.888, 307980.393999999971129],
              [196134.054, 307986.919999999983702],
              [196123.294, 307991.903999999980442],
              [196106.806000000011409, 307999.291000000026543],
              [196067.519, 308013.64000000001397],
              [196042.449, 308017.25],
              [196019.827, 308021.976000000024214],
              [196008.662000000011176, 308024.136],
              [195984.646, 308027.822999999974854],
              [195974.825000000011642, 308030.571999999985565],
              [195970.616, 308032.212],
              [195945.014, 308042.460000000020955],
              [195918.79, 308049.141],
              [195863.367, 308056.12],
              [195862.866, 308056.215000000025611],
              [195819.722, 308063.058000000019092],
              [195813.106999999989057, 308064.107000000018161],
              [195760.51, 308072.447999999974854],
              [195745.668, 308075.392999999981839],
              [195706.769999999989523, 308083.114],
              [195702.017, 308084.058000000019092],
              [195660.01500000001397, 308096.544999999983702],
              [195634.373, 308104.169],
              [195626.336000000010245, 308106.56],
              [195612.23499999998603, 308110.75199999997858],
              [195611.369, 308110.827999999979511],
              [195552.074, 308116.085000000020955],
              [195482.519, 308113.185999999986961],
              [195481.259, 308120.549],
              [195479.089, 308133.770000000018626],
              [195476.761999999987893, 308150.895000000018626],
              [195475.854, 308155.40500000002794],
              [195472.461000000010245, 308182.635],
              [195470.239, 308198.484],
              [195463.165, 308217.346000000019558],
              [195443.280999999988126, 308205.174],
              [195433.11799999998766, 308203.607000000018161],
              [195401.847, 308191.867000000027474],
              [195394.271, 308193.753000000026077],
              [195394.077, 308193.799999999988358],
              [195369.06, 308198.367000000027474],
              [195368.568, 308198.457],
              [195351.443999999988591, 308203.085000000020955],
              [195350.961000000010245, 308203.216000000014901],
              [195346.428000000014435, 308204.37699999997858],
              [195318.237, 308193.207],
              [195317.586000000010245, 308192.949000000022352],
              [195273.731999999989057, 308175.586000000010245],
              [195273.062, 308175.256],
              [195260.536, 308165.447999999974854],
              [195256.76, 308162.46999999997206],
              [195256.492, 308162.245],
              [195249.772999999986496, 308156.62599999998929],
              [195249.155, 308156.109],
              [195237.979, 308145.538999999989755],
              [195234.715999999985797, 308143.191],
              [195231.778, 308141.077999999979511],
              [195230.719000000011874, 308140.316],
              [195229.18, 308139.208999999973457],
              [195196.214, 308113.771],
              [195153.182, 308078.728],
              [195090.37, 308027.5],
              [195079.897, 308018.835000000020955],
              [195073.348, 308017.740999999979977],
              [195069.858, 308016.941],
              [195064.272999999986496, 308014.51],
              [195048.134, 308006.846000000019558],
              [195040.513, 308003.118000000016764],
              [195031.037000000011176, 307998.175999999977648],
              [195026.055, 307994.706],
              [195023.778, 307992.520000000018626],
              [195021.217, 307980.696999999985565],
              [195010.693999999988591, 307987.965000000025611],
              [195007.098999999987427, 307989.018999999971129],
              [195003.264, 307989.186999999976251],
              [194999.642, 307988.903999999980442],
              [194995.079, 307988.506],
              [194979.184, 307975.212],
              [194977.14000000001397, 307971.369],
              [194971.236, 307959.837],
              [194968.481999999989057, 307956.098],
              [194965.578, 307953.835000000020955],
              [194954.585, 307951.158],
              [194947.424, 307948.088999999978114],
              [194943.277, 307946.119],
              [194939.231999999989057, 307946.961000000010245],
              [194935.488000000012107, 307949.492000000027474],
              [194932.693999999988591, 307952.585000000020955],
              [194929.246000000013737, 307954.261999999987893],
              [194922.343, 307955.072999999974854],
              [194920.065, 307956.93],
              [194918.105000000010477, 307958.851000000024214],
              [194915.831, 307961.728],
              [194912.215999999985797, 307966.968999999982771],
              [194909.693, 307969.587],
              [194907.731999999989057, 307971.40500000002794],
              [194900.828, 307975.292000000015832],
              [194892.082, 307980.612000000022817],
              [194886.22, 307984.166000000026543],
              [194880.096, 307989.313000000023749],
              [194876.737, 307990.775000000023283],
              [194873.030999999988126, 307991.598999999987427],
              [194860.62400000001071, 307990.569000000017695],
              [194855.346, 307990.308000000019092],
              [194847.154, 307990.286000000021886],
              [194841.75700000001234, 307993.634000000020023],
              [194832.837999999988824, 307998.080000000016298],
              [194822.745, 307994.641],
              [194819.027, 307989.131999999983236],
              [194815.871000000013737, 307987.949000000022352],
              [194812.323, 307988.022],
              [194803.628, 307988.734],
              [194797.21, 307989.081],
              [194792.36799999998766, 307988.353],
              [194771.449, 307979.648999999975786],
              [194757.293, 307973.679],
              [194745.465999999985797, 307971.717],
              [194740.196999999985565, 307971.07],
              [194734.663999999989755, 307969.169999999983702],
              [194724.346, 307967.452999999979511],
              [194723.098, 307967.245],
              [194696.543, 307948.457],
              [194688.691, 307945.608],
              [194685.568999999988591, 307944.032],
              [194672.878999999986263, 307943.666000000026543],
              [194669.598999999987427, 307941.727000000013504],
              [194668.714, 307941.047000000020489],
              [194660.859, 307934.327999999979511],
              [194657.72, 307933.718],
              [194654.459, 307935.832],
              [194651.049, 307939.240999999979977],
              [194647.902, 307940.766],
              [194638.826, 307941.950000000011642],
              [194636.935999999986961, 307942.196999999985565],
              [194632.272999999986496, 307942.104999999981374],
              [194626.052, 307940.590000000025611],
              [194620.903, 307937.756999999983236],
              [194616.678000000014435, 307935.712],
              [194611.244, 307934.555999999982305],
              [194598.704, 307934.663],
              [194594.761, 307933.99800000002142],
              [194591.557, 307932.15500000002794],
              [194586.422, 307928.205000000016298],
              [194581.50099999998929, 307921.967],
              [194580.541999999986729, 307920.75099999998929],
              [194578.579999999987194, 307918.305999999982305],
              [194578.412000000011176, 307918.097],
              [194574.948, 307915.49],
              [194571.381, 307913.188000000023749],
              [194568.321, 307911.218999999982771],
              [194558.784000000014203, 307909.802000000025146],
              [194548.975, 307907.840000000025611],
              [194535.384, 307917.74],
              [194530.358, 307921.637999999977183],
              [194530.247, 307921.723999999987427],
              [194527.439000000013039, 307923.63],
              [194523.101, 307923.592],
              [194520.003, 307922.507999999972526],
              [194512.06, 307919.729999999981374],
              [194510.342, 307917.936999999976251],
              [194500.779, 307907.954000000027008],
              [194499.278, 307908.261999999987893],
              [194491.923, 307909.770000000018626],
              [194487.863000000012107, 307910.580000000016298],
              [194482.828, 307909.12599999998929],
              [194472.76, 307912.984],
              [194468.334, 307913.538],
              [194465.567000000010012, 307914.055],
              [194462.272999999986496, 307911.804],
              [194460.696, 307909.971000000019558],
              [194443.277, 307888.07],
              [194437.168, 307879.409999999974389],
              [194426.855000000010477, 307866.224999999976717],
              [194413.275, 307851.370999999984633],
              [194411.934, 307842.663999999989755],
              [194410.032, 307837.451],
              [194406.777, 307828.935],
              [194405.703, 307827.923],
              [194388.818, 307812.016],
              [194384.994, 307809.107000000018161],
              [194382.443, 307806.805999999982305],
              [194374.128, 307801.26500000001397],
              [194363.402, 307799.88],
              [194359.827, 307800.74],
              [194358.052, 307800.517999999981839],
              [194355.26, 307798.965000000025611],
              [194350.431000000011409, 307796.278999999980442],
              [194340.832, 307788.382999999972526],
              [194331.969000000011874, 307781.093],
              [194316.225, 307770.479999999981374],
              [194310.986, 307764.827],
              [194308.269999999989523, 307763.136],
              [194296.712, 307757.955000000016298],
              [194284.193999999988591, 307766.681999999971595],
              [194271.178000000014435, 307754.102000000013504],
              [194265.621000000013737, 307749.12599999998929],
              [194261.25700000001234, 307745.218999999982771],
              [194250.384, 307746.87400000001071],
              [194242.187, 307748.987000000022817],
              [194228.897, 307751.818000000028405],
              [194224.727000000013504, 307751.13900000002468],
              [194222.670000000012806, 307749.61099999997532],
              [194221.49, 307745.945],
              [194219.928000000014435, 307740.713999999978114],
              [194217.57, 307738.788],
              [194211.672, 307736.884000000020023],
              [194204.923, 307735.047000000020489],
              [194200.76500000001397, 307735.409999999974389],
              [194196.221, 307737.417000000015832],
              [194188.958000000013271, 307734.744],
              [194179.546, 307732.234],
              [194175.972, 307728.631],
              [194171.356, 307728.403],
              [194165.468, 307725.038],
              [194158.941, 307721.87599999998929],
              [194154.090999999985797, 307721.205000000016298],
              [194150.526000000012573, 307718.816999999980908],
              [194147.730000000010477, 307716.045999999972992],
              [194146.396, 307711.080000000016298],
              [194144.481999999989057, 307709.76400000002468],
              [194129.041999999986729, 307709.533],
              [194126.712, 307707.643999999971129],
              [194121.351, 307700.01400000002468],
              [194118.284000000014203, 307702.762999999977183],
              [194114.995, 307704.365],
              [194112.584, 307704.891],
              [194108.758, 307704.788],
              [194108.111, 307704.685],
              [194098.991, 307703.234],
              [194097.366, 307700.234],
              [194095.394, 307696.593],
              [194090.957, 307697.909999999974389],
              [194090.079, 307697.667000000015832],
              [194063.084, 307690.185999999986961],
              [194043.402, 307684.732000000018161],
              [194033.388, 307690.903999999980442],
              [194021.473999999987427, 307688.742000000027474],
              [194012.185, 307690.625],
              [194013.113000000012107, 307696.26500000001397],
              [194006.407, 307695.824000000022352],
              [193994.279, 307690.656000000017229],
              [193986.856, 307692.381999999983236],
              [193980.472, 307690.462],
              [193973.49900000001071, 307691.068000000028405],
              [193969.655, 307692.585000000020955],
              [193959.246000000013737, 307696.693000000028405],
              [193954.956, 307696.881],
              [193952.06, 307697.007999999972526],
              [193943.202, 307698.232000000018161],
              [193942.639, 307698.507999999972526],
              [193940.723999999987427, 307699.446999999985565],
              [193940.188, 307699.710000000020955],
              [193939.361, 307700.115999999979977],
              [193938.097, 307700.73599999997532],
              [193936.547, 307701.091000000014901],
              [193936.28, 307700.917000000015832],
              [193933.579999999987194, 307699.153999999980442],
              [193811.915, 307619.71999999997206],
              [193807.99900000001071, 307617.163999999989755],
              [193749.991, 307579.292000000015832],
              [193749.59, 307579.03000000002794],
              [193745.467, 307576.342],
              [193744.304, 307575.583999999973457],
              [193743.935999999986961, 307575.217],
              [193741.587999999988824, 307572.881],
              [193739.967, 307571.267],
              [193738.246000000013737, 307576.114],
              [193725.613000000012107, 307584.413999999989755],
              [193710.442000000010012, 307592.49],
              [193709.035, 307589.808000000019092],
              [193707.4, 307586.69],
              [193706.264, 307584.517999999981839],
              [193697.553000000014435, 307577.968],
              [193683.411, 307571.853],
              [193664.74299999998766, 307568.321],
              [193658.386, 307568.483],
              [193647.337, 307566.077999999979511],
              [193635.404, 307562.988000000012107],
              [193626.079999999987194, 307561.414999999979045],
              [193625.518000000010943, 307561.32],
              [193621.981999999989057, 307560.723],
              [193608.992, 307561.400000000023283],
              [193595.88200000001234, 307557.055],
              [193581.577, 307556.653999999980442],
              [193565.462999999988824, 307557.398999999975786],
              [193557.443, 307556.539999999979045],
              [193551.222, 307555.647999999986496],
              [193544.595, 307554.365],
              [193538.556000000011409, 307550.217],
              [193529.196999999985565, 307543.788999999989755],
              [193509.381, 307546.221000000019558],
              [193485.723, 307549.125],
              [193485.011, 307549.212],
              [193475.299, 307551.179],
              [193470.91, 307550.98599999997532],
              [193458.375, 307553.967],
              [193450.261, 307555.773999999975786],
              [193442.689000000013039, 307557.461000000010245],
              [193435.986, 307559.908],
              [193426.946999999985565, 307565.136999999987893],
              [193423.483, 307567.141],
              [193404.343, 307575.34499999997206],
              [193403.492, 307575.867000000027474],
              [193394.317000000010012, 307581.49800000002142],
              [193390.99900000001071, 307583.201],
              [193387.942000000010012, 307584.770000000018626],
              [193387.462999999988824, 307585.016],
              [193382.171, 307585.896],
              [193379.241, 307585.918],
              [193373.446, 307582.695],
              [193370.021, 307579.761999999987893],
              [193350.484, 307567.26],
              [193349.75, 307566.789999999979045],
              [193340.699, 307560.900000000023283],
              [193334.266, 307555.231000000028871],
              [193329.832, 307549.830000000016298],
              [193319.905, 307534.316999999980908],
              [193313.659000000014203, 307527.908999999985099],
              [193300.323, 307510.924999999988358],
              [193281.087, 307495.979999999981374],
              [193272.182, 307489.276000000012573],
              [193271.441, 307488.759000000020023],
              [193267.275, 307485.856000000028871],
              [193262.147, 307478.381],
              [193258.82, 307475.174999999988358],
              [193250.688, 307468.593999999982771],
              [193241.449, 307459.527],
              [193212.017, 307428.909999999974389],
              [193183.915, 307401.646],
              [193167.522, 307387.267999999981839],
              [193156.839, 307375.722],
              [193141.480000000010477, 307360.647999999986496],
              [193106.631, 307328.044],
              [193068.236, 307291.169],
              [193064.309, 307287.446],
              [193063.613000000012107, 307286.786000000021886],
              [193049.557999999989988, 307273.460000000020955],
              [193026.75700000001234, 307252.603],
              [193016.282, 307243.021],
              [192906.517, 307142.614],
              [192826.62, 307069.528999999980442],
              [192776.263, 307023.466000000014901],
              [192775.595, 307022.798],
              [192775.454, 307022.670999999972992],
              [192772.478, 307019.992000000027474],
              [192772.25, 307019.787000000011176],
              [192708.034000000014203, 306961.981000000028871],
              [192707.22, 306961.24900000001071],
              [192705.377, 306959.591000000014901],
              [192690.764, 306967.120999999984633],
              [192684.35, 306968.843],
              [192664.615, 306974.142],
              [192646.567000000010012, 306974.504000000015367],
              [192645.99299999998766, 306974.51500000001397],
              [192635.191, 306974.696],
              [192606.182, 306966.009000000020023],
              [192541.291999999986729, 306940.368000000016764],
              [192507.215999999985797, 306920.048],
              [192485.856999999989057, 306909.686999999976251],
              [192397.055, 306877.168],
              [192378.062, 306867.278999999980442],
              [192337.026000000012573, 306856.01],
              [192309.014, 306851.427000000025146],
              [192263.753999999986263, 306846.906000000017229],
              [192256.661, 306846.197999999974854],
              [192256.435, 306850.075000000011642],
              [192256.420000000012806, 306850.330000000016298],
              [192256.284000000014203, 306852.656000000017229],
              [192255.916999999986729, 306858.944000000017695],
              [192253.816, 306885.193000000028405],
              [192245.741, 306937.965000000025611],
              [192240.892, 306982.705000000016298],
              [192237.11799999998766, 307014.463999999978114],
              [192236.590999999985797, 307033.452999999979511],
              [192239.383, 307046.221000000019558],
              [192239.389, 307046.25],
              [192242.209, 307059.150000000023283],
              [192243.84, 307063.483],
              [192245.195, 307077.212],
              [192247.756, 307090.088999999978114],
              [192256.397999999986496, 307129.996999999973923],
              [192260.742, 307188.545999999972992],
              [192263.85, 307197.451],
              [192270.356999999989057, 307245.479999999981374],
              [192269.941, 307270.496999999973923],
              [192273.521, 307289.772],
              [192275.128999999986263, 307309.818000000028405],
              [192274.522999999986496, 307328.635],
              [192274.46, 307330.581],
              [192273.843, 307330.38],
              [192239.655999999988126, 307319.257999999972526],
              [192238.498, 307318.881],
              [192176.559, 307286.202],
              [192175.834, 307285.82],
              [192173.776000000012573, 307293.414999999979045],
              [192160.192000000010012, 307343.538999999989755],
              [192158.204999999987194, 307349.726000000024214],
              [192156.79, 307355.137999999977183],
              [192150.495, 307378.368000000016764],
              [192147.945, 307386.058000000019092],
              [192146.294, 307392.446999999985565],
              [192146.25700000001234, 307392.590000000025611],
              [192145.712999999988824, 307394.234],
              [192144.041, 307399.288999999989755],
              [192144.432, 307403.023999999975786],
              [192147.948, 307408.783],
              [192151.807999999989988, 307428.75099999998929],
              [192155.405, 307441.677000000025146],
              [192155.141, 307444.041000000026543],
              [192140.843, 307443.784999999974389],
              [192127.478, 307444.449000000022352],
              [192127.37, 307444.454000000027008],
              [192114.871000000013737, 307445.075000000011642],
              [192105.753999999986263, 307441.837999999988824],
              [192102.49900000001071, 307441.598],
              [192098.239, 307441.31],
              [192091.634, 307438.62],
              [192073.571, 307435.393999999971129],
              [192069.373, 307433.452999999979511],
              [192062.459, 307428.968999999982771],
              [192061.972, 307428.667000000015832],
              [192054.280999999988126, 307423.892999999981839],
              [192051.932, 307422.435],
              [192050.483, 307421.536000000021886],
              [192044.772, 307418.521],
              [192042.996000000013737, 307417.582999999984168],
              [192036.092, 307413.205000000016298],
              [192013.851, 307401.745999999984633],
              [191991.204, 307387.365],
              [191984.739, 307384.962999999988824],
              [191958.997, 307385.37300000002142],
              [191947.136, 307385.871999999973923],
              [191940.411, 307384.601000000024214],
              [191928.509, 307371.023999999975786],
              [191923.392, 307366.816999999980908],
              [191910.046, 307353.303000000014435],
              [191898.61799999998766, 307341.118000000016764],
              [191892.434, 307336.0],
              [191872.438, 307316.559],
              [191861.026000000012573, 307306.636],
              [191857.50099999998929, 307302.950000000011642],
              [191854.934, 307299.574000000022352],
              [191846.541999999986729, 307292.14000000001397],
              [191825.12599999998929, 307271.577],
              [191811.658, 307290.039999999979045],
              [191801.172, 307301.962],
              [191794.50099999998929, 307312.348],
              [191789.889, 307330.222],
              [191789.864, 307334.87],
              [191779.700000000011642, 307380.346000000019558],
              [191778.64000000001397, 307389.504000000015367],
              [191775.526000000012573, 307401.229999999981374],
              [191773.39000000001397, 307411.814000000013039],
              [191769.060999999986961, 307428.409999999974389],
              [191767.977000000013504, 307435.521],
              [191767.617, 307435.229],
              [191687.388, 307370.295999999972992],
              [191681.726, 307375.385],
              [191676.677, 307378.628000000026077],
              [191667.060999999986961, 307384.941999999980908],
              [191660.193, 307389.037000000011176],
              [191651.454999999987194, 307393.897],
              [191640.635, 307402.283],
              [191625.730000000010477, 307410.678000000014435],
              [191611.461000000010245, 307413.25099999998929],
              [191600.799999999988358, 307412.772],
              [191600.50099999998929, 307412.759000000020023],
              [191599.87599999998929, 307412.538],
              [191582.962999999988824, 307406.563000000023749],
              [191570.87599999998929, 307397.326],
              [191544.226, 307383.319000000017695],
              [191542.803000000014435, 307383.381],
              [191537.658, 307383.604999999981374],
              [191530.78, 307381.302000000025146],
              [191510.586000000010245, 307368.397999999986496],
              [191511.161, 307362.427000000025146],
              [191486.972, 307340.438000000023749],
              [191482.867, 307323.174],
              [191457.006, 307290.368000000016764],
              [191430.421, 307263.109],
              [191422.598999999987427, 307244.809],
              [191413.337, 307228.041000000026543],
              [191401.795000000012806, 307212.168],
              [191439.323, 307184.756],
              [191438.755, 307183.814000000013039],
              [191392.113000000012107, 307106.474999999976717],
              [191364.94, 307057.087999999988824],
              [191345.29, 307021.754000000015367],
              [191340.152, 307013.142999999981839],
              [191336.356, 307004.538999999989755],
              [191306.532, 306954.364],
              [191289.454, 306957.478],
              [191263.62599999998929, 306964.496999999973923],
              [191247.695, 306973.531000000017229],
              [191238.843, 306978.838999999978114],
              [191229.721, 306984.059],
              [191215.943999999988591, 306993.48599999997532],
              [191197.359, 307006.202],
              [191184.287000000011176, 307016.162000000011176],
              [191162.403, 307028.336000000010245],
              [191133.195, 307048.352000000013504],
              [191126.479, 307051.689000000013039],
              [191110.057, 307057.912000000011176],
              [191094.50700000001234, 307062.717],
              [191079.807, 307064.674999999988358],
              [191073.182999999989988, 307067.543],
              [191072.704, 307067.75],
              [191068.079, 307069.75199999997858],
              [191041.37599999998929, 307081.310999999986961],
              [191017.696, 307094.080000000016298],
              [190994.635, 307116.231000000028871],
              [190966.621000000013737, 307146.233],
              [190940.277, 307190.423],
              [190940.06, 307190.642999999981839],
              [190932.87599999998929, 307197.939000000013039],
              [190926.084, 307204.789999999979045],
              [190918.563, 307211.479999999981374],
              [190881.396, 307237.579000000027008],
              [190876.267, 307241.18],
              [190875.37400000001071, 307241.806999999971595],
              [190874.642, 307242.321],
              [190870.551, 307245.193000000028405],
              [190861.351, 307251.653999999980442],
              [190797.962, 307293.924999999988358],
              [190717.147, 307333.232000000018161],
              [190698.196999999985565, 307340.835000000020955],
              [190673.503, 307346.992000000027474],
              [190655.672, 307354.292000000015832],
              [190631.76, 307374.49],
              [190619.44, 307382.89000000001397],
              [190589.09, 307402.19],
              [190548.329999999987194, 307428.49],
              [190539.420000000012806, 307433.270000000018626],
              [190528.21, 307440.229999999981374],
              [190517.54, 307450.18],
              [190500.75, 307463.82],
              [190485.975, 307473.946],
              [190485.24, 307474.450000000011642],
              [190485.153, 307474.522],
              [190476.01, 307482.210000000020955],
              [190466.53, 307492.71999999997206],
              [190463.51, 307496.68],
              [190445.473, 307547.50199999997858],
              [190428.479, 307595.386],
              [190427.920000000012806, 307596.960000000020955],
              [190424.88, 307623.71999999997206],
              [190423.769999999989523, 307632.169999999983702],
              [190430.62, 307677.049999999988358],
              [190456.420000000012806, 307766.28000000002794],
              [190494.269999999989523, 307920.039999999979045],
              [190491.53, 307979.03000000002794],
              [190488.79, 308127.340000000025611],
              [190479.47, 308193.06],
              [190471.268000000010943, 308255.357000000018161],
              [190471.06, 308256.94],
              [190459.329999999987194, 308322.289999999979045],
              [190456.950000000011642, 308347.62],
              [190452.81, 308374.78000000002794],
              [190448.76, 308393.56],
              [190432.14000000001397, 308487.039999999979045],
              [190431.769999999989523, 308501.37],
              [190429.450000000011642, 308516.89000000001397],
              [190413.85999999998603, 308552.35999999998603],
              [190401.57, 308586.099999999976717],
              [190396.85999999998603, 308591.25],
              [190396.09, 308602.159999999974389],
              [190382.87, 308644.419999999983702],
              [190379.0, 308654.340000000025611],
              [190370.37, 308673.159999999974389],
              [190347.69, 308711.789999999979045],
              [190334.43, 308742.75],
              [190312.980000000010477, 308781.78000000002794],
              [190280.299999999988358, 308866.21999999997206],
              [190268.72, 308890.770000000018626],
              [190256.64000000001397, 308926.539999999979045],
              [190237.54, 308992.539999999979045],
              [190222.87, 309033.57],
              [190052.522, 308913.207999999984168],
              [189944.875, 308837.156000000017229],
              [189944.687, 308837.031000000017229],
              [189938.171, 308832.375],
              [189863.563, 308779.407],
              [189724.764, 308680.868000000016764],
              [189506.093, 308525.625],
              [189503.218, 308523.561999999976251],
              [189420.859, 308492.468],
              [189343.062, 308488.561999999976251],
              [189283.51500000001397, 308491.061999999976251],
              [189278.828, 308489.5],
              [189235.655999999988126, 308474.875],
              [189234.296, 308470.0],
              [189119.546, 308439.5],
              [189062.530999999988126, 308456.811999999976251],
              [189035.26500000001397, 308455.936999999976251],
              [189033.538999999989755, 308455.509000000020023],
              [189033.125, 308455.406000000017229],
              [189028.921, 308454.343],
              [188991.125, 308444.781000000017229],
              [188983.01500000001397, 308438.25],
              [188948.405999999988126, 308418.781000000017229],
              [188924.562, 308405.311999999976251],
              [188908.748, 308404.46999999997206],
              [188906.587, 308404.354999999981374],
              [188906.318999999988591, 308404.340000000025611],
              [188900.484, 308404.031000000017229],
              [188857.296, 308394.156000000017229],
              [188833.453, 308383.156000000017229],
              [188801.75, 308370.781000000017229],
              [188800.093, 308369.662000000011176],
              [188779.258, 308355.582999999984168],
              [188755.593, 308339.593],
              [188732.498, 308322.142999999981839],
              [188705.093, 308301.436999999976251],
              [188691.734, 308299.031000000017229],
              [188603.484, 308283.156000000017229],
              [188580.5, 308267.906000000017229],
              [188545.859, 308228.156000000017229],
              [188518.009, 308203.895000000018626],
              [188515.187, 308201.436999999976251],
              [188398.335, 308125.256999999983236],
              [188382.937, 308115.218],
              [188361.187, 308098.281000000017229],
              [188359.51500000001397, 308096.968],
              [188357.437, 308094.811999999976251],
              [188308.953, 308044.093],
              [188230.593, 307977.125],
              [188212.0, 307959.906000000017229],
              [188185.428000000014435, 307933.773999999975786],
              [188162.869, 307911.588999999978114],
              [188142.423, 307891.482000000018161],
              [188010.187, 307761.436999999976251],
              [187937.859, 307688.5],
              [187919.046, 307673.686999999976251],
              [187909.29, 307668.983],
              [187902.453, 307665.686999999976251],
              [187888.812, 307656.311999999976251],
              [187867.405999999988126, 307633.718],
              [187820.703, 307578.125],
              [187813.905999999988126, 307569.061999999976251],
              [187793.155999999988126, 307536.531000000017229],
              [187784.593, 307517.781000000017229],
              [187601.53, 307182.938000000023749],
              [187600.39000000001397, 307180.852000000013504],
              [187588.562, 307159.218],
              [187588.421, 307158.968],
              [187585.093, 307152.875],
              [187538.296, 307320.281000000017229],
              [187533.26500000001397, 307340.436999999976251],
              [187528.921, 307360.718],
              [187526.062, 307377.061999999976251],
              [187523.155999999988126, 307397.686999999976251],
              [187521.375, 307414.186999999976251],
              [187519.968, 307434.125],
              [187515.01500000001397, 307568.593],
              [187513.75, 307589.311999999976251],
              [187511.655999999988126, 307609.936999999976251],
              [187509.296, 307626.375],
              [187505.26500000001397, 307646.811999999976251],
              [187499.421, 307670.093],
              [187465.796, 307790.781000000017229],
              [187458.953, 307813.343],
              [187450.405999999988126, 307840.875],
              [187444.905999999988126, 307857.906000000017229],
              [187438.155999999988126, 307880.406000000017229],
              [187401.562, 308011.561999999976251],
              [187395.296, 308034.186999999976251],
              [187388.718, 308058.436999999976251],
              [187384.89000000001397, 308072.811999999976251],
              [187381.359, 308086.625],
              [187378.01500000001397, 308100.031000000017229],
              [187374.421, 308115.311999999976251],
              [187371.25, 308129.5],
              [187367.905999999988126, 308145.593],
              [187364.843, 308161.343],
              [187360.312, 308186.156000000017229],
              [187356.14000000001397, 308211.031000000017229],
              [187342.593, 308294.625],
              [187339.75, 308311.281000000017229],
              [187336.984, 308327.5],
              [187333.093, 308348.656000000017229],
              [187329.437, 308367.343],
              [187326.203, 308383.436999999976251],
              [187322.796, 308399.311999999976251],
              [187318.76500000001397, 308417.281000000017229],
              [187302.780999999988126, 308482.031000000017229],
              [187292.5, 308477.843],
              [187259.234, 308464.281000000017229],
              [187225.953, 308449.561999999976251],
              [187189.875, 308433.343],
              [187175.26500000001397, 308426.0],
              [187131.859, 308407.0],
              [187067.203, 308381.375],
              [187009.843, 308358.311999999976251],
              [186990.734, 308350.311999999976251],
              [186947.405999999988126, 308331.186999999976251],
              [186917.671, 308317.25],
              [186904.812, 308311.0],
              [186891.937, 308303.718],
              [186878.5, 308295.656000000017229],
              [186848.843, 308275.718],
              [186832.796, 308264.531000000017229],
              [186817.421, 308253.531000000017229],
              [186787.155999999988126, 308230.186999999976251],
              [186728.5, 308176.781000000017229],
              [186713.453, 308167.093],
              [186697.796, 308156.061999999976251],
              [186681.296, 308142.436999999976251],
              [186657.875, 308119.718],
              [186632.875, 308093.186999999976251],
              [186607.030999999988126, 308067.311999999976251],
              [186579.14000000001397, 308040.406000000017229],
              [186552.26500000001397, 308015.686999999976251],
              [186526.062, 307992.311999999976251],
              [186515.51500000001397, 307982.656000000017229],
              [186508.546, 307976.468],
              [186497.718, 307966.875],
              [186485.093, 307954.718],
              [186471.562, 307941.0],
              [186457.421, 307925.843],
              [186446.234, 307912.875],
              [186432.859, 307896.218],
              [186422.312, 307881.031000000017229],
              [186410.905999999988126, 307864.061999999976251],
              [186375.875, 307805.811999999976251],
              [186371.546, 307799.436999999976251],
              [186325.625, 307751.375],
              [186318.234, 307742.343],
              [186310.89000000001397, 307726.125],
              [186300.01500000001397, 307718.061999999976251],
              [186294.218, 307715.781000000017229],
              [186247.171, 307718.156000000017229],
              [186232.359, 307721.0],
              [186160.937, 307733.218],
              [186056.405999999988126, 307749.968],
              [186002.984, 307757.906000000017229],
              [185991.76500000001397, 307758.843],
              [185989.062, 307758.968],
              [185916.921, 307758.061999999976251],
              [185872.546, 307760.375],
              [185851.437, 307759.906000000017229],
              [185791.578, 307751.406000000017229],
              [185731.875, 307744.093],
              [185712.280999999988126, 307740.875],
              [185690.093, 307735.936999999976251],
              [185672.593, 307730.843],
              [185652.155999999988126, 307723.718],
              [185613.703, 307708.375],
              [185582.828, 307694.593],
              [185547.468, 307675.343],
              [185530.234, 307665.093],
              [185513.468, 307653.875],
              [185464.234, 307618.125],
              [185387.421, 307565.625],
              [185323.234, 307526.5],
              [185254.593, 307489.718],
              [185234.359, 307479.5],
              [185199.625, 307463.718],
              [185168.01500000001397, 307451.093],
              [185148.328, 307444.625],
              [185133.171, 307441.781000000017229],
              [185085.625, 307435.718],
              [185049.968, 307430.436999999976251],
              [185019.343, 307426.936999999976251],
              [184992.671, 307425.593],
              [184952.359, 307424.218],
              [184892.796, 307419.936999999976251],
              [184856.030999999988126, 307416.561999999976251],
              [184819.76500000001397, 307412.5],
              [184795.968, 307412.031000000017229],
              [184782.718, 307412.468],
              [184751.405999999988126, 307416.186999999976251],
              [184674.093, 307428.718],
              [184668.828, 307429.75],
              [184658.984, 307433.593],
              [184654.01500000001397, 307436.843],
              [184648.155999999988126, 307443.125],
              [184650.062, 307444.781000000017229],
              [184642.188, 307456.879000000015367],
              [184582.726, 307548.237000000022817],
              [184500.86799999998766, 307674.003000000026077],
              [184498.049999999988358, 307678.332],
              [184488.861, 307692.450000000011642],
              [184486.46, 307696.13900000002468],
              [184414.671, 307806.436999999976251],
              [184411.468, 307811.375],
              [184409.062, 307815.061999999976251],
              [184289.196, 307998.658],
              [184288.75, 307999.341000000014901],
              [184286.927, 308002.132999999972526],
              [184286.185999999986961, 308003.267999999981839],
              [184260.378, 308042.798],
              [184245.723, 308065.244],
              [184239.896, 308074.169],
              [184235.639, 308080.69],
              [184224.653, 308097.516],
              [184220.915, 308103.242000000027474],
              [184219.079999999987194, 308106.053000000014435],
              [184203.617, 308129.737000000022817],
              [184198.044, 308138.273999999975786],
              [184138.343, 308229.718],
              [184138.296, 308229.781000000017229],
              [184137.159000000014203, 308231.553000000014435],
              [184133.0, 308238.031000000017229],
              [184024.718, 308406.436999999976251],
              [184020.328, 308413.281000000017229],
              [183959.14000000001397, 308508.472],
              [183874.584, 308640.01500000001397],
              [183873.809, 308641.21999999997206],
              [183871.12, 308645.403999999980442],
              [183836.247, 308699.656000000017229],
              [183827.121000000013737, 308713.853],
              [183806.771, 308745.511],
              [183806.467, 308745.98499999998603],
              [183762.828, 308813.875],
              [183761.434, 308816.042000000015832],
              [183755.109, 308825.875],
              [183754.375, 308827.031000000017229],
              [183730.57, 308863.814000000013039],
              [183680.64000000001397, 308940.968],
              [183645.359, 308995.468],
              [183643.953, 308997.593],
              [183567.296, 308949.875],
              [183543.187, 308934.281000000017229],
              [183519.625, 308918.25],
              [183426.828, 308850.906000000017229],
              [183398.875, 308829.875],
              [183381.296, 308815.875],
              [183347.046, 308787.186999999976251],
              [183323.203, 308768.843],
              [183314.859, 308763.125],
              [183297.359, 308752.531000000017229],
              [183271.437, 308738.531000000017229],
              [183244.76500000001397, 308725.406000000017229],
              [183235.405999999988126, 308721.375],
              [183216.030999999988126, 308714.311999999976251],
              [183168.125, 308701.061999999976251],
              [183139.51500000001397, 308692.875],
              [183082.484, 308675.093],
              [183056.546, 308666.0],
              [183030.687, 308657.156000000017229],
              [183029.269999999989523, 308660.674],
              [183028.812, 308661.811999999976251],
              [182843.437, 309128.218],
              [182805.546, 309120.468],
              [182770.093, 309235.686999999976251],
              [182757.875, 309268.906000000017229],
              [182743.687, 309298.093],
              [182737.687, 309314.968],
              [182732.984, 309342.061999999976251],
              [182728.437, 309366.843],
              [182725.397, 309372.712],
              [182710.046, 309402.343],
              [182701.984, 309435.031000000017229],
              [182697.551, 309437.882999999972526],
              [182694.796, 309439.656000000017229],
              [182688.644, 309449.658999999985099],
              [182686.359, 309453.375],
              [182663.51500000001397, 309581.531000000017229],
              [182660.862, 309597.636],
              [182651.203, 309656.281000000017229],
              [182635.5, 309737.593],
              [182620.062, 309817.061999999976251],
              [182615.615, 309836.136],
              [182572.593, 310020.656000000017229],
              [182538.989, 310120.153999999980442],
              [182534.951, 310132.107000000018161],
              [182533.275, 310137.069000000017695],
              [182531.907, 310141.12],
              [182510.214, 310205.353],
              [182467.578, 310331.593],
              [182498.546, 310403.031000000017229],
              [182517.905999999988126, 310410.656000000017229],
              [182463.437, 310416.936999999976251],
              [182250.296, 310441.468],
              [182225.062, 310429.875],
              [182210.187, 310424.531000000017229],
              [182194.905999999988126, 310420.375],
              [182179.312, 310417.686999999976251],
              [182163.796, 310415.531000000017229],
              [182121.546, 310411.718],
              [182028.437, 310404.906000000017229],
              [181982.312, 310400.156000000017229],
              [181939.109, 310393.25],
              [181932.019999999989523, 310392.674999999988358],
              [181930.022, 310392.512999999977183],
              [181910.609, 310390.936999999976251],
              [181896.843, 310389.531000000017229],
              [181882.343, 310387.218],
              [181797.655999999988126, 310372.718],
              [181724.01500000001397, 310363.936999999976251],
              [181703.109, 310360.811999999976251],
              [181659.939000000013039, 310309.944000000017695],
              [181626.536, 310270.586000000010245],
              [181582.821, 310219.076],
              [181541.912000000011176, 310170.87300000002142],
              [181506.721, 310129.408],
              [181480.840999999985797, 310098.913],
              [181480.581, 310098.607000000018161],
              [181458.738000000012107, 310072.869],
              [181457.221, 310071.081],
              [181438.817000000010012, 310049.396],
              [181437.272, 310047.576],
              [181397.385, 310000.577],
              [181394.642, 309997.34499999997206],
              [181353.984, 309949.436999999976251],
              [181305.812, 309911.924999999988358],
              [181302.655999999988126, 309909.468],
              [181265.046, 309848.0],
              [181212.953, 309874.875],
              [181192.51500000001397, 309848.718],
              [181189.030999999988126, 309844.281000000017229],
              [181181.030999999988126, 309818.343],
              [181172.968, 309799.0],
              [181161.76500000001397, 309775.75],
              [181145.875, 309748.875],
              [181129.703, 309722.686999999976251],
              [181047.546, 309599.843],
              [181030.718, 309574.156000000017229],
              [181013.812, 309548.625],
              [181004.734, 309533.875],
              [180999.609, 309519.843],
              [180995.871000000013737, 309520.543],
              [180937.26, 309531.56],
              [180913.56, 309538.35999999998603],
              [180901.772999999986496, 309524.075000000011642],
              [180896.659000000014203, 309517.87599999998929],
              [180880.676, 309498.505],
              [180838.886, 309447.856000000028871],
              [180838.079999999987194, 309446.88],
              [180836.022999999986496, 309444.163999999989755],
              [180758.43, 309341.68],
              [180724.700000000011642, 309369.479999999981374],
              [180674.730000000010477, 309274.770000000018626],
              [180631.450000000011642, 309214.840000000025611],
              [180630.181000000011409, 309213.156000000017229],
              [180619.375, 309198.811999999976251],
              [180595.953, 309171.686999999976251],
              [180569.787000000011176, 309157.766],
              [180562.462999999988824, 309153.869],
              [180550.843, 309147.686999999976251],
              [180547.81, 309146.151000000012573],
              [180541.343, 309142.875],
              [180511.587999999988824, 309127.887999999977183],
              [180509.453, 309126.811999999976251],
              [180471.655999999988126, 309094.625],
              [180389.25, 309012.375],
              [180353.875, 308960.875],
              [180317.375, 308908.561999999976251],
              [180337.155999999988126, 308889.5],
              [180318.64000000001397, 308870.375],
              [180317.671, 308869.875],
              [180312.968, 308867.375],
              [180245.39000000001397, 308831.875],
              [180235.453, 308826.593],
              [180262.218, 308779.968],
              [180198.453, 308736.218],
              [180160.340999999985797, 308680.816],
              [180122.225, 308625.408],
              [180121.062, 308623.718],
              [180111.060999999986961, 308598.928000000014435],
              [180089.081, 308544.446999999985565],
              [180049.99900000001071, 308447.572999999974854],
              [180047.986, 308442.582],
              [180045.405999999988126, 308436.186999999976251],
              [180041.687, 308420.311999999976251],
              [180035.218, 308398.568000000028405],
              [180025.734, 308366.686999999976251],
              [180007.062, 308372.406000000017229],
              [179975.045000000012806, 308287.120999999984633],
              [179974.343, 308285.25],
              [179973.078, 308281.875],
              [179972.546, 308280.593],
              [179932.296, 308184.875],
              [179931.655999999988126, 308183.343],
              [179929.780999999988126, 308178.906000000017229],
              [179935.593, 308178.186999999976251],
              [179946.655999999988126, 308187.125],
              [179954.421, 308187.906000000017229],
              [179967.905999999988126, 308184.186999999976251],
              [179974.187, 308179.156000000017229],
              [179980.046, 308161.311999999976251],
              [179979.671, 308155.25],
              [179970.046, 308140.375],
              [179975.484, 308131.625],
              [179981.0, 308118.281000000017229],
              [179984.093, 308114.968],
              [179985.01500000001397, 308103.406000000017229],
              [179994.984, 308098.281000000017229],
              [179990.828, 308085.218],
              [179986.593, 308081.156000000017229],
              [179986.155999999988126, 308074.343],
              [179983.437, 308072.561999999976251],
              [179981.185, 308071.068000000028405],
              [179977.361, 308068.532],
              [179977.26500000001397, 308068.468],
              [179976.411, 308067.900000000023283],
              [179955.51500000001397, 308054.0],
              [179927.484, 308006.625],
              [179926.799, 308005.46999999997206],
              [179926.438, 308004.863000000012107],
              [179924.203, 308001.093],
              [179944.796, 307994.656000000017229],
              [180005.062, 307973.311999999976251],
              [180002.64000000001397, 307967.843],
              [179979.484, 307916.061999999976251],
              [179953.218, 307862.811999999976251],
              [179954.937, 307842.156000000017229],
              [179945.437, 307816.468],
              [179944.146, 307812.973],
              [179941.465999999985797, 307805.712999999988824],
              [179929.203, 307772.5],
              [179917.25, 307740.522],
              [179898.937, 307691.531000000017229],
              [179895.297, 307682.188000000023749],
              [179893.421, 307677.370999999984633],
              [179880.784000000014203, 307644.933000000019092],
              [179868.51500000001397, 307613.436999999976251],
              [179855.296, 307579.186999999976251],
              [179838.421, 307517.686999999976251],
              [179793.687, 307520.375],
              [179774.75, 307521.686999999976251],
              [179767.99, 307522.587],
              [179760.187, 307523.625],
              [179728.158, 307528.63],
              [179723.796, 307529.311999999976251],
              [179686.828, 307535.061999999976251],
              [179614.14000000001397, 307546.311999999976251],
              [179576.51500000001397, 307557.718],
              [179554.953, 307561.625],
              [179549.296, 307561.781000000017229],
              [179537.25, 307560.561999999976251],
              [179529.375, 307559.156000000017229],
              [179527.609, 307558.843],
              [179524.437, 307558.125],
              [179474.39000000001397, 307546.436999999976251],
              [179452.399, 307544.99],
              [179384.655999999988126, 307540.531000000017229],
              [179384.24299999998766, 307540.53000000002794],
              [179340.593, 307540.406000000017229],
              [179311.006, 307541.238000000012107],
              [179310.562, 307541.25],
              [179268.609, 307543.436999999976251],
              [179249.854, 307544.582999999984168],
              [179248.155999999988126, 307544.686999999976251],
              [179230.437, 307546.686999999976251],
              [179223.155999999988126, 307550.218],
              [179220.753, 307551.395000000018626],
              [179217.859, 307552.811999999976251],
              [179213.171, 307573.031000000017229],
              [179207.655999999988126, 307601.5],
              [179207.171, 307609.031000000017229],
              [179207.937, 307641.311999999976251],
              [179208.405999999988126, 307647.375],
              [179206.24900000001071, 307647.973],
              [179205.703, 307648.125],
              [179188.546, 307653.718],
              [179173.285, 307658.968],
              [179163.203, 307662.436999999976251],
              [179162.49299999998766, 307662.699000000022352],
              [179119.703, 307678.468],
              [179016.328, 307729.375],
              [179011.65, 307731.971000000019558],
              [179004.121000000013737, 307736.150000000023283],
              [178998.068, 307739.51],
              [178976.47, 307751.49900000001071],
              [178971.796, 307754.093],
              [178952.046, 307764.593],
              [178935.718, 307773.875],
              [178879.671, 307831.936999999976251],
              [178872.828, 307838.875],
              [178828.875, 307883.811999999976251],
              [178766.187, 307938.968],
              [178777.891, 307953.949000000022352],
              [178782.801, 307960.234],
              [178811.109, 307996.468],
              [178808.76500000001397, 307998.556999999971595],
              [178806.375, 308000.686999999976251],
              [178805.093, 308001.843],
              [178803.625, 308003.156000000017229],
              [178788.14000000001397, 308000.656000000017229],
              [178789.734, 308002.875],
              [178790.046, 308003.311999999976251],
              [178799.796, 308016.875],
              [178770.301, 308036.341000000014901],
              [178737.530999999988126, 308057.968],
              [178757.155999999988126, 308086.093],
              [178747.522, 308092.472],
              [178727.703, 308105.593],
              [178721.437, 308096.531000000017229],
              [178645.655999999988126, 308147.093],
              [178678.26500000001397, 308186.343],
              [178624.578, 308226.281000000017229],
              [178632.108, 308230.420999999972992],
              [178643.486, 308236.675999999977648],
              [178682.149, 308257.931999999971595],
              [178682.5, 308258.125],
              [178661.828, 308274.311999999976251],
              [178661.423, 308274.612000000022817],
              [178633.375, 308295.375],
              [178603.473, 308310.188000000023749],
              [178585.937, 308318.875],
              [178574.685, 308324.466000000014901],
              [178573.296, 308325.156000000017229],
              [178561.026000000012573, 308331.240999999979977],
              [178545.245, 308339.068000000028405],
              [178499.953, 308361.531000000017229],
              [178475.218, 308291.061999999976251],
              [178466.75, 308269.811999999976251],
              [178457.825000000011642, 308244.441],
              [178454.328, 308234.5],
              [178447.984, 308220.25],
              [178441.577, 308206.689000000013039],
              [178439.937, 308203.218],
              [178435.562, 308196.125],
              [178420.984, 308172.468],
              [178419.687, 308170.406000000017229],
              [178407.079, 308151.113000000012107],
              [178353.093, 308068.5],
              [178327.79, 308028.571999999985565],
              [178318.869, 308014.494],
              [178304.554, 307991.903999999980442],
              [178294.218, 307975.593],
              [178289.972, 307970.778999999980442],
              [178270.973, 307949.239],
              [178268.386, 307946.305999999982305],
              [178261.34, 307938.316999999980908],
              [178241.681000000011409, 307916.028999999980442],
              [178234.296, 307907.656000000017229],
              [178214.255, 307885.580000000016298],
              [178207.157, 307877.761],
              [178206.437, 307876.968],
              [178202.437, 307872.561999999976251],
              [178192.046, 307858.436999999976251],
              [178183.343, 307841.811999999976251],
              [178175.437, 307821.936999999976251],
              [178087.984, 307839.75],
              [178029.125, 307851.75],
              [178036.421, 307910.936999999976251],
              [177968.674, 307926.335000000020955],
              [177962.687, 307927.718],
              [177964.296, 307939.781000000017229],
              [177939.203, 307941.311999999976251],
              [177929.875, 307887.781000000017229],
              [177895.062, 307892.936999999976251],
              [177894.953, 307889.25],
              [177893.562, 307888.718],
              [177889.01500000001397, 307887.061999999976251],
              [177880.062, 307891.125],
              [177866.843, 307894.281000000017229],
              [177855.734, 307898.156000000017229],
              [177837.875, 307908.936999999976251],
              [177821.89000000001397, 307921.875],
              [177821.796, 307921.468],
              [177794.578, 307812.843],
              [177700.14000000001397, 307826.156000000017229],
              [177692.171, 307784.686999999976251],
              [177690.557, 307772.450000000011642],
              [177684.780999999988126, 307728.656000000017229],
              [177685.187, 307723.343],
              [177682.64000000001397, 307723.281000000017229],
              [177651.093, 307722.436999999976251],
              [177595.375, 307723.125],
              [177592.712999999988824, 307714.532],
              [177570.328, 307642.281000000017229],
              [177565.377, 307642.064000000013039],
              [177516.953, 307639.936999999976251],
              [177481.706, 307642.207],
              [177481.530999999988126, 307642.218],
              [177471.581, 307643.386999999987893],
              [177460.780999999988126, 307644.656000000017229],
              [177446.859, 307647.531000000017229],
              [177444.65, 307648.108],
              [177438.125, 307649.811999999976251],
              [177436.422, 307650.261999999987893],
              [177411.364, 307656.882999999972526],
              [177409.859, 307657.281000000017229],
              [177402.076, 307659.598999999987427],
              [177400.12400000001071, 307660.180999999982305],
              [177399.063, 307660.496999999973923],
              [177388.317000000010012, 307663.696999999985565],
              [177382.26500000001397, 307665.5],
              [177379.78, 307666.228],
              [177374.071, 307667.900000000023283],
              [177367.328, 307669.875],
              [177357.875, 307673.125],
              [177352.435, 307674.918],
              [177335.593, 307680.468],
              [177322.812, 307684.75],
              [177304.727000000013504, 307690.912000000011176],
              [177297.593, 307693.343],
              [177281.546, 307699.5],
              [177256.953, 307708.968],
              [177255.25, 307709.625],
              [177252.916, 307710.538],
              [177231.356, 307647.805],
              [177218.01500000001397, 307604.488000000012107],
              [177211.318, 307586.167000000015832],
              [177189.206, 307537.319000000017695],
              [177172.195, 307501.028999999980442],
              [177149.53, 307466.13],
              [177129.293, 307438.683000000019092],
              [177092.509, 307395.631],
              [177055.753999999986263, 307351.51400000002468],
              [177040.373, 307330.954000000027008],
              [177032.73499999998603, 307319.778999999980442],
              [177019.601, 307310.778999999980442],
              [177005.878, 307304.695],
              [176991.019999999989523, 307303.439000000013039],
              [176968.07, 307306.901000000012573],
              [176936.585, 307312.822999999974854],
              [176925.003, 307312.125],
              [176912.962999999988824, 307309.297000000020489],
              [176874.503, 307298.496999999973923],
              [176871.32, 307297.782],
              [176835.687, 307289.656000000017229],
              [176792.89000000001397, 307276.186999999976251],
              [176790.062, 307275.311999999976251],
              [176742.484, 307251.436999999976251],
              [176728.546, 307246.811999999976251],
              [176706.984, 307248.031000000017229],
              [176547.937, 307284.375],
              [176539.5, 307288.346000000019558],
              [176537.51500000001397, 307289.281000000017229],
              [176409.280999999988126, 307317.625],
              [176379.405999999988126, 307324.218],
              [176261.0, 307350.406000000017229],
              [176254.26500000001397, 307362.218],
              [176249.030999999988126, 307370.156000000017229],
              [176243.280999999988126, 307378.25],
              [176243.030999999988126, 307378.593],
              [176236.375, 307386.25],
              [176233.328, 307389.625],
              [176227.796, 307395.75],
              [176223.625, 307399.531000000017229],
              [176222.26500000001397, 307406.843],
              [176222.155999999988126, 307432.875],
              [176222.546, 307481.593],
              [176230.76500000001397, 307531.343],
              [176230.734, 307544.186999999976251],
              [176225.480000000010477, 307556.617000000027474],
              [176225.01500000001397, 307557.718],
              [176214.093, 307569.186999999976251],
              [176209.546, 307570.843],
              [176187.578, 307569.625],
              [176168.76500000001397, 307564.031000000017229],
              [176125.937, 307554.281000000017229],
              [176115.125, 307553.718],
              [176104.953, 307553.186999999976251],
              [176092.155999999988126, 307554.031000000017229],
              [176025.093, 307568.25],
              [176014.812, 307568.093],
              [176007.968, 307566.406000000017229],
              [175995.984, 307559.343],
              [175981.76500000001397, 307551.343],
              [175976.155999999988126, 307548.968],
              [175950.655999999988126, 307546.875],
              [175929.76500000001397, 307546.686999999976251],
              [175910.625, 307547.468],
              [175853.112, 307549.795999999972992],
              [175807.62, 307551.340000000025611],
              [175800.712, 307698.031000000017229],
              [175800.69, 307698.5],
              [175814.99, 307822.46999999997206],
              [175824.035, 307851.069000000017695],
              [175860.31, 307965.76],
              [175861.345, 307967.603],
              [175929.37, 308088.770000000018626],
              [176014.59, 308227.159999999974389],
              [176171.85999999998603, 308412.01],
              [176354.89000000001397, 308636.919999999983702],
              [176391.948, 308697.566],
              [176412.0, 308730.38],
              [176626.480000000010477, 309045.849999999976717],
              [176728.54, 309220.32],
              [176879.329999999987194, 309533.14000000001397],
              [176887.199, 309559.229],
              [176917.88200000001234, 309660.951],
              [176922.85, 309677.419999999983702],
              [176943.09, 309774.659999999974389],
              [176974.5, 310013.039999999979045],
              [176979.16, 310239.19],
              [176970.170000000012806, 310405.659999999974389],
              [176954.47, 310524.159999999974389],
              [176939.450000000011642, 310629.99],
              [176895.74, 310839.210000000020955],
              [176871.962999999988824, 310916.185],
              [176852.82, 310978.159999999974389],
              [176753.39000000001397, 311317.37],
              [176675.079999999987194, 311627.669999999983702],
              [176630.28, 311904.700000000011642],
              [176607.230000000010477, 312148.289999999979045],
              [176602.712, 312220.189000000013039],
              [176598.22, 312291.669999999983702],
              [176600.10999999998603, 312576.51],
              [176602.09, 312891.770000000018626],
              [176610.952, 313360.645000000018626],
              [176612.477000000013504, 313441.327],
              [176614.441, 313545.221000000019558],
              [176614.72, 313559.960000000020955],
              [176611.971, 313561.15500000002794],
              [176612.014, 313561.174],
              [176509.003999999986263, 313605.923],
              [176500.011999999987893, 313609.830000000016298],
              [176461.04, 313626.76],
              [176425.26, 313595.35999999998603],
              [176359.01, 313595.68],
              [176345.051, 313592.712],
              [176337.946, 313591.043],
              [176325.730000000010477, 313588.396],
              [176318.517, 313586.753000000026077],
              [176313.573, 313585.504000000015367],
              [176306.76, 313583.907],
              [176292.36799999998766, 313580.476000000024214],
              [176285.214, 313578.590000000025611],
              [176276.177, 313576.403],
              [176256.437, 313570.778999999980442],
              [176245.12, 313597.789999999979045],
              [176193.329999999987194, 313603.539999999979045],
              [176123.162000000011176, 313619.538999999989755],
              [176125.378, 313646.761],
              [176107.748, 313645.734],
              [176099.103, 313642.431999999971595],
              [176076.288, 313639.548],
              [176060.241, 313636.439000000013039],
              [176055.329999999987194, 313666.26],
              [176036.435, 313673.273999999975786],
              [176013.712, 313681.153999999980442],
              [176003.784000000014203, 313684.007999999972526],
              [175978.691, 313694.634000000020023],
              [175959.532, 313702.528],
              [175956.14000000001397, 313703.330000000016298],
              [175938.409000000014203, 313732.278],
              [175937.921, 313739.436999999976251],
              [175939.794, 313754.433000000019092],
              [175942.071999999985565, 313757.792000000015832],
              [175942.848, 313760.359],
              [175944.549999999988358, 313769.039999999979045],
              [175933.064000000013039, 313767.463999999978114],
              [175889.753999999986263, 313757.455000000016298],
              [175868.786, 313750.924999999988358],
              [175862.663, 313748.222],
              [175855.305, 313744.419999999983702],
              [175843.318, 313735.840000000025611],
              [175836.259, 313726.392],
              [175817.817000000010012, 313703.786000000021886],
              [175807.932999999989988, 313684.022],
              [175793.797, 313657.108],
              [175785.60999999998603, 313648.330000000016298],
              [175774.218, 313636.805999999982305],
              [175756.317000000010012, 313625.76500000001397],
              [175747.238000000012107, 313622.81],
              [175725.509, 313624.745999999984633],
              [175695.771, 313614.532],
              [175680.299999999988358, 313613.51],
              [175675.309, 313616.450000000011642],
              [175666.64000000001397, 313628.63],
              [175666.329999999987194, 313629.164999999979045],
              [175654.672, 313644.456],
              [175640.49299999998766, 313664.878000000026077],
              [175630.652, 313687.055],
              [175617.63200000001234, 313732.092],
              [175612.79, 313762.699000000022352],
              [175612.049999999988358, 313767.35999999998603],
              [175608.176, 313783.797000000020489],
              [175611.783, 313787.033999999985099],
              [175613.256, 313790.319000000017695],
              [175611.101, 313806.761999999987893],
              [175610.894999999989523, 313809.520000000018626],
              [175610.13200000001234, 313844.331],
              [175595.81, 313911.28000000002794],
              [175594.295000000012806, 313914.981000000028871],
              [175587.054, 313920.534999999974389],
              [175570.979, 313924.831],
              [175563.19, 313925.919999999983702],
              [175535.4, 313945.109],
              [175530.008, 313948.832999999984168],
              [175527.68, 313950.44],
              [175521.733, 314010.452],
              [175524.9, 314011.371999999973923],
              [175522.821999999985565, 314030.862000000022817],
              [175514.87, 314106.43],
              [175491.992, 314103.37],
              [175460.062, 314099.099999999976717],
              [175459.498, 314099.026000000012573],
              [175313.344000000011874, 314079.927000000025146],
              [175266.082, 314074.746999999973923],
              [175260.229, 314073.079000000027008],
              [175258.019999999989523, 314072.450000000011642],
              [175223.576, 314066.048],
              [175210.981999999989057, 314065.859],
              [175187.628999999986263, 314061.185],
              [175154.957, 314052.403999999980442],
              [175152.71, 314055.93],
              [175152.373, 314056.617000000027474],
              [175137.708000000013271, 314086.51],
              [175130.764, 314122.457],
              [175130.043, 314126.484],
              [175127.954, 314138.145000000018626],
              [175127.712, 314139.659999999974389],
              [175127.358, 314141.879000000015367],
              [175124.72, 314158.400000000023283],
              [175118.304, 314158.601000000024214],
              [175108.471, 314159.490999999979977],
              [175106.989, 314159.625],
              [174991.704, 314170.059],
              [174960.65, 314172.87],
              [174960.79, 314179.580000000016298],
              [174923.46, 314190.799999999988358],
              [174907.65, 314190.590000000025611],
              [174913.045000000012806, 314193.865999999979977],
              [174923.62, 314202.717],
              [174924.135, 314204.568000000028405],
              [174917.481999999989057, 314211.51400000002468],
              [174908.646, 314228.941],
              [174901.204, 314236.204000000027008],
              [174892.036, 314257.728],
              [174891.362, 314257.48499999998603],
              [174865.076, 314247.422000000020489],
              [174851.502, 314245.429],
              [174834.208000000013271, 314244.677000000025146],
              [174829.729, 314244.483],
              [174821.907, 314244.114],
              [174816.201, 314244.234],
              [174800.185, 314244.291000000026543],
              [174794.986, 314244.787000000011176],
              [174789.85, 314220.107000000018161],
              [174789.746000000013737, 314203.099999999976717],
              [174787.462999999988824, 314145.819000000017695],
              [174786.13200000001234, 314137.99],
              [174771.54, 314115.63],
              [174769.037000000011176, 314111.794],
              [174765.332, 314111.962999999988824],
              [174739.885, 314118.946],
              [174714.837, 314127.791000000026543],
              [174696.844000000011874, 314135.465000000025611],
              [174677.087999999988824, 314143.338999999978114],
              [174675.53, 314156.659999999974389],
              [174683.814000000013039, 314167.254000000015367],
              [174700.34, 314190.722],
              [174697.615, 314191.180999999982305],
              [174688.367, 314192.737000000022817],
              [174648.47, 314192.099999999976717],
              [174648.087999999988824, 314186.436999999976251],
              [174616.108, 314187.924],
              [174613.155, 314182.090000000025611],
              [174601.25700000001234, 314186.963999999978114],
              [174598.88200000001234, 314180.625],
              [174591.997, 314166.233],
              [174527.138, 314182.549999999988358],
              [174525.04, 314185.929],
              [174513.37400000001071, 314205.458999999973457],
              [174501.997, 314224.079000000027008],
              [174493.961000000010245, 314241.794999999983702],
              [174488.661, 314251.923],
              [174454.081, 314277.295999999972992],
              [174450.056000000011409, 314280.042000000015832],
              [174428.255, 314287.289999999979045],
              [174411.975, 314292.702999999979511],
              [174368.003999999986263, 314301.245],
              [174351.967, 314303.599999999976717],
              [174332.022999999986496, 314306.528],
              [174320.587999999988824, 314308.207],
              [174296.321, 314311.315],
              [174276.525, 314312.615999999979977],
              [174251.758, 314315.885],
              [174231.807999999989988, 314317.450000000011642],
              [174209.9, 314319.520000000018626],
              [174155.72, 314325.18],
              [174127.987, 314342.38],
              [174119.82, 314347.446],
              [174056.009, 314387.022999999986496],
              [174052.451, 314388.935],
              [174043.824, 314393.57],
              [174042.027, 314394.392],
              [174029.921, 314399.927000000025146],
              [174011.307999999989988, 314408.436999999976251],
              [173962.037000000011176, 314420.657],
              [173960.835, 314420.955000000016298],
              [173948.920000000012806, 314421.511],
              [173934.48499999998603, 314422.185],
              [173933.590999999985797, 314422.227000000013504],
              [173933.185, 314422.381999999983236],
              [173924.066, 314425.86099999997532],
              [173920.516, 314428.759000000020023],
              [173919.858, 314429.287000000011176],
              [173906.022999999986496, 314440.37300000002142],
              [173899.747, 314443.886],
              [173875.858, 314458.064000000013039],
              [173871.158, 314460.696],
              [173854.94, 314469.777],
              [173843.503999999986263, 314473.89000000001397],
              [173814.74, 314489.994],
              [173809.746000000013737, 314495.081],
              [173804.658, 314499.246999999973923],
              [173801.369, 314501.94],
              [173804.602000000013504, 314506.625],
              [173811.454999999987194, 314512.332],
              [173821.389, 314527.076],
              [173845.204999999987194, 314557.35999999998603],
              [173850.625, 314561.870999999984633],
              [173862.94, 314573.031000000017229],
              [173888.532, 314597.271],
              [173883.74, 314600.580000000016298],
              [173882.49299999998766, 314601.232000000018161],
              [173857.829, 314614.128000000026077],
              [173836.63, 314626.326],
              [173825.435, 314634.011],
              [173856.291999999986729, 314670.10999999998603],
              [173870.714, 314687.598],
              [173872.163999999989755, 314689.484],
              [173894.086000000010245, 314717.98599999997532],
              [173902.024, 314730.086000000010245],
              [173902.99900000001071, 314731.571999999985565],
              [173903.598, 314732.316999999980908],
              [173920.327, 314760.689000000013039],
              [173931.772, 314779.88900000002468],
              [173932.439000000013039, 314781.006999999983236],
              [173939.535, 314792.75199999997858],
              [173939.671, 314792.976000000024214],
              [173940.677, 314795.112000000022817],
              [173956.045000000012806, 314817.934],
              [173958.945, 314823.03000000002794],
              [173959.003, 314823.131999999983236],
              [173973.829999999987194, 314844.729999999981374],
              [173947.219000000011874, 314872.78000000002794],
              [173928.753, 314892.245999999984633],
              [173923.69, 314897.582],
              [173906.657, 314915.534999999974389],
              [173953.76, 314970.580000000016298],
              [173946.402, 314978.534999999974389],
              [173946.147999999986496, 314978.827999999979511],
              [173935.587, 314991.011],
              [173935.298, 314991.331],
              [173920.361, 315007.902],
              [173920.278, 315007.994],
              [173890.869, 315041.145000000018626],
              [173886.562, 315046.0],
              [173886.122, 315046.495],
              [173884.355000000010477, 315048.457999999984168],
              [173881.571, 315051.550999999977648],
              [173877.149, 315056.378000000026077],
              [173877.096, 315056.439000000013039],
              [173870.87400000001071, 315063.517],
              [173863.159000000014203, 315072.294],
              [173863.139, 315072.316],
              [173845.465999999985797, 315092.278],
              [173845.105000000010477, 315092.681999999971595],
              [173840.586000000010245, 315097.728],
              [173834.892, 315104.086000000010245],
              [173828.745, 315110.951],
              [173827.095, 315112.793],
              [173818.366, 315122.487000000022817],
              [173807.438, 315134.625],
              [173795.64000000001397, 315147.728],
              [173794.980000000010477, 315148.461000000010245],
              [173786.231, 315158.229999999981374],
              [173785.579, 315158.957],
              [173769.801, 315176.56],
              [173766.794, 315179.916000000026543],
              [173764.345, 315182.648999999975786],
              [173731.324, 315218.272999999986496],
              [173730.421, 315219.24800000002142],
              [173649.51, 315324.849999999976717],
              [173648.927, 315325.798],
              [173647.88200000001234, 315327.495],
              [173614.351, 315300.620999999984633],
              [173587.514, 315281.19],
              [173538.557999999989988, 315247.966000000014901],
              [173468.907, 315200.811999999976251],
              [173466.557999999989988, 315199.222],
              [173461.487, 315206.058000000019092],
              [173457.439000000013039, 315211.237000000022817],
              [173454.679, 315214.732000000018161],
              [173445.153, 315228.871999999973923],
              [173439.706, 315237.163999999989755],
              [173437.287000000011176, 315242.913],
              [173435.76500000001397, 315249.106000000028871],
              [173435.59, 315253.305],
              [173435.696999999985565, 315256.707999999984168],
              [173436.237, 315259.75199999997858],
              [173437.875, 315263.574000000022352],
              [173439.86799999998766, 315267.761999999987893],
              [173444.763, 315274.597],
              [173459.187, 315311.87699999997858],
              [173478.704, 315354.641],
              [173482.283, 315363.661000000021886],
              [173515.653, 315420.158999999985099],
              [173538.049999999988358, 315505.561999999976251],
              [173539.509, 315511.585000000020955],
              [173537.291, 315538.824000000022352],
              [173536.983, 315599.150000000023283],
              [173545.685999999986961, 315619.556999999971595],
              [173580.027, 315688.202999999979511],
              [173592.738000000012107, 315712.701],
              [173598.371000000013737, 315744.869],
              [173611.282, 315808.318000000028405],
              [173612.034000000014203, 315824.549999999988358],
              [173612.761999999987893, 315826.207999999984168],
              [173597.937, 315864.625],
              [173581.503, 315906.925999999977648],
              [173582.939000000013039, 315913.900000000023283],
              [173574.878, 315930.782],
              [173546.712999999988824, 315978.283],
              [173538.053000000014435, 315995.893999999971129],
              [173518.503, 316030.141],
              [173514.799999999988358, 316036.629000000015367],
              [173455.718, 315999.435],
              [173397.522, 315961.87],
              [173393.467, 315968.793],
              [173393.269, 315970.108],
              [173389.633, 315994.32],
              [173382.155, 316075.473999999987427],
              [173377.022999999986496, 316125.25099999998929],
              [173370.078, 316160.778999999980442],
              [173363.574, 316175.615999999979977],
              [173317.426, 316251.716000000014901],
              [173331.965, 316263.588999999978114],
              [173285.878, 316313.358],
              [173234.442000000010012, 316355.815],
              [173200.085, 316385.222],
              [173187.763, 316395.016],
              [173178.26, 316402.57],
              [173071.415, 316485.593],
              [173085.139, 316505.224999999976717],
              [173095.377, 316519.87],
              [173102.377, 316529.882999999972526],
              [173105.984, 316535.043],
              [173116.12, 316549.542000000015832],
              [173126.659000000014203, 316564.618000000016764],
              [173131.964, 316572.206],
              [173132.429, 316572.88],
              [173141.365, 316585.814000000013039],
              [173163.266, 316617.511],
              [173173.086000000010245, 316631.723],
              [173184.541999999986729, 316648.303000000014435],
              [173147.034000000014203, 316669.115999999979977],
              [173135.678000000014435, 316675.418],
              [173124.252, 316681.757999999972526],
              [173112.777, 316688.12599999998929],
              [173101.35, 316694.467],
              [173092.49299999998766, 316699.381999999983236],
              [173091.752, 316699.793],
              [173084.179, 316704.983],
              [173075.991, 316710.59499999997206],
              [173067.666, 316716.300999999977648],
              [173050.054, 316728.370999999984633],
              [173048.889, 316729.169],
              [173037.168, 316737.021],
              [173027.198, 316743.701],
              [173017.275, 316750.348999999987427],
              [172990.480000000010477, 316768.299999999988358],
              [172938.022999999986496, 316802.976000000024214],
              [173003.913999999989755, 316878.194000000017695],
              [172947.668, 316957.967],
              [172947.653, 316957.989],
              [172892.899, 317035.659999999974389],
              [172892.461000000010245, 317036.281000000017229],
              [172893.939000000013039, 317036.479],
              [172912.016, 317041.621999999973923],
              [172936.416999999986729, 317049.319000000017695],
              [172968.113000000012107, 317058.723],
              [172965.299, 317062.856000000028871],
              [172859.497, 317218.266],
              [172838.119, 317253.178000000014435],
              [172814.477000000013504, 317299.606000000028871],
              [172795.432, 317335.005],
              [172774.103, 317375.147999999986496],
              [172746.852000000013504, 317416.474999999976717],
              [172750.301, 317418.731000000028871],
              [172749.193, 317425.288],
              [172725.529, 317564.340000000025611],
              [172724.939000000013039, 317567.789999999979045],
              [172784.573, 317570.131999999983236],
              [172819.577, 317570.810999999986961],
              [172858.742, 317570.753000000026077],
              [172857.801, 317576.173],
              [172857.74, 317576.518999999971129],
              [172824.318999999988591, 317767.39000000001397],
              [172860.997, 317776.794],
              [172873.495, 317782.493000000016764],
              [172910.74900000001071, 317799.537000000011176],
              [172929.053000000014435, 317807.642999999981839],
              [172946.74, 317815.476000000024214],
              [172947.253999999986263, 317815.704000000027008],
              [172994.621000000013737, 317836.401000000012573],
              [172981.885, 317861.615999999979977],
              [172955.332, 317917.24],
              [172936.136999999987893, 317956.35999999998603],
              [172932.51, 318027.43],
              [172929.272, 318046.085000000020955],
              [172926.226, 318068.642],
              [172927.85, 318079.561999999976251],
              [172928.663, 318093.653],
              [172922.275, 318109.938000000023749],
              [172912.16, 318124.129000000015367],
              [172892.280999999988126, 318149.805],
              [172866.074, 318188.423],
              [172834.259, 318228.445],
              [172825.429, 318241.259000000020023],
              [172826.049999999988358, 318243.090000000025611],
              [172868.068, 318295.99900000001071],
              [172892.815, 318329.531000000017229],
              [172937.211000000010245, 318410.715000000025611],
              [172961.034000000014203, 318450.082],
              [172993.954, 318497.593],
              [173048.71, 318582.330000000016298],
              [172919.688, 318667.658],
              [172932.449, 318680.039999999979045],
              [172956.329, 318703.210000000020955],
              [172980.979, 318728.273999999975786],
              [173008.798, 318755.615],
              [173020.38, 318766.976000000024214],
              [173057.26, 318805.10999999998603],
              [173058.635, 318806.50199999997858],
              [173062.429, 318810.342],
              [173067.456, 318815.43],
              [172990.85999999998603, 318836.726000000024214],
              [172927.218, 318856.041000000026543],
              [172934.566, 318865.354],
              [172947.328, 318876.12400000001071],
              [172938.774, 318885.886999999987893],
              [172962.596, 318908.275000000023283],
              [172998.434, 318941.435],
              [173001.653, 318944.413999999989755],
              [173002.082, 318944.822999999974854],
              [173003.905, 318946.564000000013039],
              [173008.666999999986729, 318951.11099999997532],
              [173010.314000000013039, 318952.684],
              [173054.511, 318993.881],
              [173053.674, 318994.789999999979045],
              [173053.462999999988824, 318995.018999999971129],
              [173050.266, 318998.492000000027474],
              [173050.074, 318998.700000000011642],
              [172962.241, 319094.101000000024214],
              [172959.959, 319096.409999999974389],
              [172975.373, 319112.911000000021886],
              [172975.446, 319112.989],
              [172990.608, 319129.261],
              [172990.864, 319129.536000000021886],
              [173002.753, 319142.278999999980442],
              [173015.184, 319155.602000000013504],
              [173012.786, 319158.945],
              [173031.965999999985797, 319180.025000000023283],
              [173020.503, 319188.73599999997532],
              [173045.904, 319221.234],
              [173069.817000000010012, 319251.827],
              [173078.576, 319263.033999999985099],
              [173080.393000000010943, 319264.659999999974389],
              [173080.942000000010012, 319265.151000000012573],
              [173041.321, 319298.954000000027008],
              [173029.53, 319307.954000000027008],
              [172980.163999999989755, 319345.641],
              [172915.663, 319402.650000000023283],
              [172970.508, 319447.052000000025146],
              [173027.852000000013504, 319494.684],
              [173085.991, 319545.369],
              [173142.519, 319592.208999999973457],
              [173180.105000000010477, 319618.553000000014435],
              [173214.502, 319640.75099999998929],
              [173260.165, 319673.433000000019092],
              [173304.394, 319706.913999999989755],
              [173311.24900000001071, 319712.103],
              [173360.84, 319762.753000000026077],
              [173391.067000000010012, 319793.038],
              [173409.123, 319813.391],
              [173419.767, 319825.592],
              [173437.988000000012107, 319847.99900000001071],
              [173462.619, 319868.935999999986961],
              [173463.671, 319869.830000000016298],
              [173432.642, 319904.88900000002468],
              [173413.103, 319914.935],
              [173357.07, 319941.37],
              [173344.807, 319950.68],
              [173333.967, 319962.10999999998603],
              [173315.011999999987893, 319985.809],
              [173277.473999999987427, 320030.36099999997532],
              [173228.206, 320084.44],
              [173193.934, 320124.40500000002794],
              [173184.666999999986729, 320133.441999999980908],
              [173112.831, 320185.919999999983702],
              [173088.484, 320202.957],
              [173090.247, 320204.814000000013039],
              [173157.409000000014203, 320275.556999999971595],
              [173184.43, 320304.018999999971129],
              [173208.696, 320329.580000000016298],
              [173212.253, 320333.313000000023749],
              [173277.037000000011176, 320401.311999999976251],
              [173283.201, 320395.753000000026077],
              [173292.451, 320405.403],
              [173293.505, 320406.50199999997858],
              [173350.014, 320466.216000000014901],
              [173396.508, 320423.766],
              [173397.915, 320425.189000000013039],
              [173456.803000000014435, 320484.761999999987893],
              [173472.136999999987893, 320500.259000000020023],
              [173472.688, 320500.82],
              [173521.084, 320550.032],
              [173590.054, 320619.784999999974389],
              [173591.286, 320621.031000000017229],
              [173662.923, 320559.047000000020489],
              [173733.418, 320497.74900000001071],
              [173735.605000000010477, 320500.246999999973923],
              [173784.601, 320556.215000000025611],
              [173812.529, 320588.700000000011642],
              [173813.579999999987194, 320590.205000000016298],
              [173849.66, 320641.827],
              [173893.272, 320704.243000000016764],
              [173893.865, 320705.092],
              [173903.679, 320719.136999999987893],
              [173951.00099999998929, 320786.650000000023283],
              [173969.361, 320765.233],
              [173989.942000000010012, 320784.429],
              [174010.195, 320758.441],
              [174054.071999999985565, 320797.428000000014435],
              [174102.767, 320744.5],
              [174172.99900000001071, 320801.330000000016298],
              [174270.35, 320879.599999999976717],
              [174270.413, 320879.651000000012573],
              [174271.909000000014203, 320880.853],
              [174247.24, 320916.457],
              [174249.158, 320918.092],
              [174251.048, 320919.702],
              [174309.385, 320969.424999999988358],
              [174318.61799999998766, 321021.246999999973923],
              [174405.03, 321043.152],
              [174456.498, 321056.200000000011642],
              [174457.123, 321056.358],
              [174476.096, 321061.191],
              [174501.564000000013039, 321079.261999999987893],
              [174502.967, 321080.289999999979045],
              [174525.351, 321096.688000000023749],
              [174525.835, 321096.973],
              [174536.361, 321103.184],
              [174537.476, 321103.723],
              [174551.965999999985797, 321110.728],
              [174555.12, 321112.253000000026077],
              [174575.843, 321123.228],
              [174577.432999999989988, 321124.07],
              [174599.199, 321135.534999999974389],
              [174600.612, 321136.278999999980442],
              [174624.101, 321148.315],
              [174624.772, 321148.658999999985099],
              [174633.25700000001234, 321153.591000000014901],
              [174652.553000000014435, 321165.412000000011176],
              [174652.774, 321165.558000000019092],
              [174674.50700000001234, 321179.902],
              [174674.62599999998929, 321179.979999999981374],
              [174676.761, 321181.386999999987893],
              [174682.424999999988358, 321185.382999999972526],
              [174686.696999999985565, 321188.44],
              [174687.328, 321188.805999999982305],
              [174715.897999999986496, 321205.385],
              [174717.38200000001234, 321206.245999999984633],
              [174734.829, 321218.097],
              [174736.437, 321219.189000000013039],
              [174740.87400000001071, 321222.794],
              [174781.753999999986263, 321256.01500000001397],
              [174781.848, 321256.092],
              [174797.719000000011874, 321269.177000000025146],
              [174798.988000000012107, 321270.238000000012107],
              [174804.687, 321275.0],
              [174805.698, 321275.995],
              [174814.403, 321284.56],
              [174819.847, 321289.916000000026543],
              [174820.635, 321290.641],
              [174826.68, 321296.207],
              [174827.832, 321297.50199999997858],
              [174836.204, 321306.911000000021886],
              [174839.0, 321310.053000000014435],
              [174839.977000000013504, 321311.824000000022352],
              [174849.894999999989523, 321329.799999999988358],
              [174850.98499999998603, 321331.599999999976717],
              [174853.524, 321335.793],
              [174861.489, 321348.947999999974854],
              [174868.082, 321359.835000000020955],
              [174873.115, 321368.147],
              [174877.046, 321374.63900000002468],
              [174877.494, 321374.420999999972992],
              [174995.886, 321316.659999999974389],
              [175002.967, 321313.205000000016298],
              [175023.081, 321304.518999999971129],
              [175042.144, 321296.287000000011176],
              [175042.399, 321296.177000000025146],
              [175119.002, 321290.254000000015367],
              [175121.25, 321290.080000000016298],
              [175136.75, 321289.020000000018626],
              [175151.674, 321287.814000000013039],
              [175159.869, 321287.152],
              [175184.663999999989755, 321285.148999999975786],
              [175201.405999999988126, 321283.795999999972992],
              [175245.786, 321280.211000000010245],
              [175263.722, 321278.761999999987893],
              [175284.715999999985797, 321277.066],
              [175296.13, 321276.143999999971129],
              [175299.519999999989523, 321275.87],
              [175307.441, 321275.228],
              [175352.402, 321271.582999999984168],
              [175354.29, 321271.43],
              [175378.658, 321233.664999999979045],
              [175387.278, 321233.020000000018626],
              [175441.157, 321228.990999999979977],
              [175443.46, 321228.776000000012573],
              [175448.736, 321228.293],
              [175448.962999999988824, 321232.938000000023749],
              [175454.109, 321232.472],
              [175464.171, 321231.826],
              [175465.920000000012806, 321231.761],
              [175480.093, 321231.348],
              [175491.983, 321231.00199999997858],
              [175499.089, 321230.794999999983702],
              [175504.420000000012806, 321230.64000000001397],
              [175519.82, 321230.193000000028405],
              [175529.055, 321229.924999999988358],
              [175561.666999999986729, 321228.979],
              [175555.93, 321253.419999999983702],
              [175532.980000000010477, 321356.479999999981374],
              [175528.66, 321459.63],
              [175543.14000000001397, 321560.400000000023283],
              [175582.329999999987194, 321661.12],
              [175615.74, 321748.78000000002794],
              [175657.299999999988358, 321839.599999999976717],
              [175695.04, 321931.700000000011642],
              [175737.480000000010477, 322028.090000000025611],
              [175780.82, 322123.789999999979045],
              [175855.950000000011642, 322194.25],
              [175915.56, 322272.210000000020955],
              [175974.76, 322355.919999999983702],
              [176049.03, 322421.78000000002794],
              [176124.549999999988358, 322479.93],
              [176140.246000000013737, 322488.003000000026077],
              [176221.16, 322529.62],
              [176302.13, 322586.35999999998603],
              [176393.829999999987194, 322637.31],
              [176469.85999999998603, 322703.28000000002794],
              [176525.56, 322792.60999999998603],
              [176564.829999999987194, 322886.789999999979045],
              [176614.66, 322972.94],
              [176634.472, 323012.465000000025611],
              [176660.4, 323064.19],
              [176707.34, 323153.43],
              [176742.28, 323248.24],
              [176745.230000000010477, 323354.210000000020955],
              [176785.47, 323448.32],
              [176800.44, 323548.549999999988358],
              [176804.193999999988591, 323617.728],
              [176806.29, 323656.340000000025611],
              [176774.57, 323757.979999999981374],
              [176781.07, 323856.289999999979045],
              [176761.94, 323957.51],
              [176760.003, 323960.721000000019558],
              [176706.21, 324049.88],
              [176744.75, 324158.93],
              [176738.579999999987194, 324262.479999999981374],
              [176757.85999999998603, 324362.349999999976717],
              [176816.700000000011642, 324459.270000000018626],
              [176878.76, 324534.74],
              [176962.97, 324602.71999999997206],
              [177067.670000000012806, 324628.19],
              [177155.04, 324669.479999999981374],
              [177240.54, 324709.76],
              [177342.480000000010477, 324735.159999999974389],
              [177452.04, 324742.82],
              [177555.72, 324725.89000000001397],
              [177652.16, 324698.150000000023283],
              [177743.170000000012806, 324638.10999999998603],
              [177816.03, 324554.840000000025611],
              [177876.31, 324490.38],
              [177957.799999999988358, 324427.06],
              [178033.980000000010477, 324354.909999999974389],
              [178046.473, 324351.071],
              [178129.07, 324325.69],
              [178220.04, 324310.960000000020955],
              [178333.16, 324280.56],
              [178435.44, 324309.770000000018626],
              [178509.13, 324391.06],
              [178603.39000000001397, 324432.03000000002794],
              [178669.16, 324512.78000000002794],
              [178725.9, 324593.21999999997206],
              [178774.68, 324680.799999999988358],
              [178821.28, 324770.770000000018626],
              [178873.44, 324868.039999999979045],
              [178880.560999999986961, 324932.357000000018161],
              [178884.78, 324970.450000000011642],
              [178900.35, 325072.049999999988358],
              [178915.230000000010477, 325171.63],
              [178901.15, 325276.18],
              [178883.920000000012806, 325371.37],
              [178863.980000000010477, 325472.85999999998603],
              [178861.269999999989523, 325564.450000000011642],
              [178831.04, 325665.479999999981374],
              [178817.35, 325771.99],
              [178832.78, 325866.74],
              [178858.47, 325968.900000000023283],
              [178887.93, 326066.330000000016298],
              [178911.733, 326120.727000000013504],
              [178929.96, 326162.38],
              [178968.63, 326261.13],
              [179034.9, 326340.81],
              [179084.32, 326425.460000000020955],
              [179121.78, 326517.57],
              [179208.950000000011642, 326581.210000000020955],
              [179247.75, 326669.200000000011642],
              [179279.329999999987194, 326778.0],
              [179320.128, 326824.186999999976251],
              [179348.980000000010477, 326856.849999999976717],
              [179419.549999999988358, 326929.419999999983702],
              [179486.980000000010477, 327002.400000000023283],
              [179559.049999999988358, 327071.729999999981374],
              [179652.74, 327120.01],
              [179720.35, 327191.710000000020955],
              [179780.0, 327267.14000000001397],
              [179862.62, 327337.39000000001397],
              [179907.57, 327435.07],
              [179951.34, 327521.25],
              [179989.85, 327608.21999999997206],
              [180050.43, 327686.580000000016298],
              [180081.170000000012806, 327786.460000000020955],
              [180087.87, 327894.75],
              [180094.07, 327999.840000000025611],
              [180125.60999999998603, 328094.12],
              [180170.74, 328181.169999999983702],
              [180217.589, 328249.848],
              [180229.31, 328267.03000000002794],
              [180236.230000000010477, 328369.78000000002794],
              [180240.21, 328474.31],
              [180207.81, 328592.979999999981374],
              [180257.329999999987194, 328683.080000000016298],
              [180340.230000000010477, 328745.74],
              [180432.799999999988358, 328792.599999999976717],
              [180517.66, 328847.479999999981374],
              [180606.84, 328900.49],
              [180702.87, 328941.289999999979045],
              [180808.5, 328962.729999999981374],
              [180882.719000000011874, 328967.810999999986961],
              [180893.96, 328968.580000000016298],
              [180981.6, 329014.93],
              [181064.97, 329070.590000000025611],
              [181114.6, 329171.69],
              [181139.66, 329270.289999999979045],
              [181134.76, 329384.400000000023283],
              [181111.43, 329479.49],
              [181071.200000000011642, 329571.12],
              [181044.215999999985797, 329619.821],
              [181022.829999999987194, 329658.419999999983702],
              [180969.68, 329754.210000000020955],
              [180916.31, 329845.57],
              [180759.66, 329986.020000000018626],
              [180689.84, 330059.539999999979045],
              [180608.700000000011642, 330120.549999999988358],
              [180526.43, 330179.349999999976717],
              [180421.16, 330216.830000000016298],
              [180322.06, 330255.400000000023283],
              [180306.670000000012806, 330259.017],
              [180224.1, 330278.419999999983702],
              [180112.22, 330266.080000000016298],
              [180073.64000000001397, 330244.708999999973457],
              [180020.730000000010477, 330215.400000000023283],
              [179930.29, 330156.31],
              [179858.79, 330082.38],
              [179789.39000000001397, 330003.849999999976717],
              [179739.980000000010477, 329917.229999999981374],
              [179719.579999999987194, 329807.549999999988358],
              [179630.9, 329746.799999999988358],
              [179601.666, 329729.702999999979511],
              [179547.1, 329697.789999999979045],
              [179457.69, 329653.789999999979045],
              [179379.56, 329585.270000000018626],
              [179284.87, 329555.31],
              [179174.769999999989523, 329520.37],
              [179063.53, 329526.93],
              [178954.06, 329529.14000000001397],
              [178846.31, 329562.700000000011642],
              [178758.66, 329594.289999999979045],
              [178673.57, 329637.68],
              [178600.35, 329693.01],
              [178525.16, 329768.590000000025611],
              [178471.579999999987194, 329855.32],
              [178420.920000000012806, 329948.210000000020955],
              [178375.74, 330040.789999999979045],
              [178356.079999999987194, 330145.289999999979045],
              [178366.519999999989523, 330254.659999999974389],
              [178390.049999999988358, 330356.12],
              [178451.34, 330440.799999999988358],
              [178505.26, 330543.229999999981374],
              [178562.49, 330619.12],
              [178622.4, 330698.49],
              [178679.34, 330779.020000000018626],
              [178777.049999999988358, 330832.289999999979045],
              [178832.25, 330916.78000000002794],
              [178872.99, 331014.06],
              [178940.9, 331093.60999999998603],
              [178977.54, 331187.89000000001397],
              [179053.38, 331254.169999999983702],
              [179129.22, 331316.71999999997206],
              [179214.16, 331379.039999999979045],
              [179228.37, 331383.533999999985099],
              [179314.65, 331410.82],
              [179315.91, 331412.710000000020955],
              [179380.03, 331508.88],
              [179420.75, 331603.270000000018626],
              [179455.9, 331690.659999999974389],
              [179459.413999999989755, 331724.158],
              [179466.75, 331794.090000000025611],
              [179486.60999999998603, 331889.169999999983702],
              [179493.147999999986496, 331928.447999999974854],
              [179502.99, 331987.57],
              [179523.46, 332085.090000000025611],
              [179587.51, 332171.74],
              [179658.71, 332248.25],
              [179761.34, 332295.770000000018626],
              [179859.13, 332306.799999999988358],
              [179961.13, 332328.270000000018626],
              [180057.26, 332337.169999999983702],
              [180147.44, 332349.950000000011642],
              [180151.418, 332351.800999999977648],
              [180243.09, 332394.460000000020955],
              [180320.63, 332459.94],
              [180393.28, 332528.669999999983702],
              [180469.5, 332603.87],
              [180534.79, 332687.349999999976717],
              [180546.979, 332712.117000000027474],
              [180581.829999999987194, 332782.93],
              [180616.37, 332874.94],
              [180644.04, 332966.979999999981374],
              [180661.12, 333070.460000000020955],
              [180739.96, 333142.950000000011642],
              [180789.49, 333233.56],
              [180834.44, 333322.56],
              [180825.829999999987194, 333448.799999999988358],
              [180876.35999999998603, 333531.770000000018626],
              [180930.49, 333615.38],
              [180996.56, 333696.19],
              [181077.799999999988358, 333758.080000000016298],
              [181098.647999999986496, 333776.608],
              [181151.22, 333823.330000000016298],
              [181222.84, 333901.76],
              [181291.68, 333968.28000000002794],
              [181363.230000000010477, 334040.35999999998603],
              [181434.32, 334105.960000000020955],
              [181518.704, 334164.85999999998603],
              [181572.950000000011642, 334253.49],
              [181627.108, 334341.488000000012107],
              [181642.086000000010245, 334371.945],
              [181667.587999999988824, 334423.803000000014435],
              [181705.62599999998929, 334523.864],
              [181705.957, 334536.847],
              [181708.226, 334625.737000000022817],
              [181703.722, 334726.033],
              [181704.913999999989755, 334829.722],
              [181700.935999999986961, 334931.670999999972992],
              [181689.616, 335037.400000000023283],
              [181666.394999999989523, 335109.107000000018161],
              [181618.954, 335229.01],
              [181593.36799999998766, 335316.916000000026543],
              [181592.06, 335321.409999999974389],
              [181589.51, 335420.10999999998603],
              [181588.37, 335508.770000000018626],
              [181583.37, 335624.64000000001397],
              [181604.519999999989523, 335727.450000000011642],
              [181627.829999999987194, 335822.99],
              [181651.950000000011642, 335928.60999999998603],
              [181688.299999999988358, 336027.539999999979045],
              [181735.68, 336104.090000000025611],
              [181817.013, 336190.438000000023749],
              [181852.35, 336288.31],
              [181901.97, 336367.56],
              [181971.49, 336444.87],
              [182004.079999999987194, 336543.710000000020955],
              [182066.69, 336623.150000000023283],
              [182099.926, 336668.744],
              [182123.950000000011642, 336701.700000000011642],
              [182191.78, 336779.200000000011642],
              [182199.329, 336788.316999999980908],
              [182255.72, 336856.419999999983702],
              [182281.450000000011642, 336957.650000000023283],
              [182310.329999999987194, 337053.590000000025611],
              [182308.1, 337149.18],
              [182273.772, 337239.455000000016298],
              [182268.88, 337252.32],
              [182242.57, 337349.900000000023283],
              [182201.5, 337446.62],
              [182135.079999999987194, 337530.580000000016298],
              [182070.282, 337592.936999999976251],
              [182056.269999999989523, 337606.419999999983702],
              [181981.12, 337654.270000000018626],
              [181895.44, 337706.789999999979045],
              [181800.9, 337755.19],
              [181712.5, 337785.94],
              [181668.670000000012806, 337794.333999999973457],
              [181604.93, 337806.539999999979045],
              [181513.200000000011642, 337834.81],
              [181420.24, 337856.21999999997206],
              [181323.32, 337892.0],
              [181210.38, 337888.669999999983702],
              [181133.579999999987194, 337956.729999999981374],
              [181075.16, 338031.57],
              [181032.65, 338115.400000000023283],
              [181019.74, 338213.409999999974389],
              [181010.75, 338294.770000000018626],
              [181036.920000000012806, 338444.960000000020955],
              [181085.829999999987194, 338541.19],
              [181122.15, 338637.349999999976717],
              [181193.10999999998603, 338707.799999999988358],
              [181255.6, 338784.26],
              [181316.730000000010477, 338862.46999999997206],
              [181342.53, 338963.0],
              [181388.72, 339052.729999999981374],
              [181461.97, 339122.93],
              [181537.72, 339193.150000000023283],
              [181595.24, 339283.53000000002794],
              [181624.075000000011642, 339348.538],
              [181635.35999999998603, 339373.979999999981374],
              [181674.799999999988358, 339465.71999999997206],
              [181709.769999999989523, 339557.159999999974389],
              [181724.07, 339658.080000000016298],
              [181782.82, 339744.289999999979045],
              [181825.200000000011642, 339835.229999999981374],
              [181859.295000000012806, 339921.571],
              [181862.47, 339929.60999999998603],
              [181896.54, 340026.549999999988358],
              [181906.01, 340131.450000000011642],
              [181935.480000000010477, 340224.76],
              [181968.4, 340321.539999999979045],
              [181983.01, 340420.700000000011642],
              [181987.549999999988358, 340520.18],
              [181999.74, 340624.960000000020955],
              [181984.980000000010477, 340725.24],
              [182018.950000000011642, 340817.60999999998603],
              [182006.19, 340913.599999999976717],
              [182013.6, 341015.669999999983702],
              [181999.37, 341115.87],
              [181954.1, 341217.289999999979045],
              [181990.35, 341319.31],
              [182015.980000000010477, 341409.38],
              [182085.07, 341491.849999999976717],
              [182161.63, 341561.650000000023283],
              [182271.26, 341576.99],
              [182374.079999999987194, 341568.71999999997206],
              [182470.079999999987194, 341550.299999999988358],
              [182569.96, 341520.87],
              [182664.170000000012806, 341484.49],
              [182731.237, 341455.173],
              [182764.21, 341440.76],
              [182845.480000000010477, 341395.080000000016298],
              [182931.700000000011642, 341333.840000000025611],
              [183014.519999999989523, 341276.53000000002794],
              [183088.24, 341202.25],
              [183182.829999999987194, 341177.01],
              [183272.299999999988358, 341114.710000000020955],
              [183367.39000000001397, 341091.12],
              [183462.93, 341073.599999999976717],
              [183568.480000000010477, 341091.06],
              [183669.19, 341110.96999999997206],
              [183762.21, 341145.43],
              [183854.29, 341202.87],
              [183893.796, 341247.943000000028405],
              [183920.5, 341278.409999999974389],
              [183963.450000000011642, 341372.46999999997206],
              [184001.0, 341475.5],
              [184020.13, 341581.06],
              [184011.87, 341687.81],
              [183981.78, 341787.62],
              [183954.06, 341883.93],
              [183921.35999999998603, 341981.460000000020955],
              [183874.730000000010477, 342066.710000000020955],
              [183812.94, 342148.99],
              [183796.96, 342253.289999999979045],
              [183802.51, 342364.31],
              [183770.79, 342451.85999999998603],
              [183695.87, 342554.330000000016298],
              [183715.03, 342657.03000000002794],
              [183758.99, 342745.450000000011642],
              [183818.230000000010477, 342828.919999999983702],
              [183878.07, 342909.409999999974389],
              [183965.49, 342984.75],
              [184080.01, 343022.0],
              [184154.75, 343071.539999999979045],
              [184223.28, 343124.81],
              [184270.91, 343236.770000000018626],
              [184272.714, 343264.929],
              [184277.03, 343332.26],
              [184268.81, 343426.349999999976717],
              [184243.09, 343526.13],
              [184206.71, 343622.82],
              [184163.5, 343712.340000000025611],
              [184105.51, 343802.28000000002794],
              [184046.64000000001397, 343880.659999999974389],
              [183972.63, 343959.460000000020955],
              [183902.15, 344030.479999999981374],
              [183843.26, 344108.13],
              [183722.68, 344151.64000000001397],
              [183673.39000000001397, 344241.32],
              [183630.07, 344336.849999999976717],
              [183595.85999999998603, 344448.039999999979045],
              [183578.769999999989523, 344533.770000000018626],
              [183601.4, 344655.49],
              [183641.76, 344740.580000000016298],
              [183711.019999999989523, 344823.99],
              [183773.579999999987194, 344895.62],
              [183790.043, 344916.180999999982305],
              [183831.84, 344968.38],
              [183922.769999999989523, 345045.10999999998603],
              [184014.1, 345100.43],
              [184099.82, 345151.729999999981374],
              [184194.54, 345193.88],
              [184291.46, 345238.28000000002794],
              [184392.51, 345267.74],
              [184495.829999999987194, 345286.18],
              [184600.07, 345283.56],
              [184706.10999999998603, 345269.960000000020955],
              [184801.85999999998603, 345242.450000000011642],
              [184897.65, 345204.590000000025611],
              [184958.048, 345173.849999999976717],
              [184987.480000000010477, 345158.87],
              [185076.18, 345107.60999999998603],
              [185166.65, 345059.74],
              [185250.21, 345005.200000000011642],
              [185340.079999999987194, 344958.28000000002794],
              [185413.91, 344883.229999999981374],
              [185507.332, 344845.462],
              [185611.25099999998929, 344848.950000000011642],
              [185710.101, 344886.85999999998603],
              [185800.32, 344949.618000000016764],
              [185875.759, 345013.525000000023283],
              [185949.209, 345081.443000000028405],
              [186021.798, 345153.53000000002794],
              [186089.287000000011176, 345227.020000000018626],
              [186143.785, 345316.365999999979977],
              [186185.747, 345405.90500000002794],
              [186187.785, 345410.253000000026077],
              [186218.602000000013504, 345507.830000000016298],
              [186251.63, 345604.24800000002142],
              [186262.385, 345654.48499999998603],
              [186273.62, 345706.960000000020955],
              [186283.799999999988358, 345812.349999999976717],
              [186281.347, 345851.5],
              [186277.59, 345911.46999999997206],
              [186279.46, 346014.03000000002794],
              [186252.39000000001397, 346121.19],
              [186208.34, 346215.81],
              [186149.946, 346288.25199999997858],
              [186148.03, 346290.63],
              [186081.06, 346358.090000000025611],
              [186009.959, 346423.908999999985099],
              [185933.68, 346485.150000000023283],
              [185852.229, 346533.109],
              [185765.65, 346576.319000000017695],
              [185666.65, 346612.659999999974389],
              [185561.949, 346628.689000000013039],
              [185451.78, 346609.718999999982771],
              [185324.619, 346609.63],
              [185144.059, 346556.679],
              [185048.519999999989523, 346535.85999999998603],
              [184934.76, 346525.35999999998603],
              [184818.28, 346573.32],
              [184744.480000000010477, 346623.319000000017695],
              [184670.230000000010477, 346680.939000000013039],
              [184618.559, 346775.020000000018626],
              [184563.38, 346856.28000000002794],
              [184493.309, 346939.979],
              [184469.399, 347042.14000000001397],
              [184443.869, 347144.598999999987427],
              [184454.869, 347254.689000000013039],
              [184479.44, 347356.359],
              [184484.93, 347381.645000000018626],
              [184500.170000000012806, 347451.840000000025611],
              [184531.60999999998603, 347550.35999999998603],
              [184559.74, 347643.090000000025611],
              [184593.16, 347743.539999999979045],
              [184680.62, 347815.26],
              [184734.480000000010477, 347888.729999999981374],
              [184793.62, 347968.87],
              [184889.519999999989523, 348008.830000000016298],
              [184952.549999999988358, 348089.659999999974389],
              [185018.950000000011642, 348163.400000000023283],
              [185078.950000000011642, 348244.349999999976717],
              [185137.769999999989523, 348328.450000000011642],
              [185175.079999999987194, 348430.590000000025611],
              [185208.127, 348478.49900000001071],
              [185286.6, 348592.26],
              [185347.64000000001397, 348674.770000000018626],
              [185416.019999999989523, 348749.840000000025611],
              [185489.329999999987194, 348820.960000000020955],
              [185559.5, 348898.909999999974389],
              [185639.57, 348964.900000000023283],
              [185735.71, 349003.159999999974389],
              [185822.769999999989523, 349050.580000000016298],
              [185910.07, 349076.14000000001397],
              [186019.049999999988358, 349090.99],
              [186122.49, 349094.580000000016298],
              [186220.579999999987194, 349116.270000000018626],
              [186326.549999999988358, 349114.830000000016298],
              [186429.56, 349126.87],
              [186530.07, 349118.039999999979045],
              [186623.88, 349119.37],
              [186703.71, 349137.99],
              [186789.75, 349209.289999999979045],
              [186790.432999999989988, 349210.10999999998603],
              [186857.709, 349290.898999999975786],
              [186899.74900000001071, 349369.670999999972992],
              [186930.828, 349464.38],
              [186952.128999999986263, 349568.19],
              [186971.798, 349659.370999999984633],
              [186961.737, 349757.490999999979977],
              [186936.549999999988358, 349860.830000000016298],
              [187022.65, 350062.87],
              [187050.09, 350162.51],
              [187097.5, 350243.650000000023283],
              [187163.170000000012806, 350313.25],
              [187256.519999999989523, 350379.979999999981374],
              [187300.839, 350408.418],
              [187326.93, 350425.159999999974389],
              [187415.049999999988358, 350459.200000000011642],
              [187502.04, 350495.18],
              [187564.84, 350533.479999999981374],
              [187758.07, 350648.919999999983702],
              [187790.568999999988591, 350678.291000000026543],
              [187788.636999999987893, 350679.61099999997532],
              [187751.48499999998603, 350704.99900000001071],
              [187695.200000000011642, 350743.460000000020955],
              [187507.51, 350871.44],
              [187496.496000000013737, 350878.955000000016298],
              [187495.093, 350879.912000000011176],
              [187439.920000000012806, 350917.56],
              [187302.9, 351011.020000000018626],
              [187271.39000000001397, 351044.789999999979045],
              [187259.07, 351066.210000000020955],
              [187189.1, 351123.590000000025611],
              [187136.980000000010477, 351146.169999999983702],
              [187103.480000000010477, 351128.979999999981374],
              [186941.21, 351270.21999999997206],
              [186949.35, 351293.799999999988358],
              [186882.34, 351323.06],
              [186868.079999999987194, 351340.950000000011642],
              [186780.32, 351444.700000000011642],
              [186701.0, 351528.400000000023283],
              [186649.56, 351556.200000000011642],
              [186634.204999999987194, 351563.947999999974854],
              [186630.052, 351566.044],
              [186493.81, 351634.789999999979045],
              [186493.753, 351634.821],
              [186455.32, 351655.650000000023283],
              [186424.78, 351677.539999999979045],
              [186434.717, 351719.50199999997858],
              [186444.66, 351761.49],
              [186460.35, 351820.479999999981374],
              [186474.69, 351865.419999999983702],
              [186486.82, 351903.5],
              [186513.39000000001397, 351895.409999999974389],
              [186576.536, 352047.862000000022817],
              [186578.844000000011874, 352053.434],
              [186579.426, 352054.840000000025611],
              [186579.53, 352055.090000000025611],
              [186579.97, 352056.147999999986496],
              [186580.299999999988358, 352056.94],
              [186568.4, 352059.37],
              [186555.53, 352063.210000000020955],
              [186542.38, 352068.0],
              [186522.12, 352072.020000000018626],
              [186493.041, 352079.723],
              [186487.920000000012806, 352081.080000000016298],
              [186449.799999999988358, 352089.14000000001397],
              [186416.14000000001397, 352098.710000000020955],
              [186401.78, 352105.330000000016298],
              [186390.027, 352111.10999999998603],
              [186384.64000000001397, 352113.76],
              [186373.170000000012806, 352137.099999999976717],
              [186360.549999999988358, 352159.18],
              [186356.31, 352166.44],
              [186350.84, 352177.69],
              [186346.60999999998603, 352185.18],
              [186343.43, 352191.35999999998603],
              [186340.59, 352197.37],
              [186337.57, 352200.169999999983702],
              [186330.22, 352201.200000000011642],
              [186324.579999999987194, 352202.539999999979045],
              [186319.480000000010477, 352206.729999999981374],
              [186309.299999999988358, 352216.539999999979045],
              [186298.81, 352224.090000000025611],
              [186289.079999999987194, 352229.909999999974389],
              [186277.230000000010477, 352235.049999999988358],
              [186272.34, 352235.549999999988358],
              [186270.019999999989523, 352235.400000000023283],
              [186262.950000000011642, 352232.900000000023283],
              [186253.75, 352230.580000000016298],
              [186248.064000000013039, 352232.066],
              [186247.763, 352232.145000000018626],
              [186243.142, 352233.353],
              [186242.12, 352233.62],
              [186239.420000000012806, 352234.5],
              [186210.1, 352254.919999999983702],
              [186203.26, 352259.150000000023283],
              [186197.480000000010477, 352260.400000000023283],
              [186187.16, 352261.770000000018626],
              [186178.15, 352271.5],
              [186175.950000000011642, 352275.270000000018626],
              [186173.57, 352281.840000000025611],
              [186170.71, 352291.789999999979045],
              [186169.9, 352296.89000000001397],
              [186168.87, 352305.32],
              [186168.15, 352312.07],
              [186167.43, 352320.82],
              [186167.299999999988358, 352327.200000000011642],
              [186165.07, 352338.849999999976717],
              [186164.25, 352346.12],
              [186163.97, 352350.25],
              [186165.269999999989523, 352359.849999999976717],
              [186166.32, 352368.580000000016298],
              [186168.4, 352381.71999999997206],
              [186171.730000000010477, 352389.669999999983702],
              [186175.329999999987194, 352395.400000000023283],
              [186179.450000000011642, 352403.26],
              [186181.43, 352408.31],
              [186183.46, 352415.46999999997206],
              [186184.87, 352421.78000000002794],
              [186186.34, 352426.87],
              [186190.87, 352445.87],
              [186192.96, 352457.0],
              [186195.22, 352467.289999999979045],
              [186196.53, 352473.24],
              [186198.480000000010477, 352476.200000000011642],
              [186202.829999999987194, 352480.599999999976717],
              [186208.63, 352485.210000000020955],
              [186212.480000000010477, 352487.85999999998603],
              [186216.980000000010477, 352490.919999999983702],
              [186221.950000000011642, 352494.330000000016298],
              [186228.886, 352498.507999999972526],
              [186232.07, 352500.425999999977648],
              [186233.927, 352501.544],
              [186231.014, 352502.560999999986961],
              [186225.63, 352504.549999999988358],
              [186217.57, 352511.43],
              [186212.21, 352516.200000000011642],
              [186206.54, 352523.81],
              [186204.65, 352530.12],
              [186203.25, 352538.94],
              [186201.97, 352546.14000000001397],
              [186200.69, 352553.19],
              [186198.480000000010477, 352561.270000000018626],
              [186197.19, 352563.580000000016298],
              [186191.31, 352570.64000000001397],
              [186188.41, 352573.909999999974389],
              [186185.68, 352577.650000000023283],
              [186182.299999999988358, 352581.93],
              [186180.21, 352587.28000000002794],
              [186178.26, 352592.57],
              [186176.51, 352599.419999999983702],
              [186174.79, 352604.37],
              [186172.230000000010477, 352610.340000000025611],
              [186168.72, 352619.35999999998603],
              [186167.68, 352621.93],
              [186166.68, 352627.69],
              [186165.60999999998603, 352634.669999999983702],
              [186164.60999999998603, 352643.0],
              [186164.75, 352644.63],
              [186162.79, 352648.830000000016298],
              [186159.07, 352652.090000000025611],
              [186156.49, 352653.650000000023283],
              [186153.170000000012806, 352653.520000000018626],
              [186149.920000000012806, 352652.849999999976717],
              [186145.920000000012806, 352651.669999999983702],
              [186139.34, 352649.919999999983702],
              [186133.99, 352648.37],
              [186131.950000000011642, 352648.039999999979045],
              [186129.65, 352648.18],
              [186128.019999999989523, 352648.659999999974389],
              [186126.4, 352649.539999999979045],
              [186125.25, 352650.35999999998603],
              [186124.299999999988358, 352651.349999999976717],
              [186120.920000000012806, 352655.080000000016298],
              [186119.57, 352656.840000000025611],
              [186118.49, 352659.76],
              [186115.799999999988358, 352669.38],
              [186113.31, 352681.099999999976717],
              [186112.519999999989523, 352685.32],
              [186111.91, 352687.289999999979045],
              [186109.68, 352691.21999999997206],
              [186107.579999999987194, 352693.599999999976717],
              [186105.019999999989523, 352696.169999999983702],
              [186098.12, 352703.57],
              [186093.79, 352709.400000000023283],
              [186089.49, 352716.44],
              [186087.200000000011642, 352719.62],
              [186082.6, 352724.099999999976717],
              [186074.54, 352728.19],
              [186066.22, 352732.549999999988358],
              [186063.10999999998603, 352734.38],
              [186061.420000000012806, 352735.950000000011642],
              [186059.39000000001397, 352738.729999999981374],
              [186056.91, 352750.580000000016298],
              [186056.64000000001397, 352751.99],
              [186051.16, 352757.76],
              [186042.35999999998603, 352760.830000000016298],
              [186038.980000000010477, 352761.93],
              [186034.269999999989523, 352763.62],
              [186029.269999999989523, 352765.87],
              [186024.13, 352769.200000000011642],
              [186017.769999999989523, 352773.960000000020955],
              [186013.170000000012806, 352777.35999999998603],
              [186007.25, 352781.400000000023283],
              [186001.43, 352783.64000000001397],
              [185996.16, 352785.960000000020955],
              [185986.75, 352789.44],
              [185981.41, 352792.99],
              [185979.51, 352795.35999999998603],
              [185978.72, 352800.51],
              [185979.94, 352803.080000000016298],
              [185983.68, 352807.46999999997206],
              [185985.72, 352809.770000000018626],
              [185986.53, 352811.53000000002794],
              [185987.28, 352813.49],
              [185987.1, 352816.18],
              [185986.22, 352818.89000000001397],
              [185984.4, 352821.669999999983702],
              [185981.97, 352824.450000000011642],
              [185978.39000000001397, 352828.85999999998603],
              [185971.66, 352835.150000000023283],
              [185965.91, 352837.799999999988358],
              [185959.950000000011642, 352838.150000000023283],
              [185952.63, 352838.37],
              [185943.35, 352837.919999999983702],
              [185937.049999999988358, 352837.669999999983702],
              [185928.04, 352839.18],
              [185925.60999999998603, 352840.400000000023283],
              [185922.769999999989523, 352843.38],
              [185920.41, 352848.799999999988358],
              [185916.700000000011642, 352852.19],
              [185908.09, 352853.37],
              [185904.96, 352852.63],
              [185900.76, 352851.020000000018626],
              [185896.15, 352848.450000000011642],
              [185890.59, 352843.960000000020955],
              [185886.31, 352840.450000000011642],
              [185882.579999999987194, 352837.549999999988358],
              [185879.53, 352836.14000000001397],
              [185875.46, 352835.06],
              [185873.22, 352835.0],
              [185869.16, 352837.10999999998603],
              [185867.5, 352838.539999999979045],
              [185855.79, 352846.960000000020955],
              [185849.03, 352850.63],
              [185845.85, 352853.210000000020955],
              [185839.91, 352859.82],
              [185837.079999999987194, 352870.93],
              [185835.47, 352877.159999999974389],
              [185834.26, 352881.76],
              [185833.329999999987194, 352885.21999999997206],
              [185830.91, 352890.840000000025611],
              [185827.26, 352894.909999999974389],
              [185824.28, 352898.700000000011642],
              [185821.31, 352902.090000000025611],
              [185816.91, 352906.43],
              [185814.75, 352909.0],
              [185813.269999999989523, 352912.25],
              [185812.670000000012806, 352915.840000000025611],
              [185814.170000000012806, 352920.909999999974389],
              [185816.35, 352925.57],
              [185819.68, 352929.69],
              [185821.72, 352933.270000000018626],
              [185823.18, 352937.710000000020955],
              [185823.12, 352943.799999999988358],
              [185821.79, 352946.799999999988358],
              [185820.35, 352948.53000000002794],
              [185817.579999999987194, 352951.99],
              [185808.44, 352956.270000000018626],
              [185804.78, 352958.44],
              [185802.420000000012806, 352962.289999999979045],
              [185801.07, 352967.229999999981374],
              [185801.35, 352972.909999999974389],
              [185803.200000000011642, 352992.5],
              [185803.41, 352996.419999999983702],
              [185803.71, 353011.14000000001397],
              [185803.47, 353012.10999999998603],
              [185799.549999999988358, 353021.5],
              [185797.799999999988358, 353027.520000000018626],
              [185797.6, 353033.85999999998603],
              [185797.269999999989523, 353038.99],
              [185799.59, 353050.85999999998603],
              [185801.04, 353057.919999999983702],
              [185801.04, 353059.330000000016298],
              [185799.75, 353063.31],
              [185797.72, 353066.210000000020955],
              [185794.09, 353071.07],
              [185788.46, 353078.340000000025611],
              [185784.519999999989523, 353082.71999999997206],
              [185783.56, 353083.89000000001397],
              [185777.59, 353088.729999999981374],
              [185774.19, 353092.090000000025611],
              [185770.59, 353095.590000000025611],
              [185765.35999999998603, 353100.69],
              [185760.88, 353104.78000000002794],
              [185749.769999999989523, 353114.18],
              [185739.71, 353122.840000000025611],
              [185732.72, 353128.51],
              [185728.44, 353132.150000000023283],
              [185720.741, 353136.156000000017229],
              [185715.71, 353138.88],
              [185711.299999999988358, 353140.770000000018626],
              [185707.519999999989523, 353142.69],
              [185704.829999999987194, 353144.340000000025611],
              [185701.170000000012806, 353147.419999999983702],
              [185699.25, 353148.900000000023283],
              [185693.019999999989523, 353152.909999999974389],
              [185689.44, 353155.24],
              [185684.88, 353159.26],
              [185674.24, 353169.479999999981374],
              [185667.579999999987194, 353177.12],
              [185664.420000000012806, 353180.909999999974389],
              [185659.1, 353186.68],
              [185655.44, 353190.96999999997206],
              [185651.519999999989523, 353194.340000000025611],
              [185647.18, 353198.590000000025611],
              [185643.6, 353201.63],
              [185641.41, 353202.75],
              [185635.91, 353204.71999999997206],
              [185630.85999999998603, 353206.10999999998603],
              [185628.206, 353206.939000000013039],
              [185624.07, 353207.44],
              [185619.28, 353209.10999999998603],
              [185615.60999999998603, 353211.62],
              [185610.35, 353215.770000000018626],
              [185606.18, 353219.53000000002794],
              [185602.019999999989523, 353222.44],
              [185596.28, 353225.599999999976717],
              [185591.37, 353228.81],
              [185588.29, 353232.06],
              [185583.21, 353237.57],
              [185579.62, 353242.99],
              [185576.69, 353246.37],
              [185572.752, 353247.284999999974389],
              [185553.5, 353239.5],
              [185532.0, 353229.5],
              [185521.0, 353220.5],
              [185493.5, 353186.25],
              [185485.0, 353172.25],
              [185475.75, 353147.25],
              [185472.855000000010477, 353138.843999999982771],
              [185468.0, 353124.75],
              [185459.5, 353109.5],
              [185436.0, 353077.25],
              [185426.75, 353068.5],
              [185390.0, 353039.0],
              [185347.5, 353002.5],
              [185312.0, 352973.25],
              [185292.5, 352958.25],
              [185271.931000000011409, 352939.222],
              [185256.68, 352924.26],
              [185229.5, 352893.0],
              [185208.585, 352873.479],
              [185207.0, 352872.0],
              [185182.0, 352848.75],
              [185159.286, 352833.696],
              [185139.75, 352820.75],
              [185088.49, 352792.549999999988358],
              [185063.464, 352779.88900000002468],
              [185052.22, 352774.200000000011642],
              [185030.75, 352760.25],
              [185010.25, 352744.5],
              [185000.0, 352734.25],
              [184992.5, 352724.25],
              [184975.5, 352681.0],
              [184977.75, 352559.5],
              [184975.25, 352549.25],
              [184970.18, 352542.636999999987893],
              [184969.5, 352541.75],
              [184966.996000000013737, 352539.282],
              [184952.0, 352524.5],
              [184929.5, 352502.5],
              [184918.25, 352495.5],
              [184911.25, 352493.5],
              [184906.5, 352491.75],
              [184904.25, 352489.75],
              [184902.5, 352470.25],
              [184901.25, 352438.75],
              [184901.0, 352396.25],
              [184907.0, 352300.0],
              [184908.0, 352281.75],
              [184911.5, 352269.5],
              [184916.5, 352262.25],
              [184931.34, 352242.99],
              [184929.34, 352242.99],
              [184906.019999999989523, 352243.020000000018626],
              [184900.465, 352238.840000000025611],
              [184895.88, 352235.39000000001397],
              [184893.41, 352237.950000000011642],
              [184847.549999999988358, 352231.150000000023283],
              [184824.034000000014203, 352251.181999999971595],
              [184821.76, 352253.12],
              [184806.702, 352262.979],
              [184795.49, 352270.32],
              [184782.21, 352279.76],
              [184771.200000000011642, 352289.56],
              [184763.519999999989523, 352297.710000000020955],
              [184753.31, 352309.63],
              [184728.75099999998929, 352340.516],
              [184728.39000000001397, 352340.96999999997206],
              [184674.424999999988358, 352401.402],
              [184673.15, 352402.830000000016298],
              [184671.29, 352401.479999999981374],
              [184671.081, 352401.617000000027474],
              [184634.714, 352425.681999999971595],
              [184577.4, 352463.60999999998603],
              [184511.62, 352510.88],
              [184504.056000000011409, 352517.238000000012107],
              [184421.57, 352586.580000000016298],
              [184421.511999999987893, 352586.628000000026077],
              [184414.329999999987194, 352592.663999999989755],
              [184407.633, 352598.291000000026543],
              [184398.019, 352606.371999999973923],
              [184389.43, 352613.590000000025611],
              [184389.344000000011874, 352613.669],
              [184378.207, 352624.018999999971129],
              [184368.775, 352632.783999999985099],
              [184341.821999999985565, 352657.832],
              [184317.612, 352680.331],
              [184315.692000000010012, 352682.115],
              [184315.019999999989523, 352682.74],
              [184314.979, 352682.778],
              [184313.797, 352683.847],
              [184313.65, 352683.979999999981374],
              [184280.85999999998603, 352632.710000000020955],
              [184221.327, 352686.478],
              [184220.75, 352687.0],
              [184216.06, 352678.460000000020955],
              [184210.94, 352672.63],
              [184193.25, 352657.580000000016298],
              [184187.60999999998603, 352651.87],
              [184184.200000000011642, 352647.960000000020955],
              [184181.22, 352643.580000000016298],
              [184177.18, 352635.479999999981374],
              [184175.04, 352631.81],
              [184170.07, 352626.270000000018626],
              [184166.79, 352622.75],
              [184161.549999999988358, 352617.68],
              [184157.170000000012806, 352613.19],
              [184155.44, 352609.82],
              [184154.91, 352607.63],
              [184155.65, 352604.38],
              [184157.69, 352599.96999999997206],
              [184149.16, 352589.71999999997206],
              [184146.66, 352584.150000000023283],
              [184144.43, 352581.549999999988358],
              [184141.34, 352578.659999999974389],
              [184139.041999999986729, 352576.076],
              [184138.450000000011642, 352575.409999999974389],
              [184132.60999999998603, 352570.340000000025611],
              [184120.24, 352554.5],
              [184108.57, 352540.599999999976717],
              [184101.94, 352529.479999999981374],
              [184098.450000000011642, 352525.409999999974389],
              [184091.31, 352518.409999999974389],
              [184082.85, 352512.19],
              [184073.06, 352504.409999999974389],
              [184067.805, 352500.61099999997532],
              [184064.329999999987194, 352498.099999999976717],
              [184024.340999999985797, 352468.979],
              [184049.4, 352403.900000000023283],
              [184041.422, 352395.794],
              [184016.513, 352370.48499999998603],
              [184055.170000000012806, 352312.606000000028871],
              [184058.079999999987194, 352308.25],
              [183961.019999999989523, 352235.44],
              [183863.54, 352161.270000000018626],
              [183820.35, 352128.700000000011642],
              [183817.91, 352126.85999999998603],
              [183817.06, 352126.210000000020955],
              [183815.62, 352125.13],
              [183808.89000000001397, 352120.049999999988358],
              [183801.329999999987194, 352113.35999999998603],
              [183793.480000000010477, 352105.039999999979045],
              [183788.14000000001397, 352103.32],
              [183783.53, 352104.409999999974389],
              [183778.35999999998603, 352110.93],
              [183777.69, 352111.78000000002794],
              [183772.84, 352117.909999999974389],
              [183772.727000000013504, 352118.050999999977648],
              [183766.85999999998603, 352125.44],
              [183761.670000000012806, 352128.60999999998603],
              [183755.88, 352129.39000000001397],
              [183744.37, 352126.849999999976717],
              [183738.230000000010477, 352122.81],
              [183725.730000000010477, 352107.53000000002794],
              [183720.9, 352103.330000000016298],
              [183692.13, 352089.88],
              [183692.07, 352089.849999999976717],
              [183689.62, 352088.700000000011642],
              [183682.730000000010477, 352086.299999999988358],
              [183672.519999999989523, 352083.409999999974389],
              [183669.663999999989755, 352082.636],
              [183664.18, 352081.159999999974389],
              [183655.950000000011642, 352076.520000000018626],
              [183652.49, 352072.49],
              [183652.113000000012107, 352071.881999999983236],
              [183651.69, 352071.200000000011642],
              [183651.079999999987194, 352070.24],
              [183649.074, 352067.036000000021886],
              [183646.44, 352062.830000000016298],
              [183643.24, 352057.25],
              [183642.54, 352056.03000000002794],
              [183639.35999999998603, 352050.49],
              [183633.82, 352047.94],
              [183628.06, 352049.01],
              [183625.49, 352050.01],
              [183624.41, 352050.43],
              [183612.56, 352055.039999999979045],
              [183610.549999999988358, 352055.46999999997206],
              [183609.66, 352055.659999999974389],
              [183608.886, 352055.826],
              [183600.69, 352057.580000000016298],
              [183596.480000000010477, 352056.69],
              [183595.21, 352056.409999999974389],
              [183591.480000000010477, 352053.71999999997206],
              [183590.174999999988358, 352052.09499999997206],
              [183589.769999999989523, 352051.590000000025611],
              [183588.829999999987194, 352050.409999999974389],
              [183587.1, 352048.24],
              [183583.14000000001397, 352044.950000000011642],
              [183576.85999999998603, 352044.599999999976717],
              [183571.82, 352047.979999999981374],
              [183570.519999999989523, 352050.039999999979045],
              [183569.730000000010477, 352051.31],
              [183569.418, 352051.804],
              [183566.62, 352056.270000000018626],
              [183565.079999999987194, 352058.71999999997206],
              [183560.94, 352060.830000000016298],
              [183555.980000000010477, 352060.549999999988358],
              [183555.28, 352059.94],
              [183551.378, 352056.507999999972526],
              [183550.799999999988358, 352056.0],
              [183549.59, 352055.56],
              [183545.66, 352054.39000000001397],
              [183541.12, 352055.07],
              [183518.480000000010477, 352063.94],
              [183511.22, 352066.32],
              [183497.12, 352066.96999999997206],
              [183489.85999999998603, 352069.409999999974389],
              [183481.32, 352074.76],
              [183474.66, 352076.460000000020955],
              [183467.75, 352075.35999999998603],
              [183458.53, 352070.479999999981374],
              [183450.920000000012806, 352062.539999999979045],
              [183447.299999999988358, 352054.96999999997206],
              [183446.01, 352052.25],
              [183442.16, 352050.10999999998603],
              [183428.57, 352047.210000000020955],
              [183425.170000000012806, 352048.14000000001397],
              [183422.450000000011642, 352051.150000000023283],
              [183420.31, 352055.270000000018626],
              [183418.44, 352061.049999999988358],
              [183418.006, 352061.635],
              [183414.769999999989523, 352065.99],
              [183413.84, 352067.200000000011642],
              [183409.886, 352069.268999999971129],
              [183409.12, 352069.669999999983702],
              [183403.37, 352070.12],
              [183399.96, 352068.89000000001397],
              [183399.85, 352068.805999999982305],
              [183399.462999999988824, 352068.511999999987893],
              [183395.480000000010477, 352065.479999999981374],
              [183395.06, 352064.770000000018626],
              [183391.665, 352059.050999999977648],
              [183391.200000000011642, 352058.270000000018626],
              [183389.89000000001397, 352056.049999999988358],
              [183384.91, 352050.57],
              [183378.64000000001397, 352047.729999999981374],
              [183369.079999999987194, 352045.960000000020955],
              [183359.28, 352043.450000000011642],
              [183347.49, 352038.07],
              [183343.22, 352035.299999999988358],
              [183340.76, 352033.56],
              [183337.299999999988358, 352033.57],
              [183334.49, 352034.659999999974389],
              [183330.43, 352037.74],
              [183329.787000000011176, 352038.224999999976717],
              [183325.049999999988358, 352041.799999999988358],
              [183322.74, 352042.5],
              [183318.22, 352042.479999999981374],
              [183315.96, 352041.0],
              [183311.87, 352036.659999999974389],
              [183310.495, 352034.049],
              [183306.54, 352026.539999999979045],
              [183305.375, 352024.810999999986961],
              [183303.049999999988358, 352021.35999999998603],
              [183302.6, 352020.69],
              [183297.34, 352014.03000000002794],
              [183291.019999999989523, 352007.81],
              [183264.35999999998603, 351985.909999999974389],
              [183251.06, 351974.10999999998603],
              [183237.54, 351967.37],
              [183233.46, 351963.75],
              [183232.21, 351962.099999999976717],
              [183229.31, 351955.31],
              [183228.924, 351953.476000000024214],
              [183228.329999999987194, 351950.650000000023283],
              [183227.96, 351948.88],
              [183227.579999999987194, 351940.099999999976717],
              [183223.019999999989523, 351931.96999999997206],
              [183215.920000000012806, 351926.87],
              [183210.69, 351924.57],
              [183204.64000000001397, 351922.909999999974389],
              [183198.71, 351922.039999999979045],
              [183196.57, 351921.729999999981374],
              [183186.700000000011642, 351917.799999999988358],
              [183178.32, 351911.26],
              [183170.53, 351906.0],
              [183157.99, 351898.85999999998603],
              [183144.34, 351889.400000000023283],
              [183136.4, 351884.51],
              [183126.980000000010477, 351881.10999999998603],
              [183125.65, 351880.62],
              [183125.302, 351880.493000000016764],
              [183119.480000000010477, 351878.37],
              [183115.76, 351876.210000000020955],
              [183114.88, 351872.94],
              [183115.13200000001234, 351871.193000000028405],
              [183115.24, 351870.44],
              [183116.10999999998603, 351864.549999999988358],
              [183115.54, 351862.18],
              [183112.69, 351858.229999999981374],
              [183104.99, 351853.669999999983702],
              [183097.22, 351852.88],
              [183090.96, 351853.270000000018626],
              [183089.63, 351853.729999999981374],
              [183088.59, 351854.080000000016298],
              [183087.98499999998603, 351854.288],
              [183081.56, 351856.5],
              [183079.420000000012806, 351855.49],
              [183077.39000000001397, 351850.43],
              [183077.339, 351850.305],
              [183076.94, 351849.330000000016298],
              [183074.480000000010477, 351843.210000000020955],
              [183071.1, 351839.62],
              [183068.49, 351837.81],
              [183063.09, 351837.46999999997206],
              [183061.03, 351837.960000000020955],
              [183059.950000000011642, 351838.21999999997206],
              [183048.670000000012806, 351840.900000000023283],
              [183044.56, 351840.93],
              [183032.1, 351838.200000000011642],
              [183020.0, 351833.539999999979045],
              [183004.89000000001397, 351825.69],
              [182936.71, 351774.60999999998603],
              [182931.170000000012806, 351768.799999999988358],
              [182924.97, 351759.44],
              [182904.420000000012806, 351720.19],
              [182902.93, 351710.409999999974389],
              [182902.730000000010477, 351709.07],
              [182901.75, 351702.62],
              [182898.43, 351694.400000000023283],
              [182889.01, 351681.330000000016298],
              [182887.43, 351679.13],
              [182886.170000000012806, 351675.580000000016298],
              [182882.47, 351665.13],
              [182877.579999999987194, 351658.21999999997206],
              [182875.96, 351655.94],
              [182867.37, 351647.520000000018626],
              [182860.63, 351639.599999999976717],
              [182854.96, 351631.039999999979045],
              [182852.66, 351625.28000000002794],
              [182850.87, 351613.68],
              [182848.72, 351606.13],
              [182843.97, 351598.299999999988358],
              [182838.230000000010477, 351592.580000000016298],
              [182831.420000000012806, 351588.799999999988358],
              [182812.44, 351581.950000000011642],
              [182806.38, 351578.799999999988358],
              [182798.49, 351571.56],
              [182792.079999999987194, 351568.62],
              [182784.12, 351567.460000000020955],
              [182776.99, 351567.93],
              [182776.74, 351567.94],
              [182775.755, 351568.005],
              [182773.700000000011642, 351568.14000000001397],
              [182766.0, 351568.21999999997206],
              [182762.51, 351568.25],
              [182755.089, 351566.745],
              [182753.63, 351566.450000000011642],
              [182750.39000000001397, 351564.10999999998603],
              [182749.003999999986263, 351562.28000000002794],
              [182748.170000000012806, 351561.18],
              [182746.89000000001397, 351558.590000000025611],
              [182746.329999999987194, 351557.460000000020955],
              [182745.897999999986496, 351553.990999999979977],
              [182745.78, 351553.039999999979045],
              [182745.730000000010477, 351544.919999999983702],
              [182745.21, 351543.94],
              [182744.200000000011642, 351542.039999999979045],
              [182741.41, 351539.85999999998603],
              [182737.15, 351541.0],
              [182734.24, 351543.76],
              [182730.4, 351547.38],
              [182728.74, 351547.89000000001397],
              [182722.9, 351546.99],
              [182721.799999999988358, 351546.49],
              [182719.638, 351545.5],
              [182719.43, 351545.409999999974389],
              [182717.57, 351544.56],
              [182711.54, 351538.46999999997206],
              [182710.049999999988358, 351535.409999999974389],
              [182709.991, 351535.125],
              [182709.950000000011642, 351534.93],
              [182709.72, 351533.85999999998603],
              [182708.519999999989523, 351528.14000000001397],
              [182706.37, 351522.099999999976717],
              [182702.01, 351517.89000000001397],
              [182691.78, 351511.979999999981374],
              [182683.0, 351506.340000000025611],
              [182681.99, 351505.69],
              [182671.49, 351504.349999999976717],
              [182656.579999999987194, 351502.450000000011642],
              [182654.09, 351501.729999999981374],
              [182647.329999999987194, 351497.28000000002794],
              [182638.200000000011642, 351489.75],
              [182633.980000000010477, 351487.56],
              [182624.22, 351484.28000000002794],
              [182617.06, 351480.76],
              [182613.15, 351476.74],
              [182611.170000000012806, 351474.700000000011642],
              [182607.019999999989523, 351472.28000000002794],
              [182603.43, 351472.150000000023283],
              [182600.420000000012806, 351473.19],
              [182596.22, 351474.650000000023283],
              [182588.84, 351476.64000000001397],
              [182582.5, 351476.580000000016298],
              [182576.15, 351475.87],
              [182567.31, 351473.349999999976717],
              [182563.450000000011642, 351472.25],
              [182532.14000000001397, 351461.21999999997206],
              [182518.65, 351455.549999999988358],
              [182482.56, 351442.71999999997206],
              [182461.66, 351438.289999999979045],
              [182455.03, 351435.590000000025611],
              [182448.59, 351431.81],
              [182443.78, 351429.090000000025611],
              [182440.0, 351427.87],
              [182430.26, 351427.700000000011642],
              [182424.4, 351429.19],
              [182412.829999999987194, 351434.520000000018626],
              [182409.0, 351434.35999999998603],
              [182404.51, 351432.03000000002794],
              [182400.04, 351423.46999999997206],
              [182398.0, 351419.56],
              [182396.519999999989523, 351417.5],
              [182390.49, 351411.400000000023283],
              [182383.730000000010477, 351407.950000000011642],
              [182372.37, 351407.590000000025611],
              [182363.31, 351407.299999999988358],
              [182358.51, 351406.53000000002794],
              [182335.24, 351395.400000000023283],
              [182318.75, 351389.03000000002794],
              [182317.279, 351396.229],
              [182315.655999999988126, 351404.169999999983702],
              [182308.71, 351438.218],
              [182248.445, 351733.617000000027474],
              [182233.24, 351733.539999999979045],
              [182225.51, 351735.710000000020955],
              [182217.25, 351736.99],
              [182192.21, 351744.020000000018626],
              [182177.62, 351747.5],
              [182154.519999999989523, 351754.21999999997206],
              [182137.69, 351759.68],
              [182137.041999999986729, 351759.795999999972992],
              [182114.76, 351763.789999999979045],
              [182118.51, 351766.840000000025611],
              [182160.25099999998929, 351834.788],
              [182170.1, 351850.82],
              [182184.1, 351871.200000000011642],
              [182176.549999999988358, 351875.710000000020955],
              [182281.18, 352068.38],
              [182280.052, 352069.118000000016764],
              [182231.14000000001397, 352101.12],
              [182303.519999999989523, 352181.289999999979045],
              [182356.188, 352212.745999999984633],
              [182378.75, 352231.580000000016298],
              [182401.21, 352259.849999999976717],
              [182442.41, 352288.520000000018626],
              [182443.881, 352318.702],
              [182444.10999999998603, 352323.409999999974389],
              [182444.056000000011409, 352329.246999999973923],
              [182443.329999999987194, 352407.539999999979045],
              [182443.337, 352407.59499999997206],
              [182447.85, 352441.03000000002794],
              [182440.764, 352591.761],
              [182438.064000000013039, 352649.189000000013039],
              [182434.450000000011642, 352726.06],
              [182367.31, 352723.520000000018626],
              [182324.18, 352639.14000000001397],
              [182255.84, 352682.039999999979045],
              [182207.82, 352688.74],
              [182194.09, 352695.12],
              [182205.87, 352716.349999999976717],
              [182252.14000000001397, 352711.599999999976717],
              [182251.457, 352716.782],
              [182250.519, 352723.902],
              [182226.932, 352902.88],
              [182220.865, 352948.914999999979045],
              [182144.269999999989523, 352946.517999999981839],
              [182058.03, 352943.82],
              [182059.85999999998603, 352923.700000000011642],
              [182064.07, 352889.85999999998603],
              [182070.769999999989523, 352855.200000000011642],
              [182088.39000000001397, 352793.21999999997206],
              [182083.01, 352792.919999999983702],
              [182005.950000000011642, 352848.729999999981374],
              [181987.22, 352855.19],
              [181979.700000000011642, 352853.349999999976717],
              [181953.12, 352841.88],
              [181947.75, 352857.63],
              [181897.230000000010477, 352852.06],
              [181875.905, 352849.353],
              [181868.980000000010477, 352845.063000000023749],
              [181847.57, 352831.799999999988358],
              [181796.4, 352824.585000000020955],
              [181793.587, 352824.188000000023749],
              [181789.420000000012806, 352823.599999999976717],
              [181752.10999999998603, 353238.78000000002794],
              [181746.81, 353309.330000000016298],
              [181742.97, 353363.979999999981374],
              [181750.56, 353398.229999999981374],
              [181783.272, 353445.628000000026077],
              [181783.46, 353445.900000000023283],
              [181799.450000000011642, 353462.669999999983702],
              [181804.15, 353468.10999999998603],
              [181829.700000000011642, 353468.049999999988358],
              [181843.54, 353473.63],
              [181857.46, 353475.409999999974389],
              [181868.25, 353474.71999999997206],
              [181876.53, 353471.650000000023283],
              [181881.65, 353463.799999999988358],
              [181889.208000000013271, 353450.128000000026077],
              [181895.15, 353439.38],
              [181910.10999999998603, 353413.049999999988358],
              [181914.483, 353409.308000000019092],
              [181916.89000000001397, 353409.479999999981374],
              [181926.93, 353415.099999999976717],
              [181932.04, 353416.159999999974389],
              [181938.04, 353416.200000000011642],
              [181943.63, 353414.87],
              [181952.1, 353411.68],
              [181955.799999999988358, 353411.200000000011642],
              [181958.200000000011642, 353413.099999999976717],
              [181959.5, 353415.299999999988358],
              [181960.0, 353419.799999999988358],
              [181960.299999999988358, 353435.210000000020955],
              [181961.74, 353438.299999999988358],
              [181966.19, 353444.26],
              [181968.60999999998603, 353446.43],
              [181972.63, 353449.099999999976717],
              [181978.513, 353452.297000000020489],
              [181978.96, 353452.539999999979045],
              [182174.5, 353529.099999999976717],
              [182207.178000000014435, 353524.364],
              [182234.35999999998603, 353520.400000000023283],
              [182264.75, 353530.229999999981374],
              [182288.4, 353549.01],
              [182334.24, 353585.409999999974389],
              [182341.64000000001397, 353591.450000000011642],
              [182356.43, 353603.159999999974389],
              [182452.71, 353669.89000000001397],
              [182450.306000000011409, 353673.685999999986961],
              [182427.07, 353710.38],
              [182289.71, 353737.74],
              [182239.03, 353741.89000000001397],
              [182197.93, 353744.78000000002794],
              [182139.84, 353749.580000000016298],
              [182063.242, 353763.271],
              [182054.700000000011642, 353764.798],
              [182041.54, 353767.150000000023283],
              [182024.1, 353774.950000000011642],
              [182020.47, 353786.21999999997206],
              [182015.10999999998603, 353800.28000000002794],
              [182011.269999999989523, 353809.669999999983702],
              [182003.019999999989523, 353822.539999999979045],
              [181998.730000000010477, 353827.26],
              [181981.377, 353839.295999999972992],
              [181977.35, 353842.090000000025611],
              [181979.5, 353846.71999999997206],
              [182011.14000000001397, 353892.520000000018626],
              [182064.6, 353980.38],
              [182071.22, 353993.159999999974389],
              [182104.230000000010477, 354079.590000000025611],
              [182128.15, 354142.099999999976717],
              [182145.91, 354187.53000000002794],
              [182150.01, 354197.76],
              [182149.519999999989523, 354199.26],
              [182141.56, 354206.12],
              [182141.18, 354208.03000000002794],
              [182141.29, 354209.82],
              [182182.97, 354297.19],
              [182236.348, 354408.316999999980908],
              [182238.41, 354412.60999999998603],
              [182225.655999999988126, 354423.533],
              [182167.590999999985797, 354473.261999999987893],
              [182163.571999999985565, 354476.704000000027008],
              [181566.34, 354988.200000000011642],
              [181563.50700000001234, 354988.680999999982305],
              [181521.809, 354995.757999999972526],
              [181496.534000000014203, 355000.047000000020489],
              [181418.342, 355013.318000000028405],
              [181329.78, 355028.349999999976717],
              [181226.99, 355026.503000000026077],
              [181202.35999999998603, 355026.06],
              [180786.579, 355069.428000000014435],
              [180783.019999999989523, 355069.799999999988358],
              [180845.769999999989523, 355175.099999999976717],
              [180843.462999999988824, 355175.776000000012573],
              [180840.31, 355176.700000000011642],
              [180731.65, 355208.343],
              [180592.54, 355248.854],
              [180588.158, 355250.13],
              [180584.76, 355251.12],
              [180600.82, 355278.12],
              [180600.086000000010245, 355278.76400000002468],
              [180596.63, 355281.799999999988358],
              [180495.162000000011176, 355369.00099999998929],
              [180491.047, 355372.538],
              [180300.13, 355536.60999999998603],
              [180292.96, 355524.599999999976717],
              [180288.340999999985797, 355526.612000000022817],
              [180216.14000000001397, 355558.066999999980908],
              [180098.182, 355609.457],
              [180058.579999999987194, 355626.710000000020955],
              [180010.41, 355586.061999999976251],
              [179948.908, 355534.163999999989755],
              [179894.329999999987194, 355488.10999999998603],
              [179890.286, 355464.885],
              [179880.25, 355407.31],
              [179813.84, 355420.19],
              [179758.464, 355373.602000000013504],
              [179757.63, 355372.900000000023283],
              [179753.604, 355369.299999999988358],
              [179672.66, 355296.909999999974389],
              [179648.60999999998603, 355096.13],
              [179641.19, 355097.020000000018626],
              [179586.798, 355228.091000000014901],
              [179573.15, 355260.979999999981374],
              [179570.1, 355261.14000000001397],
              [179567.0, 355262.479999999981374],
              [179562.4, 355265.28000000002794],
              [179557.481, 355272.338999999978114],
              [179546.4, 355288.24],
              [179545.74900000001071, 355288.891],
              [179542.35, 355292.289999999979045],
              [179541.78, 355286.28000000002794],
              [179537.34, 355279.64000000001397],
              [179528.29, 355274.020000000018626],
              [179416.35999999998603, 355256.840000000025611],
              [179397.88, 355255.13],
              [179390.480000000010477, 355254.909999999974389],
              [179236.68, 355256.5],
              [179234.670000000012806, 355256.210000000020955],
              [179233.079999999987194, 355255.409999999974389],
              [179231.769999999989523, 355254.10999999998603],
              [179230.88, 355252.289999999979045],
              [179210.670000000012806, 355157.51],
              [179210.34, 355155.919999999983702],
              [179209.549999999988358, 355154.76],
              [179208.579999999987194, 355154.06],
              [179207.269999999989523, 355153.659999999974389],
              [179094.96, 355147.89000000001397],
              [179092.01, 355147.43],
              [179086.68, 355146.080000000016298],
              [179026.9, 355131.419999999983702],
              [179023.230000000010477, 355130.419999999983702],
              [179013.670000000012806, 355127.06],
              [178972.07, 355112.12],
              [178969.03, 355112.13],
              [178967.019999999989523, 355112.82],
              [178965.46, 355114.06],
              [178963.60999999998603, 355116.74],
              [178962.93, 355118.099999999976717],
              [178937.97, 355174.080000000016298],
              [178932.53, 355185.979999999981374],
              [178930.980000000010477, 355188.210000000020955],
              [178929.39000000001397, 355189.99],
              [178927.519999999989523, 355191.32],
              [178924.950000000011642, 355192.24],
              [178920.37, 355193.10999999998603],
              [178916.37, 355193.450000000011642],
              [178912.21, 355193.21999999997206],
              [178908.450000000011642, 355192.650000000023283],
              [178905.769999999989523, 355192.340000000025611],
              [178902.88, 355192.349999999976717],
              [178899.51, 355192.590000000025611],
              [178894.01, 355193.520000000018626],
              [178877.670000000012806, 355198.24],
              [178871.65, 355200.080000000016298],
              [178864.769999999989523, 355201.49],
              [178862.64000000001397, 355201.69],
              [178861.15, 355202.28000000002794],
              [178860.4, 355202.93],
              [178850.68, 355183.020000000018626],
              [178844.013, 355182.775000000023283],
              [178787.307, 355180.688000000023749],
              [178763.170000000012806, 355179.799999999988358],
              [178725.549999999988358, 355173.63],
              [178741.090999999985797, 355115.256],
              [178741.950000000011642, 355112.03000000002794],
              [178648.10999999998603, 355082.601000000024214],
              [178639.21, 355079.81],
              [178631.049999999988358, 355149.24],
              [178627.305, 355149.239],
              [178579.170000000012806, 355149.21999999997206],
              [178578.59, 355131.24],
              [178541.9, 355127.979999999981374],
              [178542.38, 355131.349999999976717],
              [178398.74, 355106.799999999988358],
              [178389.307, 355069.637999999977183],
              [178389.28, 355069.53000000002794],
              [178388.03, 355064.68],
              [178245.82, 355084.200000000011642],
              [178117.264, 355048.927000000025146],
              [178113.63, 355047.93],
              [178119.31, 355028.599999999976717],
              [178113.011, 355028.941],
              [178079.079999999987194, 355030.78000000002794],
              [178011.72, 354995.479999999981374],
              [178003.329999999987194, 354983.161000000021886],
              [178000.53, 354979.049999999988358],
              [177964.343, 354970.128000000026077],
              [177883.03, 354950.080000000016298],
              [177835.221, 354903.967],
              [177766.484, 354837.669],
              [177649.994, 354725.314000000013039],
              [177592.859, 354670.207],
              [177588.035, 354665.554],
              [177543.730000000010477, 354622.821],
              [177533.714, 354613.161000000021886],
              [177525.18, 354604.93],
              [177481.0, 354672.080000000016298],
              [177506.39000000001397, 354720.669999999983702],
              [177428.0, 354763.830000000016298],
              [177431.0, 354786.299999999988358],
              [177259.87, 354792.169999999983702],
              [177143.234, 354807.488000000012107],
              [177135.247, 354808.537000000011176],
              [176968.503999999986263, 354830.435],
              [176961.230000000010477, 354831.39000000001397],
              [176983.200000000011642, 354977.74],
              [176825.799999999988358, 354971.60999999998603],
              [176829.299999999988358, 354990.039999999979045],
              [176794.53, 354993.223],
              [176745.09, 354997.75],
              [176720.78, 354954.64000000001397],
              [176702.6, 354967.82],
              [176698.07, 354961.21999999997206],
              [176651.72, 354986.81],
              [176621.29, 354992.21999999997206],
              [176599.203, 354954.576],
              [176596.173, 354949.411000000021886],
              [176587.799999999988358, 354935.14000000001397],
              [176574.25, 354906.483],
              [176542.14000000001397, 354838.57],
              [176517.325000000011642, 354849.914999999979045],
              [176484.68, 354864.838999999978114],
              [176464.049999999988358, 354874.270000000018626],
              [176462.287000000011176, 354879.811999999976251],
              [176460.983, 354883.913],
              [176456.85999999998603, 354896.88],
              [176420.420000000012806, 354908.210000000020955],
              [176391.298, 354914.528],
              [176383.269999999989523, 354916.270000000018626],
              [176356.980000000010477, 354925.85999999998603],
              [176320.237, 354947.728],
              [176320.15, 354947.78000000002794],
              [176314.375, 354950.082999999984168],
              [176294.82, 354957.88],
              [176279.0, 354969.32],
              [176296.54, 354991.14000000001397],
              [176281.06, 355012.57],
              [176268.43, 355024.0],
              [176196.54, 355070.26],
              [176202.94, 355119.43],
              [176158.09, 355146.13],
              [176149.31, 355150.400000000023283],
              [176137.66, 355153.729999999981374],
              [176129.46, 355155.099999999976717],
              [176115.29, 355155.51],
              [176084.10999999998603, 355153.599999999976717],
              [176021.799999999988358, 355152.5],
              [175976.28, 355081.840000000025611],
              [175954.279, 355076.467],
              [175953.84, 355076.35999999998603],
              [175944.538999999989755, 355074.079000000027008],
              [175894.07, 355061.700000000011642],
              [175844.0, 355049.450000000011642],
              [175765.155, 355015.659999999974389],
              [175755.049999999988358, 355011.330000000016298],
              [175753.76, 355005.340000000025611],
              [175671.700000000011642, 354991.21999999997206],
              [175560.1, 355041.400000000023283],
              [175552.769999999989523, 355044.330000000016298],
              [175546.51, 355045.400000000023283],
              [175541.41, 355044.599999999976717],
              [175536.76, 355042.68],
              [175532.170000000012806, 355037.830000000016298],
              [175511.602000000013504, 354958.224999999976717],
              [175507.26, 354941.419999999983702],
              [175468.01, 354928.659999999974389],
              [175465.833000000013271, 354927.950000000011642],
              [175464.255, 354927.435],
              [175385.897999999986496, 354901.88],
              [175325.04, 354882.031000000017229],
              [175324.700000000011642, 354881.919999999983702],
              [175314.932, 354878.734],
              [175308.230000000010477, 354876.548],
              [175289.5, 354870.44],
              [175283.601, 354868.533999999985099],
              [175234.63, 354852.710000000020955],
              [175231.0, 354851.789999999979045],
              [175230.799999999988358, 354851.74],
              [175228.57, 354865.539999999979045],
              [175228.297, 354876.24],
              [175228.006, 354887.650000000023283],
              [175227.64000000001397, 354902.020000000018626],
              [175226.0, 354915.96999999997206],
              [175222.88, 354956.35999999998603],
              [175221.81, 354968.06],
              [175218.9, 354985.35999999998603],
              [175220.700000000011642, 355004.21999999997206],
              [175220.25, 355019.450000000011642],
              [175217.35999999998603, 355041.169999999983702],
              [175212.43, 355055.460000000020955],
              [175208.10999999998603, 355065.349999999976717],
              [175200.82, 355071.68],
              [175169.10999999998603, 355089.229999999981374],
              [175156.459, 355094.96999999997206],
              [175127.74, 355108.0],
              [175101.579999999987194, 355116.479999999981374],
              [175082.980000000010477, 355121.68],
              [175039.14000000001397, 355138.210000000020955],
              [175019.89000000001397, 355147.049999999988358],
              [175002.5, 355153.669999999983702],
              [174981.57, 355160.419999999983702],
              [174944.85999999998603, 355170.409999999974389],
              [174923.54, 355172.270000000018626],
              [174913.46, 355174.78000000002794],
              [174879.1, 355180.960000000020955],
              [174844.63, 355188.71999999997206],
              [174815.769999999989523, 355192.07],
              [174793.011, 355188.009000000020023],
              [174778.93, 355185.44],
              [174764.65, 355177.76],
              [174759.9, 355174.88],
              [174739.41, 355166.13],
              [174728.049999999988358, 355166.49],
              [174712.39000000001397, 355167.450000000011642],
              [174690.25, 355171.210000000020955],
              [174676.269999999989523, 355175.51],
              [174658.21, 355184.94],
              [174656.048, 355186.396],
              [174636.4, 355201.74],
              [174622.16, 355205.479999999981374],
              [174610.97, 355201.979999999981374],
              [174600.18, 355198.44],
              [174569.13, 355200.590000000025611],
              [174533.85999999998603, 355201.32],
              [174517.79, 355202.87],
              [174500.200000000011642, 355204.69],
              [174481.277, 355209.784999999974389],
              [174477.420000000012806, 355210.62],
              [174460.32, 355221.830000000016298],
              [174452.478, 355228.185],
              [174445.96, 355233.950000000011642],
              [174435.836000000010245, 355236.205000000016298],
              [174423.65, 355238.919999999983702],
              [174387.04, 355245.5],
              [174373.81, 355244.400000000023283],
              [174358.99, 355242.38],
              [174350.26, 355240.400000000023283],
              [174343.170000000012806, 355237.94],
              [174334.65, 355234.460000000020955],
              [174315.16, 355225.82],
              [174308.87, 355222.460000000020955],
              [174297.49, 355212.409999999974389],
              [174294.09, 355210.830000000016298],
              [174279.28, 355205.669999999983702],
              [174269.1, 355198.94],
              [174257.1, 355193.299999999988358],
              [174238.59, 355182.669999999983702],
              [174229.170000000012806, 355178.14000000001397],
              [174227.0, 355177.28000000002794],
              [174213.920000000012806, 355177.539999999979045],
              [174199.76, 355181.93],
              [174184.94, 355184.18],
              [174166.339, 355185.135],
              [174155.85, 355185.69],
              [174141.420000000012806, 355185.830000000016298],
              [174135.4, 355183.75099999998929],
              [174129.0, 355181.539999999979045],
              [174118.279, 355174.924],
              [174103.829999999987194, 355165.12],
              [174088.200000000011642, 355156.89000000001397],
              [174077.82, 355147.99],
              [174069.049, 355142.056999999971595],
              [174064.19, 355138.770000000018626],
              [174059.627, 355135.191999999980908],
              [174056.13, 355132.451],
              [174040.519999999989523, 355118.919999999983702],
              [174030.94, 355112.090000000025611],
              [174013.97, 355102.51],
              [174003.96, 355099.68],
              [173978.35999999998603, 355078.950000000011642],
              [173967.39000000001397, 355070.32],
              [173960.700000000011642, 355071.18],
              [173956.920000000012806, 355072.43],
              [173950.450000000011642, 355074.62],
              [173948.62, 355074.69],
              [173936.63, 355071.44],
              [173934.203, 355075.522999999986496],
              [173847.62599999998929, 355221.202],
              [173842.678000000014435, 355229.527],
              [173829.81, 355251.18],
              [173791.075000000011642, 355316.544],
              [173761.41, 355366.602000000013504],
              [173722.356999999989057, 355432.503000000026077],
              [173697.556000000011409, 355474.354],
              [173651.769999999989523, 355551.617000000027474],
              [173577.613000000012107, 355676.754000000015367],
              [173538.179, 355743.297000000020489],
              [173454.299999999988358, 355884.840000000025611],
              [173452.22, 355888.34499999997206],
              [173446.839, 355897.413999999989755],
              [173407.818, 355963.180999999982305],
              [173352.51, 356056.400000000023283],
              [173655.85999999998603, 356126.919999999983702],
              [173644.209, 356173.183000000019092],
              [173591.557, 356382.255],
              [173570.378, 356466.354999999981374],
              [173570.102000000013504, 356467.450000000011642],
              [173567.37400000001071, 356478.278999999980442],
              [173560.15, 356506.96999999997206],
              [173121.26, 356759.39000000001397],
              [172883.07, 356868.468999999982771],
              [172784.86799999998766, 356913.44],
              [172444.326, 357069.391],
              [172438.04, 357072.270000000018626],
              [172415.193, 357081.539999999979045],
              [172062.715, 357224.560999999986961],
              [170710.200000000011642, 357773.35999999998603],
              [170565.299999999988358, 357831.99],
              [170491.810999999986961, 357861.81],
              [169917.506, 358094.849999999976717],
              [169776.049999999988358, 358152.25],
              [169733.731999999989057, 358169.433000000019092],
              [169650.291999999986729, 358203.310999999986961],
              [169600.405, 358223.566999999980908],
              [169555.855000000010477, 358241.65500000002794],
              [169338.098999999987427, 358330.071],
              [169130.121000000013737, 358414.517999999981839],
              [169055.049999999988358, 358445.0],
              [168963.856999999989057, 358481.949000000022352],
              [168721.054, 358580.324000000022352],
              [168669.38, 358601.26],
              [168654.106999999989057, 358607.506],
              [168653.86799999998766, 358607.603],
              [168633.915, 358615.713999999978114],
              [168164.59, 358806.35999999998603],
              [168069.269999999989523, 358844.56],
              [167494.51, 359074.900000000023283],
              [167677.75700000001234, 359128.368000000016764],
              [167812.721, 359167.74800000002142],
              [167886.927, 359189.400000000023283],
              [167891.450000000011642, 359190.71999999997206],
              [168085.863000000012107, 359248.222],
              [168369.577, 359332.136999999987893],
              [168687.13, 359426.06],
              [168887.813, 359484.788999999989755],
              [169132.261, 359556.325000000011642],
              [169315.668, 359609.99800000002142],
              [169318.353, 359610.783999999985099],
              [169468.25, 359654.650000000023283],
              [169470.965999999985797, 359574.62300000002142],
              [169475.4, 359444.039999999979045],
              [169902.72, 359592.022],
              [169998.571999999985565, 359625.15500000002794],
              [170195.344000000011874, 359693.254000000015367],
              [170262.011999999987893, 359716.343],
              [170553.633, 359817.287000000011176],
              [170556.730000000010477, 359818.35999999998603],
              [170566.596, 359821.775000000023283],
              [170576.207, 359825.102000000013504],
              [170587.221, 359828.914999999979045],
              [170662.321, 359854.912000000011176],
              [170662.718, 359855.049],
              [170694.691, 359866.117000000027474],
              [170715.666, 359873.378000000026077],
              [170719.731999999989057, 359874.786000000021886],
              [170729.435999999986961, 359878.145000000018626],
              [170963.74299999998766, 359959.254000000015367],
              [170976.911, 359963.811999999976251],
              [171014.286, 359976.75],
              [171027.022999999986496, 359981.158999999985099],
              [171110.594000000011874, 360010.088999999978114],
              [171175.767, 360032.650000000023283],
              [171242.212, 360484.582999999984168],
              [171248.245, 360525.625],
              [171273.769999999989523, 360699.272999999986496],
              [171274.84, 360706.549],
              [171282.394999999989523, 360757.949000000022352],
              [171323.00700000001234, 361034.233],
              [171324.098, 361041.653],
              [171367.329, 361335.75],
              [171421.075000000011642, 361701.38],
              [171494.6, 362201.57],
              [171494.975, 362204.109],
              [171496.47, 362214.229999999981374],
              [171496.653, 362218.196999999985565],
              [171496.93, 362224.200000000011642],
              [171560.128999999986263, 363579.75099999998929],
              [171560.21, 363581.49],
              [171561.18, 363602.57],
              [171561.267, 363604.674999999988358],
              [171561.579999999987194, 363612.24],
              [171566.24, 363712.10999999998603],
              [171570.730000000010477, 363811.900000000023283],
              [171575.299999999988358, 363911.770000000018626],
              [171580.03, 364011.63],
              [171584.66, 364111.479999999981374],
              [171589.329999999987194, 364211.340000000025611],
              [171593.9, 364311.19],
              [171598.769999999989523, 364410.979999999981374],
              [171603.480000000010477, 364510.94],
              [171608.670000000012806, 364620.64000000001397],
              [171613.07, 364710.450000000011642],
              [171637.49, 364828.960000000020955],
              [171661.94, 364948.87],
              [171694.508, 365000.0],
              [171715.63, 365033.159999999974389],
              [171769.200000000011642, 365117.539999999979045],
              [171822.84, 365201.849999999976717],
              [171876.47, 365286.210000000020955],
              [171917.35, 365350.950000000011642],
              [171983.71, 365455.099999999976717],
              [172037.29, 365539.450000000011642],
              [172090.74, 365623.71999999997206],
              [172147.200000000011642, 365712.669999999983702],
              [172197.87, 365792.539999999979045],
              [172237.97, 365851.450000000011642],
              [172243.215, 365859.153],
              [172254.21, 365875.299999999988358],
              [172422.59, 366123.099999999976717],
              [172534.99, 366288.419999999983702],
              [172588.799999999988358, 366367.44],
              [172761.24, 366619.53000000002794],
              [172769.31, 366631.340000000025611],
              [172777.49, 366643.28000000002794],
              [172779.283, 366645.902],
              [172781.994, 366649.865999999979977],
              [172793.699, 366666.982000000018161],
              [172800.75700000001234, 366677.302000000025146],
              [172804.098999999987427, 366682.186999999976251],
              [172814.231999999989057, 366696.99900000001071],
              [172850.361, 366749.813000000023749],
              [172853.231, 366754.007999999972526],
              [172853.574, 366754.51],
              [172874.755, 366785.472],
              [172875.340999999985797, 366786.329000000027008],
              [172878.351, 366790.729],
              [172901.981, 366825.270000000018626],
              [172913.071999999985565, 366841.483],
              [172920.769, 366852.73499999998603],
              [173260.94, 367349.96999999997206],
              [173463.480000000010477, 367646.039999999979045],
              [173490.730000000010477, 367685.85999999998603],
              [173491.69, 367687.262999999977183],
              [173650.047, 367918.738000000012107],
              [173732.872, 368039.805999999982305],
              [173752.79, 368068.919999999983702],
              [174059.670000000012806, 368487.78000000002794],
              [174310.908, 368830.755],
              [174491.730000000010477, 369077.599999999976717],
              [174711.75700000001234, 369378.00099999998929],
              [174734.06, 369408.450000000011642],
              [174805.18, 369499.93],
              [174830.946999999985565, 369535.813000000023749],
              [174859.15, 369575.090000000025611],
              [174863.534000000014203, 369576.444000000017695],
              [174864.568999999988591, 369576.76400000002468],
              [174865.701, 369577.113000000012107],
              [174866.647999999986496, 369577.408],
              [174942.078, 369600.903999999980442],
              [174973.198, 369610.511999999987893],
              [175023.843, 369626.148999999975786],
              [175108.752, 369652.365999999979977],
              [175109.242, 369652.51400000002468],
              [175193.625, 369678.049999999988358],
              [175228.068, 369689.017],
              [175267.296, 369701.033],
              [175323.87400000001071, 369718.362000000022817],
              [175390.073, 369738.354999999981374],
              [175447.309, 369756.096000000019558],
              [175691.439000000013039, 369832.06],
              [175925.536, 369904.337999999988824],
              [176156.280999999988126, 369975.581],
              [176157.136999999987893, 369975.84499999997206],
              [176170.104, 369979.848],
              [176742.554, 370156.74900000001071],
              [176791.411, 370171.865],
              [176816.396, 370179.59499999997206],
              [176823.655999999988126, 370181.841000000014901],
              [176828.49900000001071, 370183.340000000025611],
              [177067.316, 370257.218],
              [177071.655, 370258.487000000022817],
              [177071.787000000011176, 370258.525000000023283],
              [177088.965999999985797, 370263.548],
              [177236.049, 370308.960000000020955],
              [177364.384, 370348.582999999984168],
              [177485.215, 370385.89000000001397],
              [177491.767, 370387.913],
              [177497.002, 370389.528999999980442],
              [177789.727000000013504, 370479.944000000017695],
              [177789.812, 370479.96999999997206],
              [177801.63, 370483.599999999976717],
              [177801.714, 370483.62599999998929],
              [177878.13, 370507.520000000018626],
              [177992.72, 370543.340000000025611],
              [177996.39000000001397, 370544.49],
              [178061.99, 370564.669999999983702],
              [178159.215, 370594.571999999985565],
              [178169.196999999985565, 370597.642999999981839],
              [178204.37, 370608.460000000020955],
              [178217.68, 370612.549999999988358],
              [178405.420000000012806, 370671.710000000020955],
              [178492.97, 370699.299999999988358],
              [178641.401000000012573, 370744.726000000024214],
              [178655.445, 370749.022999999986496],
              [179044.14000000001397, 370867.979999999981374],
              [179056.741, 370871.825000000011642],
              [179056.79, 370871.840000000025611],
              [179082.763, 370879.495],
              [179203.174, 370914.98599999997532],
              [179444.60999999998603, 370989.82],
              [179717.196, 371073.895000000018626],
              [179864.891, 371120.685],
              [179963.755, 371150.898999999975786],
              [179964.045000000012806, 371150.988000000012107],
              [180022.065, 371168.721000000019558],
              [180022.537000000011176, 371168.865],
              [180023.519, 371169.164999999979045],
              [180031.086000000010245, 371171.487000000022817],
              [180040.141, 371174.266],
              [180040.158, 371174.271],
              [180051.594000000011874, 371177.78000000002794],
              [180080.435, 371186.631],
              [180080.733, 371186.722],
              [180099.097, 371192.358],
              [180218.848, 371229.336000000010245],
              [180269.44, 371244.958999999973457],
              [180341.924999999988358, 371267.332999999984168],
              [180458.002, 371303.162000000011176],
              [180508.37, 371318.708999999973457],
              [180747.10999999998603, 371392.468999999982771],
              [180986.217, 371466.316],
              [180987.22, 371466.62599999998929],
              [180987.954, 371466.853],
              [180994.152, 371468.770000000018626],
              [180994.888, 371468.996999999973923],
              [180995.783, 371469.273999999975786],
              [180999.452, 371470.407],
              [181000.200000000011642, 371470.637999999977183],
              [181243.086000000010245, 371545.645000000018626],
              [181372.347, 371585.544999999983702],
              [181383.832, 371589.090000000025611],
              [181495.950000000011642, 371623.699000000022352],
              [181655.821, 371673.099999999976717],
              [181708.529, 371689.386999999987893],
              [181750.768000000010943, 371702.438000000023749],
              [181751.139, 371702.553000000014435],
              [182001.25, 371779.830000000016298],
              [182165.81, 371830.652],
              [182166.356999999989057, 371830.821],
              [182178.185, 371834.473999999987427],
              [182178.779, 371834.657],
              [182189.848, 371838.076],
              [182255.854, 371858.460000000020955],
              [182389.15, 371899.62599999998929],
              [182389.771, 371899.818000000028405],
              [182502.85, 371934.74],
              [182665.51, 371984.950000000011642],
              [182668.719000000011874, 371985.94],
              [182741.769, 372008.49],
              [182778.057999999989988, 372019.685999999986961],
              [182778.748, 372019.898999999975786],
              [182799.863000000012107, 372026.413999999989755],
              [182934.589, 372067.982000000018161],
              [182934.952, 372068.093999999982771],
              [182947.139, 372071.854],
              [182948.957, 372072.414999999979045],
              [183130.472, 372128.433000000019092],
              [183219.439000000013039, 372155.89000000001397],
              [183458.189000000013039, 372229.509000000020023],
              [183697.139, 372303.169],
              [183936.18, 372376.875],
              [184174.609, 372450.369],
              [184413.419, 372524.049],
              [184652.529, 372597.770000000018626],
              [184988.046, 372701.362000000022817],
              [185026.834, 372713.337999999988824],
              [185163.519, 372755.539999999979045],
              [185436.036, 372839.702],
              [185896.665, 372975.732000000018161],
              [186127.206, 373043.732000000018161],
              [186137.606999999989057, 373046.803000000014435],
              [186176.786, 373058.375],
              [186559.284000000014203, 373171.337999999988824],
              [186559.98499999998603, 373171.552000000025146],
              [186812.864, 373248.808000000019092],
              [186864.945, 373264.729],
              [186951.394, 373291.156000000017229],
              [186960.665, 373293.99],
              [186983.638, 373301.012999999977183],
              [187066.284000000014203, 373326.278],
              [187118.351, 373342.184],
              [187243.652, 373380.462],
              [187305.432999999989988, 373399.335000000020955],
              [187306.276000000012573, 373399.592],
              [187306.723, 373399.729],
              [187314.905999999988126, 373402.229],
              [187573.284000000014203, 373481.227000000013504],
              [187828.274, 373559.12400000001071],
              [187833.508, 373560.723],
              [187840.13200000001234, 373562.746999999973923],
              [187840.587, 373562.886],
              [187852.604, 373566.556999999971595],
              [187855.03, 373567.303000000014435],
              [187869.348, 373571.706],
              [187903.736, 373582.281000000017229],
              [187904.324, 373582.462],
              [187927.703, 373589.651000000012573],
              [187954.086000000010245, 373597.76500000001397],
              [188002.38200000001234, 373612.617000000027474],
              [188099.071, 373642.103],
              [188099.356, 373642.19],
              [188180.13200000001234, 373666.822999999974854],
              [188180.356, 373666.886],
              [188224.179, 373680.447999999974854],
              [188239.614, 373685.223],
              [188241.873, 373685.922000000020489],
              [188243.008, 373686.272999999986496],
              [188330.309, 373713.278],
              [188340.1, 373716.306999999971595],
              [188350.736, 373719.597],
              [188445.087, 373748.783],
              [188452.204, 373750.98499999998603],
              [188516.293, 373770.810999999986961],
              [188657.448, 373814.476000000024214],
              [188668.532, 373817.903999999980442],
              [188789.739, 373855.397],
              [188829.377, 373867.347],
              [188838.481, 373870.092],
              [188869.026000000012573, 373879.299999999988358],
              [188870.950000000011642, 373879.88],
              [188873.068999999988591, 373880.48499999998603],
              [188883.519, 373883.46999999997206],
              [188884.78, 373883.830000000016298],
              [188888.315, 373884.892999999981839],
              [188939.856999999989057, 373900.397],
              [188943.994, 373901.643999999971129],
              [188948.299999999988358, 373902.94],
              [188953.682, 373907.641],
              [188956.196999999985565, 373909.837999999988824],
              [188963.38200000001234, 373916.115],
              [188998.144999999989523, 373946.481000000028871],
              [188999.78, 373947.909999999974389],
              [189003.188, 373950.908999999985099],
              [189016.19, 373962.12400000001071],
              [189029.519999999989523, 373973.621999999973923],
              [189038.623, 373981.473],
              [189049.893000000010943, 373991.194000000017695],
              [189060.65, 373999.900000000023283],
              [189071.354, 374009.174999999988358],
              [189165.793, 374091.006999999983236],
              [189175.458000000013271, 374099.381999999983236],
              [189222.435, 374140.087],
              [189224.862, 374142.19],
              [189229.509, 374146.217],
              [189236.155999999988126, 374151.852000000013504],
              [189237.438, 374153.004000000015367],
              [189244.009, 374158.912000000011176],
              [189246.153, 374160.840000000025611],
              [189287.487, 374198.0],
              [189366.731, 374269.240999999979977],
              [189405.976, 374304.522999999986496],
              [189421.245, 374318.243000000016764],
              [189477.583000000013271, 374368.868000000016764],
              [189479.449, 374370.544],
              [189556.057, 374439.382999999972526],
              [189557.719000000011874, 374440.87699999997858],
              [189656.415, 374529.601000000024214],
              [189686.734, 374556.857000000018161],
              [189694.41, 374563.756999999983236],
              [189718.98499999998603, 374585.848999999987427],
              [189827.348999999987427, 374683.271],
              [189829.778, 374685.452],
              [189884.851, 374734.962],
              [189961.50700000001234, 374803.87699999997858],
              [189964.797, 374806.832999999984168],
              [189969.693999999988591, 374811.234],
              [190069.227000000013504, 374900.672000000020489],
              [190072.396, 374903.520000000018626],
              [190073.769, 374904.757999999972526],
              [190099.973, 374928.379000000015367],
              [190194.682999999989988, 375013.757999999972526],
              [190202.764, 375021.042000000015832],
              [190333.128, 375138.560999999986961],
              [190334.956, 375140.158999999985099],
              [190344.571999999985565, 375148.566999999980908],
              [190346.794, 375150.51],
              [190373.41, 375173.78000000002794],
              [190383.5, 375182.87599999998929],
              [190385.776000000012573, 375184.928000000014435],
              [190411.796, 375208.385],
              [190418.465, 375214.397],
              [190590.929, 375369.879000000015367],
              [191094.65, 375824.0],
              [191179.450000000011642, 375900.32],
              [191185.384, 375905.669],
              [191966.543, 376609.754000000015367],
              [191973.15, 376615.700000000011642],
              [192034.025, 376670.566],
              [192041.892, 376677.656000000017229],
              [192085.423, 376716.892999999981839],
              [192185.538, 376807.132999999972526],
              [192259.236, 376873.561999999976251],
              [192259.69, 376873.971000000019558],
              [192268.915, 376882.286000000021886],
              [192270.371000000013737, 376883.598999999987427],
              [192323.239, 376931.25],
              [192444.386, 377040.444000000017695],
              [192469.427, 377063.01400000002468],
              [192678.195, 377251.180999999982305],
              [192688.297, 377260.286000000021886],
              [192688.752, 377260.696999999985565],
              [192788.284000000014203, 377350.408],
              [192866.878, 377421.246999999973923],
              [192874.97, 377428.539999999979045],
              [192840.170000000012806, 377492.159999999974389],
              [192834.695, 377502.169],
              [192767.214, 377625.537000000011176],
              [192746.242, 377663.878000000026077],
              [192737.56, 377679.75],
              [192711.356, 377727.65500000002794],
              [192685.761, 377774.446999999985565],
              [192610.503999999986263, 377912.031000000017229],
              [192607.059, 377918.329000000027008],
              [192581.105000000010477, 377965.778],
              [192543.229, 378035.022999999986496],
              [192512.459, 378091.276000000012573],
              [192511.477000000013504, 378093.071999999985565],
              [192501.166, 378111.920999999972992],
              [192492.404, 378127.94],
              [192417.438, 378264.990999999979977],
              [192337.228, 378411.63],
              [192285.566, 378506.077],
              [192266.144, 378541.582999999984168],
              [192237.972, 378593.087],
              [192224.766, 378617.229999999981374],
              [192211.761999999987893, 378641.004000000015367],
              [192193.325000000011642, 378674.708999999973457],
              [192141.101, 378770.185],
              [192080.954, 378880.146],
              [192014.188, 379002.207],
              [192005.557, 379017.98499999998603],
              [191980.284000000014203, 379064.189000000013039],
              [191963.524, 379094.830000000016298],
              [191934.744, 379147.444000000017695],
              [191831.598999999987427, 379336.011999999987893],
              [191815.557999999989988, 379365.338999999978114],
              [191814.571, 379367.143999999971129],
              [191782.24, 379426.25],
              [191729.388, 379515.466000000014901],
              [191719.013, 379532.979],
              [191617.166999999986729, 379704.901000000012573],
              [191574.438, 379777.03000000002794],
              [191527.583000000013271, 379856.125],
              [191527.269999999989523, 379856.653],
              [191331.631, 380186.903],
              [191197.943999999988591, 380412.574000000022352],
              [190874.344000000011874, 380958.827999999979511],
              [190844.271, 381009.593],
              [190819.527, 381051.363000000012107],
              [190697.961000000010245, 381256.572999999974854],
              [190687.93, 381273.506999999983236],
              [190686.989, 381275.09499999997206],
              [190616.271, 381394.46999999997206],
              [190539.057999999989988, 381524.81],
              [190427.491, 381713.142],
              [190391.192000000010012, 381774.417000000015832],
              [190377.734, 381797.135],
              [190375.491, 381800.920999999972992],
              [190367.771, 381813.952999999979511],
              [190276.263, 381968.424],
              [190231.084, 382044.688000000023749],
              [190179.715999999985797, 382131.400000000023283],
              [190129.412000000011176, 382216.315],
              [190103.354, 382260.302000000025146],
              [190091.098999999987427, 382280.989],
              [190083.077, 382294.532],
              [190073.533, 382310.642999999981839],
              [190067.261, 382321.231000000028871],
              [190066.198, 382323.025000000023283],
              [189985.881, 382458.604],
              [189985.008, 382460.077999999979511],
              [189980.587999999988824, 382467.538],
              [189979.211000000010245, 382469.863000000012107],
              [189973.780999999988126, 382479.028999999980442],
              [189746.93, 382860.829000000027008],
              [189730.530999999988126, 382888.452],
              [189451.362, 383358.689000000013039],
              [189443.435, 383372.038999999989755],
              [189443.169, 383372.487000000022817],
              [189442.9, 383372.941999999980908],
              [189347.209, 383534.743000000016764],
              [189173.815, 383827.929],
              [189155.922, 383858.180999999982305],
              [189027.516, 384075.299999999988358],
              [189006.924, 384110.080000000016298],
              [188975.889, 384162.496999999973923],
              [188965.225, 384180.51],
              [188959.97, 384189.384000000020023],
              [188959.863000000012107, 384189.566999999980908],
              [188956.60999999998603, 384195.058000000019092],
              [188956.575000000011642, 384195.118000000016764],
              [188956.053000000014435, 384195.99900000001071],
              [188953.24900000001071, 384200.733],
              [188948.505, 384208.745999999984633],
              [188948.477000000013504, 384208.793],
              [188946.141, 384212.737000000022817],
              [188941.693999999988591, 384220.245],
              [188933.221, 384234.552000000025146],
              [188921.313, 384254.661000000021886],
              [188911.185, 384271.761999999987893],
              [188908.344000000011874, 384276.56],
              [188908.236, 384276.742000000027474],
              [188894.491, 384299.136999999987893],
              [188856.79, 384360.564000000013039],
              [188706.726, 384612.413],
              [188686.948, 384646.777],
              [188680.094000000011874, 384665.63900000002468],
              [188678.346, 384670.451],
              [188672.298, 384705.455000000016298],
              [188646.962, 384853.382999999972526],
              [188621.946999999985565, 385001.267],
              [188571.60999999998603, 385295.460000000020955],
              [188571.103, 385298.417000000015832],
              [188543.946999999985565, 385456.832999999984168],
              [188520.934, 385591.082],
              [188503.994, 385691.075000000011642],
              [188453.661, 385988.174999999988358],
              [188414.133, 386221.5],
              [188391.321, 386356.24900000001071],
              [188374.574, 386455.169],
              [188335.345, 386686.599999999976717],
              [188287.779, 386965.18],
              [188280.991, 387004.933000000019092],
              [188267.445, 387084.267],
              [188254.006, 387162.973],
              [188248.546, 387194.950000000011642],
              [188240.503, 387242.056999999971595],
              [188229.875, 387304.300999999977648],
              [188227.037000000011176, 387320.923],
              [188213.579, 387399.743000000016764],
              [188206.951, 387438.565],
              [188193.386999999987893, 387518.005],
              [188179.729, 387597.996999999973923],
              [188166.421, 387675.939000000013039],
              [188152.536, 387757.262999999977183],
              [188145.176, 387800.37400000001071],
              [188144.424, 387804.777],
              [188141.560999999986961, 387821.545999999972992],
              [188117.571, 387962.050999999977648],
              [188099.328, 388068.896],
              [188035.653, 388441.865],
              [188034.766, 388447.064000000013039],
              [188009.991, 388592.191],
              [188002.087999999988824, 388638.48599999997532],
              [188001.853, 388639.862000000022817],
              [187953.323, 388924.145000000018626],
              [187939.502, 389005.10999999998603],
              [187938.616, 389010.299],
              [187927.413, 389075.922000000020489],
              [187891.041999999986729, 389288.982000000018161],
              [187885.796, 389319.713999999978114],
              [187885.435999999986961, 389321.74800000002142],
              [187884.785, 389323.277],
              [187883.563, 389326.148999999975786],
              [187857.953, 389386.336000000010245],
              [187814.321, 389488.88],
              [187814.01, 389489.61099999997532],
              [187806.533, 389507.186999999976251],
              [187735.363000000012107, 389674.489],
              [187735.353, 389674.512999999977183],
              [187684.326, 389794.492000000027474],
              [187664.787000000011176, 389840.435],
              [187525.903, 390167.03000000002794],
              [187469.502, 390299.658999999985099],
              [187409.943999999988591, 390439.713999999978114],
              [187370.095, 390533.420999999972992],
              [187310.786, 390672.88900000002468],
              [187309.266, 390676.463999999978114],
              [187307.245, 390689.933000000019092],
              [187301.049999999988358, 390731.233],
              [187300.017, 390738.119],
              [187285.086000000010245, 390837.646],
              [187283.875, 390845.716000000014901],
              [187261.196999999985565, 390996.882999999972526],
              [187261.078, 390997.677000000025146],
              [187258.863000000012107, 391012.44],
              [187258.528, 391014.672000000020489],
              [187223.824, 391246.00199999997858],
              [187212.424, 391321.989],
              [187211.299999999988358, 391329.479],
              [187210.38, 391335.614],
              [187063.726, 392313.177000000025146],
              [187030.084, 392536.256],
              [186956.50099999998929, 393024.185999999986961],
              [186956.193, 393026.231000000028871],
              [186955.24, 393037.659999999974389],
              [186955.06, 393038.895000000018626],
              [186954.774, 393040.865],
              [186950.369, 393071.173],
              [186942.784000000014203, 393123.371999999973923],
              [186941.646, 393131.200000000011642],
              [186930.983, 393201.28000000002794],
              [186929.881, 393208.525000000023283],
              [186917.57, 393289.427000000025146],
              [186902.674999999988358, 393388.204000000027008],
              [186860.956, 393665.407],
              [186831.511999999987893, 393864.420999999972992],
              [186828.307999999989988, 393886.072999999974854],
              [186793.413999999989755, 394120.482000000018161],
              [186790.758, 394138.271],
              [186771.283, 394268.696999999985565],
              [186748.315, 394421.816999999980908],
              [186742.674999999988358, 394459.145000000018626],
              [186742.00700000001234, 394463.565],
              [186741.815, 394464.836000000010245],
              [186738.967, 394483.685],
              [186738.799999999988358, 394484.791000000026543],
              [186737.833000000013271, 394491.189000000013039],
              [186737.625, 394492.566],
              [186729.483, 394546.443000000028405],
              [186708.873, 394684.885],
              [186673.533, 394922.650000000023283],
              [186653.283, 395057.571],
              [186609.76500000001397, 395347.467],
              [186602.25700000001234, 395397.479],
              [186599.18, 395418.135],
              [186581.342, 395537.897999999986496],
              [186578.646, 395556.0],
              [186564.96, 395641.016],
              [186546.861, 395753.446999999985565],
              [186517.846, 395948.995999999984633],
              [186484.93, 396169.64000000001397],
              [186479.090999999985797, 396208.783999999985099],
              [186437.451, 396487.11099999997532],
              [186431.87400000001071, 396525.028],
              [186396.915, 396762.707999999984168],
              [186385.46, 396838.647999999986496],
              [186384.087999999988824, 396847.745],
              [186373.108, 396920.533999999985099],
              [186336.438, 397164.99800000002142],
              [186314.258, 397315.400000000023283],
              [186299.641, 397416.196999999985565],
              [186272.6, 397594.210000000020955],
              [186279.541999999986729, 397593.042000000015832],
              [186290.457, 397591.206],
              [186294.954, 397590.449000000022352],
              [186297.277, 397590.058000000019092],
              [186308.928000000014435, 397588.098],
              [186310.071, 397588.0],
              [186314.064000000013039, 397587.314000000013039],
              [186802.092, 397502.386999999987893],
              [186987.581, 397470.21999999997206],
              [186989.443999999988591, 397469.897],
              [186996.282, 397468.711000000010245],
              [187297.068, 397416.549999999988358],
              [187495.897, 397380.913999999989755],
              [187576.885, 397366.318000000028405],
              [187798.241, 397326.424999999988358],
              [187946.37599999998929, 397299.208999999973457],
              [188296.50700000001234, 397234.88],
              [188539.420000000012806, 397189.28000000002794],
              [188613.881, 397175.64000000001397],
              [189621.420000000012806, 396991.07],
              [189899.022, 396940.212],
              [189910.93, 396938.03000000002794],
              [189920.079999999987194, 396936.38],
              [189967.88, 396927.56],
              [190071.65, 396839.299999999988358],
              [190081.6, 396830.830000000016298],
              [190204.18, 396726.549999999988358],
              [190210.09, 396721.520000000018626],
              [190355.978, 396597.424],
              [190408.942000000010012, 396552.37300000002142],
              [190564.93, 396419.669999999983702],
              [190572.549999999988358, 396413.18],
              [190577.200000000011642, 396409.229999999981374],
              [190904.6, 396130.71999999997206],
              [191028.14000000001397, 396025.63],
              [191187.97, 396040.789999999979045],
              [191325.364, 396053.821],
              [191426.47, 396063.409999999974389],
              [191565.288, 396076.579000000027008],
              [191686.53, 396088.080000000016298],
              [191822.53, 396100.979999999981374],
              [191830.96, 396101.78000000002794],
              [191938.079999999987194, 396111.94],
              [191961.5, 396114.159999999974389],
              [191990.049999999988358, 396116.87],
              [192048.53, 396122.409999999974389],
              [192111.63, 396128.400000000023283],
              [192165.37, 396133.5],
              [192311.64000000001397, 396147.37],
              [192411.299999999988358, 396156.82],
              [192509.950000000011642, 396166.18],
              [192610.519999999989523, 396175.71999999997206],
              [192611.04, 396175.770000000018626],
              [192822.38, 396195.82],
              [192938.64000000001397, 396206.840000000025611],
              [193023.049999999988358, 396214.849999999976717],
              [193203.21, 396273.93],
              [193213.99, 396277.46999999997206],
              [193369.519999999989523, 396328.46999999997206],
              [193372.68, 396329.520000000018626],
              [193453.6, 396356.0],
              [193649.09, 396420.150000000023283],
              [193655.670000000012806, 396422.31],
              [193731.63, 396447.21999999997206],
              [193751.69, 396453.799999999988358],
              [193884.639, 396497.398999999975786],
              [193885.16, 396497.57],
              [193961.354, 396522.555],
              [193961.43, 396522.580000000016298],
              [194181.1, 396594.62],
              [194187.38, 396596.669999999983702],
              [194195.93, 396599.479999999981374],
              [194235.81, 396612.270000000018626],
              [194423.60999999998603, 396672.56],
              [194536.34, 396708.75],
              [194642.29, 396742.76],
              [194666.41, 396750.460000000020955],
              [194685.307999999989988, 396756.555],
              [194706.9, 396763.520000000018626],
              [194965.84, 396846.63],
              [195272.967, 396945.213999999978114],
              [195366.806000000011409, 396975.335000000020955],
              [195447.54, 397001.25],
              [195463.14000000001397, 397006.25],
              [195579.89000000001397, 397043.75],
              [195792.429, 397112.221000000019558],
              [195800.62, 397114.85999999998603],
              [195852.450000000011642, 397131.21999999997206],
              [195960.715, 397185.596000000019558],
              [196001.6, 397206.13],
              [196011.22, 397210.960000000020955],
              [196348.69, 397380.44],
              [196375.019999999989523, 397393.659999999974389],
              [196428.89000000001397, 397420.717],
              [196536.35, 397474.69],
              [196605.64000000001397, 397506.599999999976717],
              [196613.46, 397510.200000000011642],
              [196841.25, 397615.12],
              [196872.776000000012573, 397629.656000000017229],
              [196879.16, 397632.599999999976717],
              [197010.0, 397692.85999999998603],
              [197010.272999999986496, 397692.98499999998603],
              [197019.37400000001071, 397697.177000000025146],
              [197019.628999999986263, 397697.294],
              [197033.829999999987194, 397703.830000000016298],
              [197065.0, 397723.229999999981374],
              [197075.71, 397729.900000000023283],
              [197084.818, 397735.566999999980908],
              [197118.291, 397756.396],
              [197232.56, 397827.5],
              [197238.4, 397831.14000000001397],
              [197256.53, 397842.409999999974389],
              [197261.821, 397845.702999999979511],
              [197332.26500000001397, 397889.552000000025146],
              [197376.29, 397916.956],
              [197392.04, 397926.76],
              [197407.69, 397936.549999999988358],
              [197415.269999999989523, 397939.799999999988358],
              [197477.230000000010477, 397966.330000000016298],
              [197532.593, 397990.038999999989755],
              [197680.1, 398053.210000000020955],
              [197685.969000000011874, 398055.724999999976717],
              [197698.700000000011642, 398061.18],
              [197705.56, 398063.26],
              [197726.60999999998603, 398074.356000000028871],
              [197779.408, 398104.585000000020955],
              [197781.611, 398102.867000000027474],
              [197785.818999999988591, 398099.585000000020955],
              [197788.764, 398097.288],
              [197835.502, 398060.836000000010245],
              [197835.778, 398060.620999999984633],
              [197869.473, 398034.341000000014901],
              [198058.37599999998929, 397887.011999999987893],
              [198060.549999999988358, 397885.316],
              [198064.706, 397882.075000000011642],
              [198153.532, 397812.797000000020489],
              [198166.634, 397802.577999999979511],
              [198310.432, 397690.427000000025146],
              [198322.677, 397680.87699999997858],
              [198383.863000000012107, 397633.108],
              [198511.154, 397533.729999999981374],
              [198515.589, 397530.267999999981839],
              [198627.051, 397443.24800000002142],
              [198637.916999999986729, 397434.76400000002468],
              [198639.677, 397433.39000000001397],
              [198683.718, 397399.006999999983236],
              [198724.272999999986496, 397367.343999999982771],
              [198724.833000000013271, 397366.907],
              [198725.079, 397366.715000000025611],
              [198734.75700000001234, 397359.158999999985099],
              [198735.153, 397358.849999999976717],
              [198739.378999999986263, 397355.550999999977648],
              [198739.798, 397355.223999999987427],
              [198753.823, 397344.275000000023283],
              [198894.761999999987893, 397162.960000000020955],
              [198895.439000000013039, 397162.088999999978114],
              [198919.563, 397131.039999999979045],
              [198920.317000000010012, 397131.193000000028405],
              [199000.0, 397028.145000000018626],
              [199133.679, 396855.270000000018626],
              [199133.884, 396855.0],
              [199253.464, 396700.909999999974389],
              [199396.453, 396517.32],
              [199477.551, 396412.887999999977183],
              [199479.651000000012573, 396410.183000000019092],
              [199483.719000000011874, 396404.944000000017695],
              [199486.992, 396400.731000000028871],
              [199487.791, 396399.701],
              [199518.584, 396360.049999999988358],
              [199627.87400000001071, 396218.85999999998603],
              [199639.416999999986729, 396204.037000000011176],
              [199697.72, 396129.164999999979045],
              [199700.446, 396138.162000000011176],
              [199700.935, 396139.776000000012573],
              [199728.840999999985797, 396231.892],
              [199734.303000000014435, 396249.920999999972992],
              [199738.25, 396262.950000000011642],
              [199766.88, 396311.134000000020023],
              [199786.207, 396343.663],
              [199790.484, 396350.86099999997532],
              [199799.239, 396363.552000000025146],
              [199807.169, 396372.444000000017695],
              [199818.633, 396383.174999999988358],
              [199821.738000000012107, 396390.37300000002142],
              [199823.324, 396398.234],
              [199813.422, 396412.590000000025611],
              [199809.764, 396421.147999999986496],
              [199810.641, 396429.117000000027474],
              [199812.54, 396433.830000000016298],
              [199814.122, 396437.755],
              [199816.548, 396442.159999999974389],
              [199818.831, 396446.305],
              [199823.856999999989057, 396452.343999999982771],
              [199834.668, 396476.243000000016764],
              [199823.779, 396483.716000000014901],
              [199807.498, 396513.593],
              [199802.404, 396537.684],
              [199800.886999999987893, 396544.85999999998603],
              [199785.203, 396576.930999999982305],
              [199767.391, 396613.354],
              [199762.532, 396623.288999999989755],
              [199760.04, 396628.384000000020023],
              [199758.915, 396630.036000000021886],
              [199757.693, 396631.830000000016298],
              [199766.693999999988591, 396633.57],
              [199843.943, 396661.21999999997206],
              [199851.704, 396667.950000000011642],
              [199876.533, 396704.669999999983702],
              [199884.353, 396708.270000000018626],
              [199910.554, 396713.289999999979045],
              [199990.784000000014203, 396726.96999999997206],
              [200052.772999999986496, 396764.94],
              [200075.85, 396775.696999999985565],
              [200083.044, 396779.049999999988358],
              [200094.314000000013039, 396766.44],
              [200132.471, 396733.64000000001397],
              [200145.115, 396722.770000000018626],
              [200186.953, 396692.460000000020955],
              [200255.354, 396636.99],
              [200268.965, 396623.340000000025611],
              [200280.693, 396615.909999999974389],
              [200334.553000000014435, 396612.32],
              [200424.854, 396628.28000000002794],
              [200437.114, 396633.28000000002794],
              [200570.544, 396705.349999999976717],
              [200574.314000000013039, 396709.78000000002794],
              [200510.984, 396778.909999999974389],
              [200471.563, 396826.229999999981374],
              [200462.134, 396841.37],
              [200467.938, 396843.174999999988358],
              [200474.41, 396845.179],
              [200530.429, 396862.527],
              [200581.983, 396878.492000000027474],
              [200586.598999999987427, 396879.922000000020489],
              [200591.663, 396881.49],
              [200652.134, 396800.96999999997206],
              [200657.083000000013271, 396804.44],
              [200715.794, 396728.19],
              [200739.185, 396753.35999999998603],
              [200760.858, 396768.979999999981374],
              [200770.545000000012806, 396775.962],
              [200832.554, 396820.650000000023283],
              [200793.643000000010943, 396852.25],
              [200743.144999999989523, 396894.5],
              [200703.484, 396928.409999999974389],
              [200603.74299999998766, 397052.94],
              [200568.103, 397098.620999999984633],
              [200529.373, 397148.090000000025611],
              [200508.923, 397177.099999999976717],
              [200463.555, 397240.24],
              [200409.174999999988358, 397325.94],
              [200364.983, 397393.289999999979045],
              [200362.821, 397396.957],
              [200319.671, 397470.864],
              [200312.807, 397482.700000000011642],
              [200312.331, 397483.647999999986496],
              [200275.030999999988126, 397557.978],
              [200271.219000000011874, 397566.505],
              [200243.473999999987427, 397635.343],
              [200213.386, 397714.642999999981839],
              [200173.434, 397821.952999999979511],
              [200161.962999999988824, 397861.10999999998603],
              [200149.163, 397905.49],
              [200139.413999999989755, 397938.32],
              [200129.824, 397969.659999999974389],
              [200120.503, 398000.56],
              [200110.855000000010477, 398032.25099999998929],
              [200103.333000000013271, 398061.831],
              [200095.654, 398093.041000000026543],
              [200090.623, 398118.521],
              [200087.964, 398144.841000000014901],
              [200087.663999999989755, 398177.11099999997532],
              [200087.753999999986263, 398205.761],
              [200088.084, 398235.321],
              [200088.965, 398271.580000000016298],
              [200089.653, 398272.00099999998929],
              [200092.883, 398390.12],
              [200097.654, 398474.31],
              [200102.564000000013039, 398555.511],
              [200111.74299999998766, 398635.11099999997532],
              [200127.483, 398724.409999999974389],
              [200143.223, 398804.909999999974389],
              [200156.527, 398875.121999999973923],
              [200161.453, 398901.119],
              [200183.555, 398999.99800000002142],
              [200201.553000000014435, 399079.321],
              [200219.943999999988591, 399180.742000000027474],
              [200232.144, 399308.261999999987893],
              [200226.772999999986496, 399391.191],
              [200216.516, 399445.875],
              [200213.574, 399461.56],
              [200198.953, 399527.870999999984633],
              [200172.402, 399608.903],
              [200150.97, 399670.319000000017695],
              [200144.719000000011874, 399687.465000000025611],
              [200137.663, 399705.978],
              [200117.335, 399755.602000000013504],
              [200109.246000000013737, 399774.923],
              [200101.909000000014203, 399791.724999999976717],
              [200086.44, 399823.995],
              [200078.182999999989988, 399841.259000000020023],
              [200060.741, 399874.099999999976717],
              [200043.804, 399905.60999999998603],
              [200026.084, 399936.689000000013039],
              [200005.11799999998766, 399972.585000000020955],
              [199995.661, 399988.650000000023283],
              [199954.439000000013039, 400054.071999999985565],
              [199933.641, 400085.825000000011642],
              [199922.557, 400101.37300000002142],
              [199911.568999999988591, 400116.976000000024214],
              [199890.059, 400145.398999999975786],
              [199867.901000000012573, 400173.745999999984633],
              [199833.937, 400215.811999999976251],
              [199780.203, 400284.722],
              [199736.013, 400335.19],
              [199687.105000000010477, 400390.772],
              [199532.315, 400550.591000000014901],
              [199458.003, 400634.851000000024214],
              [199427.803000000014435, 400679.560999999986961],
              [199382.593, 400746.881999999983236],
              [199349.815, 400794.381999999983236],
              [199328.853, 400837.542000000015832],
              [199281.863000000012107, 400936.071999999985565],
              [199231.59, 401070.76],
              [199211.101, 401135.233],
              [199186.730000000010477, 401211.919999999983702],
              [199149.53, 401361.5],
              [199122.0, 401511.39000000001397],
              [199105.85, 401692.460000000020955],
              [199101.56, 401764.32],
              [199100.170000000012806, 401787.659999999974389],
              [199098.19, 401857.93],
              [199100.71, 401900.169999999983702],
              [199104.549999999988358, 401984.26],
              [199109.28, 402066.24],
              [199108.22, 402180.549999999988358],
              [199109.24, 402248.020000000018626],
              [199112.6, 402386.659999999974389],
              [199114.211000000010245, 402434.049],
              [199116.14000000001397, 402490.76],
              [199116.924, 402559.281000000017229],
              [199117.480000000010477, 402607.830000000016298],
              [199116.66, 402711.770000000018626],
              [199115.37, 402831.770000000018626],
              [199113.41, 402922.39000000001397],
              [199112.88, 403026.46999999997206],
              [199109.670000000012806, 403073.650000000023283],
              [199098.450000000011642, 403182.28000000002794],
              [199093.60999999998603, 403220.60999999998603],
              [199062.1, 403344.93],
              [199039.51, 403425.210000000020955],
              [199029.699, 403456.858],
              [199028.22, 403461.63],
              [199012.26, 403512.93],
              [199008.299999999988358, 403523.169999999983702],
              [199003.38, 403533.909999999974389],
              [198963.26, 403613.19],
              [198887.730000000010477, 403752.60999999998603],
              [198865.4, 403793.38],
              [198835.69, 403839.89000000001397],
              [198825.09, 403856.159999999974389],
              [198819.76, 403863.049999999988358],
              [198807.32, 403877.450000000011642],
              [198747.76, 403942.039999999979045],
              [198678.19, 404014.35999999998603],
              [198516.26, 404180.599999999976717],
              [198486.230000000010477, 404210.5],
              [198421.93, 404270.60999999998603],
              [198402.454, 404287.532],
              [198374.88, 404311.49],
              [198297.38, 404376.71999999997206],
              [198229.579999999987194, 404433.57],
              [198182.200000000011642, 404477.28000000002794],
              [198170.230000000010477, 404489.520000000018626],
              [198104.019999999989523, 404560.0],
              [198005.85999999998603, 404670.18],
              [197996.248, 404684.271],
              [197959.88, 404737.590000000025611],
              [197945.29, 404757.210000000020955],
              [197928.85, 404777.650000000023283],
              [197877.799999999988358, 404828.520000000018626],
              [197804.04, 404894.18],
              [197763.549999999988358, 404928.60999999998603],
              [197736.47, 404950.25],
              [197690.321, 404989.913],
              [197533.725, 405118.946],
              [197375.38200000001234, 405290.613000000012107],
              [197237.401000000012573, 405430.26500000001397],
              [197200.547, 405466.325000000011642],
              [197169.807, 405495.370999999984633],
              [197158.366, 405503.276000000012573],
              [197146.413, 405511.994],
              [196825.195, 405716.565],
              [196621.005, 405851.829000000027008],
              [196500.428000000014435, 405931.705000000016298],
              [196475.546, 405948.177000000025146],
              [196463.498, 405956.222],
              [196434.587999999988824, 405978.919],
              [196415.122, 405993.148999999975786],
              [196385.416999999986729, 406012.392],
              [196356.24900000001071, 406029.902],
              [196301.527, 406060.506],
              [196234.981999999989057, 406099.43],
              [196179.424, 406132.536000000021886],
              [196160.54, 406142.773999999975786],
              [196100.780999999988126, 406166.49900000001071],
              [196074.062, 406176.305],
              [195987.133, 406203.651000000012573],
              [195796.551, 406269.98599999997532],
              [195721.587999999988824, 406296.079000000027008],
              [195690.737, 406307.50099999998929],
              [195680.573, 406311.76500000001397],
              [195667.75, 406319.984],
              [195626.748, 406347.933000000019092],
              [195610.604, 406360.566999999980908],
              [195600.593, 406372.370999999984633],
              [195550.681000000011409, 406416.85999999998603],
              [195522.875, 406445.173],
              [195502.802, 406466.462999999988824],
              [195452.424, 406528.599999999976717],
              [195307.606, 406687.89000000001397],
              [195293.779, 406703.098999999987427],
              [195252.366, 406751.074000000022352],
              [195234.339, 406774.854999999981374],
              [195230.230000000010477, 406780.276000000012573],
              [195191.566, 406830.490999999979977],
              [195159.221, 406876.973],
              [195119.81, 406941.408999999985099],
              [195099.691, 406975.846000000019558],
              [195087.633, 406997.601000000024214],
              [195073.225, 407025.776000000012573],
              [195028.676, 407118.63],
              [194992.987, 407205.582999999984168],
              [194975.28, 407259.074000000022352],
              [194950.915, 407346.76],
              [194932.534000000014203, 407416.965000000025611],
              [194916.557, 407495.776000000012573],
              [194902.302, 407581.552000000025146],
              [194890.592, 407653.267],
              [194876.174, 407769.098999999987427],
              [194867.651000000012573, 407873.803000000014435],
              [194862.375, 407951.169999999983702],
              [194860.63200000001234, 407976.71999999997206],
              [194857.16, 408082.146],
              [194857.337999999988824, 408176.020000000018626],
              [194858.313, 408225.743000000016764],
              [194863.64000000001397, 408326.38],
              [194874.674999999988358, 408469.897999999986496],
              [194888.136999999987893, 408630.354],
              [194897.606999999989057, 408721.816],
              [194907.017, 408834.007999999972526],
              [194907.064000000013039, 408834.561999999976251],
              [194912.616, 408900.81],
              [194912.663999999989755, 408901.327999999979511],
              [194918.092, 408960.228],
              [194918.343, 408962.962],
              [194921.758, 409000.0],
              [194935.097, 409200.0],
              [194943.576, 409400.0],
              [194943.734, 409458.614],
              [194944.115, 409599.768999999971129],
              [194936.5, 409800.0],
              [194921.5, 410000.0],
              [194897.405, 410200.268999999971129],
              [194888.862, 410255.699000000022352],
              [194873.342, 410356.072999999974854],
              [194871.412000000011176, 410368.554],
              [194822.478, 410600.82],
              [194777.634, 410800.306999999971595],
              [194726.018000000010943, 410999.995999999984633],
              [194704.824, 411083.798],
              [194673.519, 411200.143999999971129],
              [194618.612, 411400.016],
              [194574.920000000012806, 411558.26500000001397],
              [194570.636, 411569.098999999987427],
              [194562.346, 411593.419999999983702],
              [194556.339, 411614.314000000013039],
              [194549.272, 411641.196999999985565],
              [194544.788999999989755, 411659.65500000002794],
              [194539.888, 411684.308000000019092],
              [194530.858, 411742.576],
              [194528.104, 411754.961000000010245],
              [194525.846, 411768.447999999974854],
              [194515.516, 411830.112000000022817],
              [194496.01, 411916.129000000015367],
              [194479.226, 411987.474999999976717],
              [194453.170000000012806, 412075.798],
              [194396.932, 412263.48599999997532],
              [194385.122, 412303.212],
              [194376.62, 412333.479999999981374],
              [194361.51, 412395.270000000018626],
              [194347.68, 412472.19],
              [194335.21, 412549.799999999988358],
              [194329.25, 412599.37],
              [194325.81, 412639.96999999997206],
              [194325.682, 412654.446],
              [194325.43, 412682.68],
              [194325.94, 412722.650000000023283],
              [194334.579999999987194, 412900.62],
              [194335.71, 412950.659999999974389],
              [194336.65, 413105.94],
              [194336.94, 413148.150000000023283],
              [194333.21, 413247.87],
              [194327.41, 413319.24],
              [194310.299999999988358, 413417.349999999976717],
              [194310.14000000001397, 413417.849999999976717],
              [194292.920000000012806, 413471.960000000020955],
              [194273.079999999987194, 413528.39000000001397],
              [194264.25, 413547.60999999998603],
              [194227.46, 413598.710000000020955],
              [194181.09, 413655.340000000025611],
              [194153.07, 413686.56],
              [194118.56, 413725.849999999976717],
              [194100.84, 413743.31],
              [194046.170000000012806, 413792.169999999983702],
              [194022.950000000011642, 413812.270000000018626],
              [193979.950000000011642, 413844.25],
              [193947.65, 413867.599999999976717],
              [193895.82, 413899.25],
              [193855.39000000001397, 413922.450000000011642],
              [193821.34, 413941.099999999976717],
              [193680.171, 413998.34499999997206],
              [193622.65, 414021.669999999983702],
              [193549.97, 414052.24],
              [193547.419, 414053.382999999972526],
              [193491.66, 414078.35999999998603],
              [193420.01, 414108.539999999979045],
              [193407.39000000001397, 414113.07],
              [193292.35999999998603, 414148.78000000002794],
              [193215.89000000001397, 414171.57],
              [193041.700000000011642, 414210.94],
              [193006.97, 414220.700000000011642],
              [192906.13, 414251.979999999981374],
              [192788.75, 414292.200000000011642],
              [192772.13, 414296.681999999971595],
              [192623.43, 414336.78000000002794],
              [192565.64000000001397, 414350.270000000018626],
              [192455.18, 414379.49],
              [192409.681000000011409, 414389.816],
              [192403.5, 414391.21999999997206],
              [192351.28, 414400.099999999976717],
              [192262.60999999998603, 414411.06],
              [192198.59, 414417.60999999998603],
              [192029.18, 414439.020000000018626],
              [191894.6, 414449.44],
              [191866.13, 414452.599999999976717],
              [191781.829999999987194, 414459.68],
              [191781.625, 414459.684],
              [191702.296, 414461.413],
              [191636.329999999987194, 414462.849999999976717],
              [191366.63, 414470.950000000011642],
              [191265.420000000012806, 414478.75],
              [191062.81, 414522.26],
              [190949.46, 414546.700000000011642],
              [190902.972, 414560.24900000001071],
              [190853.87, 414574.56],
              [190759.16, 414609.960000000020955],
              [190607.557999999989988, 414661.608],
              [190487.21, 414702.60999999998603],
              [190404.31, 414729.99],
              [190312.230000000010477, 414768.60999999998603],
              [190230.54, 414806.289999999979045],
              [190003.18, 414935.650000000023283],
              [189883.329999999987194, 415019.57],
              [189853.378, 415043.552000000025146],
              [189767.9, 415111.99],
              [189742.72, 415134.26],
              [189668.74, 415207.51],
              [189598.393000000010943, 415280.913],
              [189576.702, 415303.672000000020489],
              [189550.481, 415339.102000000013504],
              [189519.38200000001234, 415380.180999999982305],
              [189506.071999999985565, 415399.761],
              [189500.0, 415413.412000000011176],
              [189494.369, 415426.224999999976717],
              [189485.009, 415447.36099999997532],
              [189463.445, 415500.0],
              [189461.541, 415504.712],
              [189419.492, 415627.031000000017229],
              [189415.981, 415645.71999999997206],
              [189413.174, 415674.832],
              [189408.862, 415719.541000000026543],
              [189401.571999999985565, 415770.532],
              [189391.172, 415806.620999999984633],
              [189377.881, 415873.371999999973923],
              [189368.590999999985797, 415919.270000000018626],
              [189366.506, 415934.988000000012107],
              [189362.932, 415957.481000000028871],
              [189357.671, 416004.11099999997532],
              [189354.78, 416037.022],
              [189336.481999999989057, 416166.50199999997858],
              [189323.848, 416250.0],
              [189322.942000000010012, 416255.990999999979977],
              [189322.652, 416263.882999999972526],
              [189320.032, 416335.170999999972992],
              [189317.340999999985797, 416405.212],
              [189307.471, 416483.901000000012573],
              [189296.884, 416578.670999999972992],
              [189285.472, 416654.431999999971595],
              [189269.263, 416721.90500000002794],
              [189147.323, 417097.305999999982305],
              [189075.361, 417409.575000000011642],
              [189064.358, 417528.24800000002142],
              [189065.146, 417604.832],
              [189066.13, 417700.369],
              [189053.888, 417867.422000000020489],
              [189053.462, 417875.911000000021886],
              [189032.192000000010012, 417943.391],
              [189018.43, 417978.232000000018161],
              [188999.51, 418027.262999999977183],
              [188907.598, 418149.62400000001071],
              [188861.128, 418202.01400000002468],
              [188821.737, 418246.783],
              [188802.669, 418268.455000000016298],
              [188767.122, 418302.256999999983236],
              [188709.59, 418356.962999999988824],
              [188695.682999999989988, 418369.881999999983236],
              [188680.479, 418384.004000000015367],
              [188653.609, 418408.533],
              [188616.37, 418441.403999999980442],
              [188566.480000000010477, 418484.533999999985099],
              [188548.38200000001234, 418500.0],
              [188526.93, 418518.332999999984168],
              [188492.829999999987194, 418545.963999999978114],
              [188479.62, 418555.512999999977183],
              [188449.700000000011642, 418575.822999999974854],
              [188438.831, 418585.454000000027008],
              [188424.075000000011642, 418597.726000000024214],
              [188347.717, 418662.897999999986496],
              [188278.700000000011642, 418712.549999999988358],
              [188225.85, 418744.299999999988358],
              [188148.299999999988358, 418789.299999999988358],
              [188126.75, 418800.799999999988358],
              [188094.700000000011642, 418818.5],
              [188040.15, 418845.200000000011642],
              [188011.299999999988358, 418859.549999999988358],
              [188000.0, 418864.950000000011642],
              [187984.950000000011642, 418871.200000000011642],
              [187954.75, 418883.5],
              [187951.709, 418884.538999999989755],
              [188019.052, 418994.082],
              [188022.739, 419000.079000000027008],
              [188035.079, 419020.151000000012573],
              [188035.163999999989755, 419020.289999999979045],
              [188035.567000000010012, 419020.945],
              [188036.638, 419022.686999999976251],
              [188028.345, 419029.003000000026077],
              [188027.919, 419032.445],
              [188028.783, 419036.989],
              [188029.179, 419039.07],
              [188034.657, 419040.347],
              [188044.187, 419042.403999999980442],
              [188053.366, 419044.808000000019092],
              [188054.317000000010012, 419045.056999999971595],
              [188059.79, 419048.131999999983236],
              [188060.136, 419048.326],
              [188060.222, 419048.429],
              [188060.24299999998766, 419048.455000000016298],
              [188063.131, 419051.903999999980442],
              [188066.127, 419055.631999999983236],
              [188072.884, 419066.825000000011642],
              [188087.011999999987893, 419092.650000000023283],
              [188101.144, 419119.071999999985565],
              [188109.575000000011642, 419136.841000000014901],
              [188117.416999999986729, 419155.658999999985099],
              [188122.471, 419170.096000000019558],
              [188128.435999999986961, 419184.038],
              [188137.158, 419200.759000000020023],
              [188145.421, 419215.087],
              [188165.98499999998603, 419247.917000000015832],
              [188183.842, 419275.522],
              [188200.348, 419300.887999999977183],
              [188208.149, 419312.675999999977648],
              [188213.237, 419318.191],
              [188219.981999999989057, 419327.14000000001397],
              [188224.489, 419335.050999999977648],
              [188228.856, 419344.457999999984168],
              [188235.799, 419362.232000000018161],
              [188272.024, 419450.072999999974854],
              [188272.74, 419451.36099999997532],
              [188272.76, 419451.397],
              [188277.62400000001071, 419462.863000000012107],
              [188268.62400000001071, 419484.841000000014901],
              [188259.071999999985565, 419508.43],
              [188241.568, 419549.072999999974854],
              [188231.832, 419573.341000000014901],
              [188230.503999999986263, 419577.696],
              [188221.184, 419608.482000000018161],
              [188215.576, 419627.058000000019092],
              [188203.519999999989523, 419682.782],
              [188203.832, 419687.951],
              [188200.296, 419702.631],
              [188198.192000000010012, 419710.678000000014435],
              [188197.079999999987194, 419723.13],
              [188195.448, 419730.271],
              [188191.714, 419747.367000000027474],
              [188194.318, 419783.38900000002468],
              [188194.998, 419792.798],
              [188194.928000000014435, 419794.240999999979977],
              [188193.56, 419822.629000000015367],
              [188191.776000000012573, 419836.071999999985565],
              [188191.583000000013271, 419837.069000000017695],
              [188184.665, 419872.723],
              [188178.111, 419891.365999999979977],
              [188171.109, 419909.169],
              [188158.538999999989755, 419942.196],
              [188155.104, 419954.862000000022817],
              [188150.869, 419969.075000000011642],
              [188147.924, 419978.960000000020955],
              [188146.378, 420009.787000000011176],
              [188140.416, 420078.25],
              [188130.748, 420163.922000000020489],
              [188124.82, 420221.26],
              [188123.644, 420240.648999999975786],
              [188122.173, 420374.918],
              [188122.174999999988358, 420374.98499999998603],
              [188125.967, 420485.912000000011176],
              [188127.698, 420507.212999999988824],
              [188134.01, 420584.85999999998603],
              [188135.071999999985565, 420597.927000000025146],
              [188135.090999999985797, 420597.86099999997532],
              [188142.283, 420576.476000000024214],
              [188142.74900000001071, 420581.080000000016298],
              [188143.907, 420600.938000000023749],
              [188144.244, 420607.685],
              [188144.472, 420612.157],
              [188145.136, 420624.865999999979977],
              [188145.12, 420631.614],
              [188145.309, 420631.614],
              [188144.987, 420648.976000000024214],
              [188144.987, 420649.044],
              [188145.005, 420673.121999999973923],
              [188145.005, 420673.322999999974854],
              [188145.011999999987893, 420683.224999999976717],
              [188145.014, 420686.332999999984168],
              [188145.014, 420686.414999999979045],
              [188145.014, 420686.62400000001071],
              [188145.018000000010943, 420691.098999999987427],
              [188145.019999999989523, 420694.466000000014901],
              [188145.026000000012573, 420695.064000000013039],
              [188145.07, 420699.278999999980442],
              [188145.248, 420716.201],
              [188145.333000000013271, 420724.302000000025146],
              [188145.334, 420724.37699999997858],
              [188145.454, 420735.84499999997206],
              [188145.579, 420747.775000000023283],
              [188158.452, 420801.561999999976251],
              [188158.560999999986961, 420802.017999999981839],
              [188175.014, 420870.76400000002468],
              [188197.555, 420872.802000000025146],
              [188197.753, 420872.82],
              [188241.763, 420876.798],
              [188260.961000000010245, 420910.185999999986961],
              [188283.081, 420935.03000000002794],
              [188343.612, 420942.963999999978114],
              [188343.807999999989988, 420942.99],
              [188497.484, 420963.887999999977183],
              [188497.674, 420963.913999999989755],
              [188556.913999999989755, 420971.900000000023283],
              [188557.102000000013504, 420971.924999999988358],
              [188590.288999999989755, 420977.077],
              [188655.965999999985797, 420989.604999999981374],
              [188656.128, 420989.636],
              [188670.363000000012107, 420992.335000000020955],
              [188891.079999999987194, 421034.180999999982305],
              [188901.973, 421038.099999999976717],
              [188914.601, 421042.642999999981839],
              [188975.228, 421058.479],
              [189099.826, 421105.836000000010245],
              [189184.872, 421134.771],
              [189239.76500000001397, 421159.766],
              [189258.509, 421168.300999999977648],
              [189296.052, 421180.569000000017695],
              [189307.783, 421185.316999999980908],
              [189308.113000000012107, 421185.451],
              [189311.75, 421186.402],
              [189319.961000000010245, 421189.37],
              [189340.337999999988824, 421196.183000000019092],
              [189354.305, 421200.293],
              [189360.886999999987893, 421201.952],
              [189378.045000000012806, 421206.276000000012573],
              [189387.99900000001071, 421208.215000000025611],
              [189401.953, 421210.933000000019092],
              [189405.541999999986729, 421211.766],
              [189428.848999999987427, 421216.993000000016764],
              [189433.122, 421216.973999999987427],
              [189444.799, 421220.038999999989755],
              [189448.152, 421220.840000000025611],
              [189479.587999999988824, 421222.705000000016298],
              [189513.579, 421225.387999999977183],
              [189548.134, 421223.427000000025146],
              [189567.407, 421222.333999999973457],
              [189585.264, 421222.016],
              [189601.878, 421219.028],
              [189625.469000000011874, 421215.539999999979045],
              [189638.69, 421213.586000000010245],
              [189662.75099999998929, 421210.76500000001397],
              [189686.176, 421205.571],
              [189690.616, 421204.586000000010245],
              [189707.522999999986496, 421201.294],
              [189724.411, 421197.104999999981374],
              [189757.903, 421189.331],
              [189788.728, 421182.202],
              [189811.528, 421175.814000000013039],
              [189828.096, 421170.435],
              [189852.306000000011409, 421163.708999999973457],
              [189858.005, 421162.12699999997858],
              [189888.806000000011409, 421153.802000000025146],
              [189934.185999999986961, 421142.143999999971129],
              [189951.152, 421116.96999999997206],
              [189955.025, 421110.728],
              [189966.13, 421093.913],
              [189969.067000000010012, 421089.465000000025611],
              [189973.946999999985565, 421083.25099999998929],
              [190095.783, 420901.369],
              [190208.032, 420732.382999999972526],
              [190212.560999999986961, 420725.648999999975786],
              [190213.5, 420724.25199999997858],
              [190215.538, 420721.299],
              [190221.674999999988358, 420712.403999999980442],
              [190286.578, 420618.311999999976251],
              [190353.532, 420519.902],
              [190385.821, 420474.447999999974854],
              [190386.845, 420472.838999999978114],
              [190389.163, 420469.194000000017695],
              [190394.641, 420459.433000000019092],
              [190425.006, 420405.863000000012107],
              [190449.365, 420362.343],
              [190450.897, 420359.607000000018161],
              [190458.616, 420345.816999999980908],
              [190466.307999999989988, 420332.628000000026077],
              [190520.74299999998766, 420235.651000000012573],
              [190529.177, 420220.471000000019558],
              [190545.489, 420191.76],
              [190572.467, 420144.276000000012573],
              [190599.223999999987427, 420097.027],
              [190656.423, 419996.022999999986496],
              [190685.568, 419944.473999999987427],
              [190694.158, 419929.282],
              [190720.707, 419882.329000000027008],
              [190756.975, 419817.228],
              [190769.654, 419794.119],
              [190771.684, 419791.973],
              [190832.032, 419728.197999999974854],
              [190863.337999999988824, 419695.104],
              [190891.786, 419665.245],
              [190893.207, 419663.756999999983236],
              [190896.15, 419660.678000000014435],
              [190900.116, 419656.523999999975786],
              [190902.101, 419654.232000000018161],
              [190903.230000000010477, 419653.114],
              [190908.155, 419648.239],
              [190919.26, 419636.641],
              [190922.44, 419632.923],
              [190954.529, 419606.802000000025146],
              [190956.457, 419605.228],
              [191001.420000000012806, 419568.538],
              [191045.393000000010943, 419532.65500000002794],
              [191081.547, 419503.152],
              [191085.956, 419499.554],
              [191130.698, 419463.043],
              [191168.427, 419432.255],
              [191183.583000000013271, 419396.523999999975786],
              [191184.774, 419393.716000000014901],
              [191194.878, 419369.893999999971129],
              [191196.397, 419366.306999999971595],
              [191197.432999999989988, 419363.862000000022817],
              [191231.946, 419282.393999999971129],
              [191241.011, 419260.635],
              [191246.707, 419247.441999999980908],
              [191259.24900000001071, 419217.89000000001397],
              [191277.989, 419173.69],
              [191307.9, 419103.145000000018626],
              [191319.97, 419074.677000000025146],
              [191328.475, 419054.617000000027474],
              [191328.166, 418999.917000000015832],
              [191327.767, 418955.370999999984633],
              [191327.742, 418947.356000000028871],
              [191327.563, 418889.733],
              [191327.521, 418876.396],
              [191326.892, 418688.325000000011642],
              [191326.87, 418666.76],
              [191331.855000000010477, 418653.784999999974389],
              [191357.299999999988358, 418587.56],
              [191358.93, 418583.330000000016298],
              [191378.32, 418532.849999999976717],
              [191464.279, 418309.148999999975786],
              [191464.49, 418308.598999999987427],
              [191528.657, 418284.871999999973923],
              [191541.394, 418280.172000000020489],
              [191546.053000000014435, 418278.460000000020955],
              [191550.152, 418276.954000000027008],
              [191555.443999999988591, 418275.006],
              [191558.700000000011642, 418273.806999999971595],
              [191625.54, 418249.204000000027008],
              [191737.416999999986729, 418208.457999999984168],
              [191742.471, 418206.617000000027474],
              [191752.38200000001234, 418203.006999999983236],
              [191932.053000000014435, 418137.571],
              [191935.946999999985565, 418136.153],
              [191942.484, 418133.772],
              [192013.24299999998766, 418108.082999999984168],
              [192017.954999999987194, 418106.371999999973923],
              [192070.439000000013039, 418087.318000000028405],
              [192121.804, 418068.585000000020955],
              [192264.571, 418016.517],
              [192266.481999999989057, 418015.82],
              [192271.003, 418014.170999999972992],
              [192272.12, 418013.76400000002468],
              [192274.144999999989523, 418013.025000000023283],
              [192274.685999999986961, 418012.827999999979511],
              [192275.215, 418012.635],
              [192326.068999999988591, 417994.087999999988824],
              [192497.314000000013039, 417931.634000000020023],
              [192703.932, 417856.28000000002794],
              [192709.647, 417853.641],
              [192713.538999999989755, 417851.843999999982771],
              [192711.049, 417849.425999999977648],
              [192710.741, 417849.12699999997858],
              [192701.18, 417839.841000000014901],
              [192659.011999999987893, 417798.195],
              [192612.209, 417751.821],
              [192536.324, 417676.576],
              [192530.736, 417665.393999999971129],
              [192505.663, 417614.814000000013039],
              [192503.073, 417609.588999999978114],
              [192502.571, 417608.577],
              [192499.39000000001397, 417605.621999999973923],
              [192491.003, 417519.276000000012573],
              [192487.772999999986496, 417485.816],
              [192483.522999999986496, 417441.792000000015832],
              [192509.571, 417424.354],
              [192536.619, 417406.417000000015832],
              [192567.261, 417375.893999999971129],
              [192615.647999999986496, 417344.102000000013504],
              [192592.516, 417330.586000000010245],
              [192593.375, 417328.821],
              [192610.666, 417293.291000000026543],
              [192613.04, 417290.023999999975786],
              [192625.459, 417297.695],
              [192634.182, 417303.169999999983702],
              [192647.496000000013737, 417306.699000000022352],
              [192644.136999999987893, 417303.086000000010245],
              [192643.821, 417291.771],
              [192640.003999999986263, 417290.268999999971129],
              [192648.784000000014203, 417256.691],
              [192665.609, 417223.071],
              [192679.075000000011642, 417173.863000000012107],
              [192680.530999999988126, 417167.683000000019092],
              [192680.259, 417166.229],
              [192706.396, 417155.789999999979045],
              [192743.163999999989755, 417164.577999999979511],
              [192782.613000000012107, 417174.185],
              [192790.74900000001071, 417171.826],
              [192796.431000000011409, 417170.238000000012107],
              [192799.022, 417169.284999999974389],
              [192807.022999999986496, 417162.336000000010245],
              [192808.478, 417160.245999999984633],
              [192819.709, 417142.028999999980442],
              [192832.033, 417114.85999999998603],
              [192850.541, 417077.56],
              [192896.767, 417066.631],
              [192913.538, 417069.956],
              [192952.437, 417098.695],
              [192978.021, 417118.066],
              [192992.746000000013737, 417122.981000000028871],
              [193005.471, 417127.077],
              [193029.605000000010477, 417128.770000000018626],
              [193062.602000000013504, 417130.694000000017695],
              [193067.284000000014203, 417130.968999999982771],
              [193147.044, 417156.00099999998929],
              [193150.726, 417154.049],
              [193168.0, 417145.650000000023283],
              [193178.590999999985797, 417140.473999999987427],
              [193183.0, 417138.386],
              [193194.409000000014203, 417134.847],
              [193204.864, 417131.444000000017695],
              [193228.045000000012806, 417125.547000000020489],
              [193229.044, 417129.82],
              [193237.217, 417127.99],
              [193240.59, 417127.23499999998603],
              [193250.271, 417124.786000000021886],
              [193378.962999999988824, 417146.147999999986496],
              [193379.388, 417146.218],
              [193384.801, 417147.117000000027474],
              [193411.144999999989523, 417151.49900000001071],
              [193453.565, 417158.555999999982305],
              [193463.38200000001234, 417162.287000000011176],
              [193473.288999999989755, 417166.427000000025146],
              [193488.331, 417174.931999999971595],
              [193494.495, 417177.370999999984633],
              [193528.688, 417190.902],
              [193603.128999999986263, 417220.294],
              [193628.567000000010012, 417236.393999999971129],
              [193645.165, 417246.898999999975786],
              [193669.161, 417257.635],
              [193686.747, 417271.457999999984168],
              [193737.051, 417310.517],
              [193745.003999999986263, 417315.973999999987427],
              [193768.634, 417333.027],
              [193834.39000000001397, 417380.273999999975786],
              [193858.72, 417397.897999999986496],
              [193885.049999999988358, 417416.971000000019558],
              [193890.408, 417420.852000000013504],
              [193919.323, 417441.799],
              [193938.28, 417426.538999999989755],
              [193961.003, 417435.63900000002468],
              [193975.546, 417438.371999999973923],
              [193986.908, 417441.786000000021886],
              [194003.223999999987427, 417446.929],
              [194030.845, 417462.916000000026543],
              [194031.354, 417463.211000000010245],
              [194036.443999999988591, 417465.667000000015832],
              [194038.534000000014203, 417467.577],
              [194039.352000000013504, 417469.44],
              [194039.806000000011409, 417472.848999999987427],
              [194037.94, 417481.618000000016764],
              [194035.574, 417490.07],
              [194030.432999999989988, 417511.38],
              [194030.244, 417512.528999999980442],
              [194028.885, 417520.786000000021886],
              [194024.144, 417577.906000000017229],
              [194023.916, 417583.131],
              [194023.958000000013271, 417593.674],
              [194024.067000000010012, 417610.351000000024214],
              [194024.269999999989523, 417618.849999999976717],
              [194024.745, 417629.906000000017229],
              [194025.264, 417641.981000000028871],
              [194032.212999999988824, 417662.25199999997858],
              [194041.54, 417692.738000000012107],
              [194042.976, 417697.43],
              [194056.87400000001071, 417740.924999999988358],
              [194071.179, 417787.056999999971595],
              [194079.509, 417813.517999999981839],
              [194092.285, 417854.104999999981374],
              [194094.563, 417843.941999999980908],
              [194083.935999999986961, 417795.086000000010245],
              [194067.725, 417757.691999999980908],
              [194060.239, 417735.806999999971595],
              [194053.302, 417680.26400000002468],
              [194055.63, 417639.691],
              [194046.170000000012806, 417604.495],
              [194040.733, 417570.931999999971595],
              [194040.37599999998929, 417540.365],
              [194045.26500000001397, 417503.153999999980442],
              [194028.285, 417259.477000000013504],
              [194033.952, 417214.65500000002794],
              [194044.978, 417188.677000000025146],
              [194065.296, 417165.84499999997206],
              [194086.907, 417134.21999999997206],
              [194087.1, 417122.49800000002142],
              [194087.068, 417122.369],
              [194079.987, 417094.368000000016764],
              [194080.38, 417082.200000000011642],
              [194087.317000000010012, 417065.49],
              [194121.60999999998603, 417016.821],
              [194136.655, 416976.949000000022352],
              [194181.314000000013039, 416924.848999999987427],
              [194195.269, 416898.234],
              [194205.962999999988824, 416870.244],
              [194215.119, 416839.397999999986496],
              [194217.443999999988591, 416809.085000000020955],
              [194219.086000000010245, 416783.114],
              [194229.836000000010245, 416752.989],
              [194297.584, 416793.99900000001071],
              [194346.916999999986729, 416813.642],
              [194390.85, 416803.343],
              [194448.421, 416786.169999999983702],
              [194506.928000000014435, 416774.168],
              [194622.663, 416827.492000000027474],
              [194640.575000000011642, 416830.085000000020955],
              [194732.670000000012806, 416825.50099999998929],
              [194817.934, 416825.73599999997532],
              [194963.636999999987893, 416831.151000000012573],
              [195047.166, 416818.941999999980908],
              [195118.748, 416804.25099999998929],
              [195145.208000000013271, 416803.173],
              [195168.098999999987427, 416808.09499999997206],
              [195183.437, 416815.128000000026077],
              [195205.834, 416835.78000000002794],
              [195223.147999999986496, 416846.066999999980908],
              [195313.753999999986263, 416871.746999999973923],
              [195437.144999999989523, 416891.918],
              [195486.337, 416895.131999999983236],
              [195519.81, 416893.619],
              [195565.084, 416887.614],
              [195835.098999999987427, 416838.981000000028871],
              [195889.519999999989523, 416836.788999999989755],
              [195962.866, 416839.101000000024214],
              [196046.755, 416845.707],
              [196203.074, 416874.098999999987427],
              [196250.702, 416890.580000000016298],
              [196289.495, 416899.761],
              [196324.411, 416897.73499999998603],
              [196395.647, 416872.793],
              [196450.585, 416860.662000000011176],
              [196485.573, 416856.93],
              [196673.481999999989057, 416847.272999999986496],
              [196751.723999999987427, 416839.961000000010245],
              [196780.022999999986496, 416833.732000000018161],
              [196816.798, 416827.104999999981374],
              [196926.306000000011409, 416796.109],
              [196963.715, 416770.087999999988824],
              [197001.475, 416738.57],
              [197009.926, 416731.90500000002794],
              [197040.858, 416699.536000000021886],
              [197069.094000000011874, 416675.064000000013039],
              [197200.825000000011642, 416574.949000000022352],
              [197240.106, 416551.379000000015367],
              [197275.821999999985565, 416520.87400000001071],
              [197300.678000000014435, 416494.717],
              [197321.901000000012573, 416478.843999999982771],
              [197365.88200000001234, 416454.412000000011176],
              [197436.331, 416423.256],
              [197489.264, 416386.871999999973923],
              [197578.371000000013737, 416299.200000000011642],
              [197595.343, 416289.586000000010245],
              [197811.821, 416179.579000000027008],
              [197814.881, 416178.164999999979045],
              [197881.481, 416145.809],
              [197995.691, 416085.925999999977648],
              [198096.99299999998766, 416046.907],
              [198262.223999999987427, 415967.212999999988824],
              [198299.593, 415941.085000000020955],
              [198386.03, 415887.625],
              [198457.883, 415835.550999999977648],
              [198529.861, 415786.726000000024214],
              [198543.794, 415778.647],
              [198614.066, 415758.476000000024214],
              [198648.514, 415750.693000000028405],
              [198769.24, 415710.663999999989755],
              [198789.774, 415703.783],
              [198891.116, 415657.632999999972526],
              [199087.75700000001234, 415556.587],
              [199132.429, 415535.038],
              [199340.13, 415419.852000000013504],
              [199378.858, 415390.31],
              [199427.867, 415337.927000000025146],
              [199475.003999999986263, 415294.455000000016298],
              [199554.275, 415226.056999999971595],
              [199569.614, 415206.652],
              [199564.839, 415141.512999999977183],
              [199618.733, 414946.831],
              [199623.185, 414939.789999999979045],
              [199656.625, 414908.384000000020023],
              [199669.00099999998929, 414903.506999999983236],
              [199714.856, 414929.678000000014435],
              [199728.342, 414937.321999999985565],
              [199728.437, 414937.37599999998929],
              [199735.066, 414941.106000000028871],
              [199756.788999999989755, 414925.256999999983236],
              [199763.943, 414919.979999999981374],
              [199760.154, 414897.270000000018626],
              [199760.136, 414897.163],
              [199752.585, 414851.957999999984168],
              [199752.415, 414850.938000000023749],
              [199745.661, 414822.598999999987427],
              [199744.636999999987893, 414818.299],
              [199759.691, 414722.94],
              [199773.563, 414648.006999999983236],
              [199784.030999999988126, 414591.477000000013504],
              [199793.802, 414538.723999999987427],
              [199794.067000000010012, 414537.292000000015832],
              [199794.283, 414536.129000000015367],
              [199817.518000000010943, 414545.365],
              [199841.03, 414552.166000000026543],
              [199910.154, 414569.733],
              [199917.920000000012806, 414571.098999999987427],
              [199927.230000000010477, 414571.532],
              [199955.071, 414572.310999999986961],
              [199998.631, 414575.726000000024214],
              [199998.63200000001234, 414577.403],
              [199998.641, 414610.335000000020955],
              [199995.49, 414618.333999999973457],
              [199951.036, 414731.254000000015367],
              [199952.038, 414762.430999999982305],
              [199961.89000000001397, 414777.446],
              [200059.708000000013271, 414710.428000000014435],
              [200059.840999999985797, 414710.337],
              [200097.329, 414684.652],
              [200097.468, 414684.555999999982305],
              [200286.024, 414554.50199999997858],
              [200412.681000000011409, 414472.215000000025611],
              [200429.242, 414461.455000000016298],
              [200447.274, 414449.743000000016764],
              [200452.644, 414446.253000000026077],
              [200437.310999999986961, 414414.300999999977648],
              [200421.14000000001397, 414383.406000000017229],
              [200394.365, 414340.237000000022817],
              [200387.911, 414325.642999999981839],
              [200385.866, 414320.615],
              [200380.923, 414307.108],
              [200360.875, 414233.668],
              [200367.759, 414229.934],
              [200339.066, 414183.684],
              [200328.478, 414160.456],
              [200323.019999999989523, 414148.811999999976251],
              [200253.746000000013737, 414047.400000000023283],
              [200212.181000000011409, 414065.612000000022817],
              [200200.342, 414070.799],
              [200177.442000000010012, 414077.675999999977648],
              [200140.928000000014435, 414083.431999999971595],
              [200099.693999999988591, 414089.73599999997532],
              [200059.081, 414090.740999999979977],
              [200026.102000000013504, 414090.619],
              [199993.101, 414088.077999999979511],
              [199964.778, 414084.831],
              [199962.204999999987194, 414054.968999999982771],
              [199958.056000000011409, 413977.893999999971129],
              [199905.833000000013271, 413987.114],
              [199889.73499999998603, 413988.598999999987427],
              [199877.611, 413989.093],
              [199859.307, 413989.794],
              [199848.307999999989988, 413988.675999999977648],
              [199837.547, 413986.028],
              [199821.943999999988591, 413985.370999999984633],
              [199804.9, 413987.775000000023283],
              [199797.228, 413984.058000000019092],
              [199780.353, 413974.291000000026543],
              [199770.687, 413970.931999999971595],
              [199766.968, 413970.988000000012107],
              [199756.93, 413975.068000000028405],
              [199751.813, 413975.788],
              [199742.245, 413972.783],
              [199737.464, 413973.292000000015832],
              [199732.866, 413975.846000000019558],
              [199730.024, 413979.892],
              [199728.358, 413984.113000000012107],
              [199727.208000000013271, 413988.076],
              [199723.574, 413990.143999999971129],
              [199717.25099999998929, 413992.234],
              [199711.333000000013271, 413995.049],
              [199705.848999999987427, 413997.362000000022817],
              [199703.181000000011409, 413999.428000000014435],
              [199698.633, 414003.607000000018161],
              [199694.182999999989988, 414008.461000000010245],
              [199688.676, 414015.539999999979045],
              [199675.203, 414032.422000000020489],
              [199666.475, 414039.829000000027008],
              [199655.678000000014435, 414040.865999999979977],
              [199642.269999999989523, 414040.71999999997206],
              [199624.49299999998766, 414035.803000000014435],
              [199611.271, 414031.537000000011176],
              [199596.14000000001397, 414028.996999999973923],
              [199585.497, 414026.496999999973923],
              [199576.35, 414023.201],
              [199570.448, 414017.549],
              [199560.307, 414000.896],
              [199554.351, 413999.783],
              [199529.199, 414001.434],
              [199516.453, 413993.783999999985099],
              [199506.88, 413987.237000000022817],
              [199498.060999999986961, 413980.028999999980442],
              [199490.658, 413972.591000000014901],
              [199464.85, 413954.020000000018626],
              [199455.38, 413950.884000000020023],
              [199430.431000000011409, 413935.060999999986961],
              [199406.019, 413914.852000000013504],
              [199393.99, 413905.020000000018626],
              [199382.66, 413905.717],
              [199349.427, 413892.87400000001071],
              [199326.791999999986729, 413877.632999999972526],
              [199314.481999999989057, 413865.708999999973457],
              [199309.654, 413859.702999999979511],
              [199305.766, 413848.911000000021886],
              [199303.892, 413832.354],
              [199305.98499999998603, 413769.958999999973457],
              [199299.462999999988824, 413754.668],
              [199284.913999999989755, 413734.31],
              [199253.196999999985565, 413710.897999999986496],
              [199222.700000000011642, 413686.234],
              [199219.649, 413683.923],
              [199209.928000000014435, 413670.270000000018626],
              [199195.519, 413642.424999999988358],
              [199182.188, 413604.897999999986496],
              [199174.557, 413584.522],
              [199164.019999999989523, 413553.37599999998929],
              [199155.641, 413519.555999999982305],
              [199157.604, 413501.625],
              [199167.548, 413470.364],
              [199172.962999999988824, 413458.558000000019092],
              [199183.022, 413445.972],
              [199202.81, 413421.158],
              [199207.288999999989755, 413412.0],
              [199220.021, 413374.76400000002468],
              [199226.491, 413348.875],
              [199231.481, 413304.259000000020023],
              [199231.791999999986729, 413267.490999999979977],
              [199232.704, 413229.565],
              [199233.228, 413190.266],
              [199236.144, 413119.99900000001071],
              [199231.204999999987194, 413092.619],
              [199229.306000000011409, 413085.313000000023749],
              [199216.869, 413050.292000000015832],
              [199216.837, 413050.229],
              [199215.555, 413043.923],
              [199214.162000000011176, 413037.792000000015832],
              [199213.49900000001071, 413031.215000000025611],
              [199212.96, 413027.912000000011176],
              [199219.200000000011642, 413009.341000000014901],
              [199226.799999999988358, 412997.314000000013039],
              [199241.635, 412978.48599999997532],
              [199255.393000000010943, 412959.563000000023749],
              [199261.915, 412949.028999999980442],
              [199271.389, 412933.76],
              [199274.72, 412927.881999999983236],
              [199283.181000000011409, 412911.691],
              [199286.62400000001071, 412905.636999999987893],
              [199293.783, 412889.065],
              [199298.230000000010477, 412872.856000000028871],
              [199299.962999999988824, 412865.912000000011176],
              [199302.858, 412845.476000000024214],
              [199304.48499999998603, 412825.673],
              [199303.48499999998603, 412798.68],
              [199301.445, 412766.865999999979977],
              [199298.046, 412727.202999999979511],
              [199296.247, 412709.330000000016298],
              [199294.601, 412697.384000000020023],
              [199291.893000000010943, 412684.831],
              [199279.918, 412642.835000000020955],
              [199278.949, 412633.39000000001397],
              [199281.918, 412615.14000000001397],
              [199294.918, 412580.129000000015367],
              [199306.233, 412556.629000000015367],
              [199323.502, 412531.604999999981374],
              [199346.096, 412496.617000000027474],
              [199355.373, 412482.972],
              [199363.105000000010477, 412472.549],
              [199374.139, 412460.961000000010245],
              [199393.581, 412447.742000000027474],
              [199412.264, 412433.621999999973923],
              [199428.103, 412423.379000000015367],
              [199463.889, 412403.533999999985099],
              [199472.666999999986729, 412393.259000000020023],
              [199479.142, 412381.98499999998603],
              [199482.269999999989523, 412371.772999999986496],
              [199485.71, 412343.414999999979045],
              [199488.307999999989988, 412318.375],
              [199494.218, 412275.534999999974389],
              [199503.516, 412230.62699999997858],
              [199506.187, 412217.955000000016298],
              [199515.068, 412170.791000000026543],
              [199517.286, 412158.723999999987427],
              [199520.696, 412127.509000000020023],
              [199521.502, 412097.759000000020023],
              [199511.712, 412022.704000000027008],
              [199512.565, 411997.571999999985565],
              [199515.388, 411975.092],
              [199517.546, 411961.107000000018161],
              [199523.443999999988591, 411923.472],
              [199530.799, 411872.36099999997532],
              [199537.329999999987194, 411832.120999999984633],
              [199543.651000000012573, 411804.755],
              [199564.614, 411739.352000000013504],
              [199567.37, 411725.825000000011642],
              [199567.921, 411711.901000000012573],
              [199568.136999999987893, 411702.402],
              [199564.968, 411685.169999999983702],
              [199559.312, 411672.465000000025611],
              [199533.659000000014203, 411628.03000000002794],
              [199528.866, 411617.98499999998603],
              [199522.643000000010943, 411600.25],
              [199508.904, 411552.316],
              [199505.965, 411542.821999999985565],
              [199497.575000000011642, 411521.12400000001071],
              [199489.293, 411502.194000000017695],
              [199476.723999999987427, 411475.032],
              [199465.943, 411457.718],
              [199454.973, 411443.826],
              [199439.397999999986496, 411431.707],
              [199403.777, 411417.593999999982771],
              [199357.631, 411402.261],
              [199333.422, 411399.87599999998929],
              [199325.957, 411400.052000000025146],
              [199328.18, 411388.534999999974389],
              [199329.782, 411376.276000000012573],
              [199330.280999999988126, 411363.422000000020489],
              [199337.674999999988358, 411347.653999999980442],
              [199346.908, 411336.183000000019092],
              [199353.833000000013271, 411322.395000000018626],
              [199354.699, 411316.924],
              [199357.552, 411308.697999999974854],
              [199358.978, 411306.925999999977648],
              [199367.703, 411296.53000000002794],
              [199371.771, 411288.604],
              [199372.730000000010477, 411286.449000000022352],
              [199375.867, 411275.593999999982771],
              [199383.084, 411260.586000000010245],
              [199388.506, 411256.172000000020489],
              [199393.324, 411252.840000000025611],
              [199396.783, 411245.946],
              [199398.538999999989755, 411240.233],
              [199400.771, 411227.103],
              [199401.975, 411223.677000000025146],
              [199411.405999999988126, 411210.079000000027008],
              [199419.462999999988824, 411201.723],
              [199428.619, 411184.158999999985099],
              [199433.623, 411165.615],
              [199435.31, 411164.081],
              [199453.662000000011176, 411154.755],
              [199457.894, 411151.761999999987893],
              [199461.413, 411147.042000000015832],
              [199461.538999999989755, 411146.131],
              [199461.547, 411146.072999999974854],
              [199462.108, 411141.967],
              [199461.506, 411124.201],
              [199466.508, 411119.848],
              [199467.74, 411118.881],
              [199475.753999999986263, 411108.726000000024214],
              [199482.524, 411099.294999999983702],
              [199491.200000000011642, 411084.027],
              [199503.796, 411060.24800000002142],
              [199524.695, 411022.343],
              [199529.98499999998603, 411011.202999999979511],
              [199538.684, 410992.286000000021886],
              [199564.312, 410937.816999999980908],
              [199573.097, 410921.305],
              [199599.134, 410875.952],
              [199601.831, 410871.734],
              [199606.375, 410865.354999999981374],
              [199606.541, 410861.670999999972992],
              [199606.230000000010477, 410857.506999999983236],
              [199604.767, 410853.303000000014435],
              [199602.04, 410848.85999999998603],
              [199581.688, 410825.420999999972992],
              [199580.66, 410823.65500000002794],
              [199580.336000000010245, 410822.158999999985099],
              [199580.211000000010245, 410820.757999999972526],
              [199580.802, 410818.875],
              [199582.391, 410816.193000000028405],
              [199611.814000000013039, 410777.802000000025146],
              [199609.965, 410776.295999999972992],
              [199606.939000000013039, 410773.835000000020955],
              [199611.337999999988824, 410767.821],
              [199522.74, 410702.411000000021886],
              [199492.725, 410682.621999999973923],
              [199491.888, 410682.38900000002468],
              [199478.873, 410658.476000000024214],
              [199486.098999999987427, 410648.824000000022352],
              [199491.03, 410642.238000000012107],
              [199489.103, 410597.24],
              [199476.543, 410303.941],
              [199461.605000000010477, 410285.707],
              [199470.69, 410257.495],
              [199475.207, 410212.62],
              [199463.866, 410188.553000000014435],
              [199453.098, 410161.788],
              [199452.431000000011409, 410158.268999999971129],
              [199446.209, 410118.853],
              [199447.598999999987427, 410116.686999999976251],
              [199450.51500000001397, 410112.141],
              [199453.286, 410107.816999999980908],
              [199459.72, 410098.199000000022352],
              [199512.86799999998766, 410018.81],
              [199554.767, 409957.033999999985099],
              [199559.261999999987893, 409960.256],
              [199567.619, 409947.545999999972992],
              [199576.998, 409932.468],
              [199594.85999999998603, 409904.966000000014901],
              [199596.0, 409903.39000000001397],
              [199685.96, 409900.46999999997206],
              [199769.91, 409804.31],
              [199784.53, 409793.24],
              [199785.57, 409762.64000000001397],
              [199770.32, 409753.07],
              [199768.269999999989523, 409749.960000000020955],
              [199758.06, 409740.82],
              [199737.44, 409741.520000000018626],
              [199735.973, 409741.57],
              [199650.083000000013271, 409744.476000000024214],
              [199586.9, 409746.49],
              [199568.450000000011642, 409728.669999999983702],
              [199624.93, 409670.53000000002794],
              [199804.65, 409664.599999999976717],
              [199810.608, 409657.34499999997206],
              [199848.282, 409614.824000000022352],
              [199878.372, 409580.397999999986496],
              [199923.1, 409529.039999999979045],
              [199978.38, 409507.778999999980442],
              [200080.642, 409467.733],
              [200187.354, 409426.152],
              [200250.467, 409401.066999999980908],
              [200331.848999999987427, 409369.272999999986496],
              [200400.078, 409342.727000000013504],
              [200440.182999999989988, 409326.972],
              [200519.269, 409295.887999999977183],
              [200610.856999999989057, 409260.259000000020023],
              [200688.498, 409229.612000000022817],
              [200762.112, 409200.813000000023749],
              [200812.494, 409180.615999999979977],
              [200886.86799999998766, 409151.69],
              [200976.491, 409116.913999999989755],
              [201042.958000000013271, 409090.427000000025146],
              [201097.873, 409068.631],
              [201174.595, 409038.647],
              [201261.587999999988824, 409004.909999999974389],
              [201366.586000000010245, 408963.495999999984633],
              [201462.782, 408925.797000000020489],
              [201580.956, 408879.294999999983702],
              [201656.75099999998929, 408849.631],
              [201671.154, 408844.32],
              [201688.212999999988824, 408837.23599999997532],
              [201735.179, 408819.12599999998929],
              [201802.889, 408792.295999999972992],
              [201886.883, 408759.625],
              [201967.309, 408728.006],
              [202017.233, 408708.488000000012107],
              [202037.992, 408700.541000000026543],
              [202079.244, 408684.576],
              [202123.813, 408667.132999999972526],
              [202170.182, 408649.299],
              [202216.693999999988591, 408630.934],
              [202275.981999999989057, 408607.488000000012107],
              [202289.345, 408602.629000000015367],
              [202357.88200000001234, 408577.304],
              [202393.768000000010943, 408563.462],
              [202404.786, 408559.256999999983236],
              [202454.957, 408580.333999999973457],
              [202501.74299999998766, 408599.896],
              [202549.508, 408619.818000000028405],
              [202571.518000000010943, 408629.103],
              [202604.315, 408651.712],
              [202631.24, 408668.74],
              [202634.826, 408671.193000000028405],
              [202668.50099999998929, 408611.577],
              [202679.278, 408599.34499999997206],
              [202693.375, 408590.909999999974389],
              [202753.66, 408566.864],
              [202767.392, 408560.984],
              [202787.981999999989057, 408547.044999999983702],
              [202821.519999999989523, 408521.548],
              [202823.848999999987427, 408519.778],
              [202829.745, 408517.666000000026543],
              [202837.907, 408514.743000000016764],
              [202852.62400000001071, 408515.108],
              [202884.587, 408524.51500000001397],
              [202897.017, 408524.878000000026077],
              [202901.268000000010943, 408523.852000000013504],
              [202908.73499999998603, 408522.050999999977648],
              [202907.579999999987194, 408517.49],
              [202895.163, 408471.864],
              [202882.054, 408423.115],
              [202863.592, 408353.305],
              [202884.867, 408331.294],
              [202902.574, 408314.087999999988824],
              [202925.035, 408307.637999999977183],
              [202942.693, 408302.957],
              [202992.524, 408305.427000000025146],
              [203027.083000000013271, 408310.047000000020489],
              [203035.829999999987194, 408313.699000000022352],
              [203037.147999999986496, 408314.24900000001071],
              [203058.899, 408317.936999999976251],
              [203087.840999999985797, 408323.445],
              [203115.090999999985797, 408329.19],
              [203128.636999999987893, 408335.44],
              [203148.151000000012573, 408330.474999999976717],
              [203154.288, 408344.951],
              [203154.786, 408357.257999999972526],
              [203173.97, 408371.885],
              [203180.450000000011642, 408373.808000000019092],
              [203185.032, 408375.273999999975786],
              [203185.875, 408375.875],
              [203208.109, 408395.842],
              [203226.91, 408412.396],
              [203237.119, 408427.965000000025611],
              [203256.267, 408457.074000000022352],
              [203270.981999999989057, 408466.61099999997532],
              [203302.442000000010012, 408464.862000000022817],
              [203337.209, 408447.73599999997532],
              [203385.316, 408424.023999999975786],
              [203402.946, 408394.387999999977183],
              [203431.678000000014435, 408346.538],
              [203436.856, 408312.778999999980442],
              [203441.843, 408304.278],
              [203444.634, 408299.832999999984168],
              [203450.76, 408277.881],
              [203450.894, 408270.228],
              [203452.215, 408228.920999999972992],
              [203444.912000000011176, 408190.651000000012573],
              [203443.799, 408184.25199999997858],
              [203441.68, 408171.825000000011642],
              [203465.977000000013504, 408144.282],
              [203479.394, 408129.319000000017695],
              [203479.941, 408128.710000000020955],
              [203481.699, 408125.648999999975786],
              [203491.871000000013737, 408126.539999999979045],
              [203510.794, 408126.705000000016298],
              [203556.655, 408125.843],
              [203599.64000000001397, 408126.24],
              [203689.585, 408123.228],
              [203767.628, 408120.903999999980442],
              [203824.89000000001397, 408119.049999999988358],
              [203881.924999999988358, 408117.174],
              [203967.426, 408114.038],
              [203976.307999999989988, 408114.103],
              [204049.189000000013039, 408074.403],
              [204082.577, 408056.484],
              [204117.938, 408037.299],
              [204148.028, 408020.918],
              [204198.636999999987893, 407994.582],
              [204256.196, 407963.419999999983702],
              [204297.685, 407940.658],
              [204310.37, 407963.435999999986961],
              [204352.666, 408034.803000000014435],
              [204381.093, 408082.598999999987427],
              [204415.774, 408146.772],
              [204451.019999999989523, 408211.827999999979511],
              [204454.87, 408219.505],
              [204457.606999999989057, 408218.055],
              [204494.787000000011176, 408205.467],
              [204515.342, 408208.579000000027008],
              [204556.378999999986263, 408183.169999999983702],
              [204568.297, 408175.803000000014435],
              [204595.921, 408158.728],
              [204620.084, 408144.047000000020489],
              [204639.517, 408131.451],
              [204675.304, 408108.76400000002468],
              [204726.853, 408075.724999999976717],
              [204738.215, 408069.934],
              [204739.449, 408069.592],
              [204740.938, 408069.022999999986496],
              [204750.658, 408065.885],
              [204770.524, 408062.504000000015367],
              [204809.674, 408058.343],
              [204858.267, 408053.063000000023749],
              [204900.907, 408044.021],
              [204936.316, 408027.908],
              [205025.932, 407987.300999999977648],
              [205138.678000000014435, 407936.278],
              [205184.495, 407915.759000000020023],
              [205266.068, 407878.963999999978114],
              [205332.29, 407848.678000000014435],
              [205336.038, 407847.375],
              [205341.347, 407844.979],
              [205383.549, 407825.821999999985565],
              [205410.399, 407813.632999999972526],
              [205471.628999999986263, 407785.922000000020489],
              [205490.780999999988126, 407776.857000000018161],
              [205491.869, 407776.489],
              [205573.85, 407716.143999999971129],
              [205575.511, 407714.90500000002794],
              [205552.421, 407675.754000000015367],
              [205532.534000000014203, 407641.559],
              [205506.431000000011409, 407596.935],
              [205481.575000000011642, 407554.816],
              [205462.408, 407523.162000000011176],
              [205453.044, 407501.73599999997532],
              [205443.185, 407475.657],
              [205430.331, 407440.729],
              [205421.602000000013504, 407418.76],
              [205418.279, 407407.856000000028871],
              [205418.996000000013737, 407396.783],
              [205421.276000000012573, 407383.259000000020023],
              [205426.185, 407353.886999999987893],
              [205437.133, 407318.298],
              [205454.883, 407261.550999999977648],
              [205472.628, 407203.830000000016298],
              [205477.302, 407193.108],
              [205489.863000000012107, 407173.864],
              [205496.337999999988824, 407164.467],
              [205511.248, 407146.939000000013039],
              [205523.837999999988824, 407132.243000000016764],
              [205523.239, 407131.169],
              [205518.56, 407127.988000000012107],
              [205504.435, 407115.86099999997532],
              [205457.291, 407077.242000000027474],
              [205460.948, 407068.342],
              [205451.530999999988126, 407062.119],
              [205442.451, 407055.609],
              [205429.6, 407046.44],
              [205356.79, 406994.549999999988358],
              [205310.162000000011176, 406961.221000000019558],
              [205309.74, 406960.919999999983702],
              [205260.587, 406920.897],
              [205257.416999999986729, 406918.347],
              [205210.989, 406880.277],
              [205158.236, 406837.196],
              [205084.393000000010943, 406779.827],
              [204985.26, 406695.832999999984168],
              [205067.738000000012107, 406575.212],
              [205131.805, 406478.457999999984168],
              [205144.766, 406459.702],
              [204895.761999999987893, 406145.967],
              [204884.067000000010012, 406101.430999999982305],
              [204831.668, 405900.607000000018161],
              [204822.715999999985797, 405864.593],
              [204764.307999999989988, 405639.98499999998603],
              [204694.747, 405369.619],
              [204690.821999999985565, 405358.783999999985099],
              [204683.641, 405331.26],
              [204636.241, 405149.580000000016298],
              [204584.84, 404953.69],
              [204542.621000000013737, 404793.142999999981839],
              [204525.809, 404734.484],
              [204499.075000000011642, 404641.204000000027008],
              [204466.783, 404528.53000000002794],
              [204465.35, 404520.273999999975786],
              [204459.38200000001234, 404501.96999999997206],
              [204441.927, 404440.51],
              [204427.203, 404389.711000000010245],
              [204420.671, 404367.174],
              [204405.202, 404312.799],
              [204390.806000000011409, 404262.629000000015367],
              [204372.101, 404197.718],
              [204359.516, 404154.278],
              [204344.931000000011409, 404126.411000000021886],
              [204341.215, 404119.582999999984168],
              [204326.935, 404093.348999999987427],
              [204326.902, 404093.286000000021886],
              [204308.163999999989755, 404057.666000000026543],
              [204283.669, 404011.465000000025611],
              [204256.443999999988591, 403959.745],
              [204249.764, 403947.054],
              [204237.310999999986961, 403923.575000000011642],
              [204231.022999999986496, 403911.612000000022817],
              [204201.617, 403856.13900000002468],
              [204170.271, 403796.954000000027008],
              [204119.983, 403827.362000000022817],
              [204074.393000000010943, 403854.696],
              [204026.263, 403883.636],
              [203981.228, 403910.715000000025611],
              [203946.543, 403932.593],
              [203940.715999999985797, 403936.076],
              [203954.411, 403745.206],
              [203975.021, 403449.006999999983236],
              [203976.661, 403424.308000000019092],
              [203972.038, 403329.23599999997532],
              [203970.226, 403279.259000000020023],
              [203977.411, 403162.26],
              [203963.215, 403077.07],
              [203953.327, 402992.379000000015367],
              [203945.253, 402963.637999999977183],
              [203930.663, 402907.911000000021886],
              [203929.454999999987194, 402873.794999999983702],
              [203923.503999999986263, 402841.609],
              [203906.829999999987194, 402766.908],
              [203848.272999999986496, 402485.68],
              [203834.242, 402418.087],
              [203829.96, 402393.169],
              [203825.334, 402365.523999999975786],
              [203822.91, 402349.528],
              [203818.513, 402320.76500000001397],
              [203812.201, 402282.246999999973923],
              [203807.736, 402254.909999999974389],
              [203805.351, 402241.51500000001397],
              [203801.212999999988824, 402221.933000000019092],
              [203795.339, 402194.577],
              [203787.62400000001071, 402158.821999999985565],
              [203783.96, 402142.207999999984168],
              [203782.566, 402136.657],
              [203781.825000000011642, 402130.141],
              [203784.435, 402120.423],
              [203809.696999999985565, 402102.579000000027008],
              [203864.598, 402062.587],
              [203923.574, 402019.458999999973457],
              [203986.823, 401972.962],
              [204016.814000000013039, 401951.153999999980442],
              [204043.174, 401932.087999999988824],
              [204072.94, 401910.224999999976717],
              [204115.641, 401878.62400000001071],
              [204175.98499999998603, 401834.680999999982305],
              [204199.261, 401817.994],
              [204202.69, 401815.681999999971595],
              [204240.25700000001234, 401787.26],
              [204269.96, 401764.631],
              [204418.742, 401656.18],
              [204567.326, 401547.658999999985099],
              [204637.651000000012573, 401490.227000000013504],
              [204885.503, 401310.352000000013504],
              [205061.35999999998603, 401181.287000000011176],
              [205190.921, 401086.011],
              [205207.011999999987893, 401074.178000000014435],
              [205365.354, 400957.777],
              [205575.408, 400802.835000000020955],
              [205601.393000000010943, 400796.81],
              [205710.546, 400788.112000000022817],
              [205728.019999999989523, 400784.306999999971595],
              [205765.538999999989755, 400761.058000000019092],
              [205832.595, 400716.445],
              [205881.585, 400683.193000000028405],
              [205881.712999999988824, 400682.568000000028405],
              [205984.363000000012107, 400475.967],
              [205986.843, 400471.038],
              [206074.421, 400295.284999999974389],
              [206197.758, 400047.153],
              [206203.084, 400036.319000000017695],
              [206231.764, 399979.391],
              [206331.469000000011874, 399781.115999999979977],
              [206377.081, 399690.425999999977648],
              [206522.769, 399394.438000000023749],
              [206523.617, 399392.76],
              [206579.26500000001397, 399333.398999999975786],
              [206681.429, 399224.40500000002794],
              [206777.707, 399124.835000000020955],
              [206844.788999999989755, 399046.326],
              [206990.445, 398893.74900000001071],
              [207006.325000000011642, 398876.634000000020023],
              [207035.721, 398845.560999999986961],
              [207127.059, 398749.01400000002468],
              [207240.303000000014435, 398629.164999999979045],
              [207240.405999999988126, 398629.07],
              [207241.036, 398628.625],
              [207336.28, 398541.080000000016298],
              [207438.369, 398448.082],
              [207674.276000000012573, 398236.754000000015367],
              [207677.026000000012573, 398234.597],
              [207832.199, 398137.064000000013039],
              [207834.577, 398135.99],
              [207840.64000000001397, 398131.797000000020489],
              [207946.61799999998766, 398065.506],
              [208086.818999999988591, 397977.693000000028405],
              [208122.178000000014435, 397955.162000000011176],
              [208301.113000000012107, 397843.643999999971129],
              [208375.50099999998929, 397797.381999999983236],
              [208475.420000000012806, 397575.01],
              [208527.772, 397460.607000000018161],
              [208683.758, 397119.738000000012107],
              [208774.424, 396920.548],
              [208806.471, 396849.871999999973923],
              [208851.60999999998603, 396751.173],
              [208856.424999999988358, 396740.582999999984168],
              [208886.176, 396675.056999999971595],
              [208914.09, 396613.272],
              [208933.299, 396569.678000000014435],
              [208936.097, 396564.418],
              [209070.979, 396268.693000000028405],
              [209187.473999999987427, 396013.723999999987427],
              [209188.568, 396009.885],
              [209192.153, 396001.579000000027008],
              [209194.24900000001071, 395998.35999999998603],
              [209311.057999999989988, 395741.518999999971129],
              [209411.647, 395520.743000000016764],
              [209466.712999999988824, 395399.351000000024214],
              [209572.517, 395167.055],
              [209577.581, 395155.575000000011642],
              [209634.065, 395031.968999999982771],
              [209686.109, 394916.418],
              [209689.596, 394909.773999999975786],
              [209722.24900000001071, 394837.201],
              [209746.505, 394783.809],
              [209755.092, 394764.908999999985099],
              [209786.892, 394695.003000000026077],
              [209957.919, 394580.033999999985099],
              [210003.984, 394548.466000000014901],
              [210059.722, 394510.897],
              [210067.229, 394505.836000000010245],
              [210096.779, 394485.908999999985099],
              [210135.587, 394459.737000000022817],
              [210205.484, 394413.319000000017695],
              [210321.538, 394333.994],
              [210443.185999999986961, 394252.083999999973457],
              [210549.613000000012107, 394179.907],
              [210609.791999999986729, 394139.153],
              [210751.073, 394017.255],
              [210816.332, 393960.555999999982305],
              [210853.634, 393928.403],
              [210882.327, 393903.88],
              [210902.840999999985797, 393886.356000000028871],
              [210908.909000000014203, 393882.082],
              [211007.491, 393799.191999999980908],
              [211007.609, 393799.093],
              [211009.807999999989988, 393797.244],
              [211018.677, 393790.487000000022817],
              [211019.943, 393789.049],
              [211037.839, 393775.240999999979977],
              [211048.245, 393767.11099999997532],
              [211162.335, 393677.276000000012573],
              [211166.392, 393673.794],
              [211169.962999999988824, 393670.919],
              [211170.962999999988824, 393670.086000000010245],
              [211195.161, 393648.613000000012107],
              [211219.204999999987194, 393627.831],
              [211222.777, 393624.744],
              [211243.144999999989523, 393606.352000000013504],
              [211266.253, 393586.109],
              [211299.742, 393556.607000000018161],
              [211331.102000000013504, 393529.348],
              [211353.596, 393509.37599999998929],
              [211398.253999999986263, 393469.468999999982771],
              [211434.492, 393409.784999999974389],
              [211439.901000000012573, 393400.843],
              [211445.845, 393390.936999999976251],
              [211448.810999999986961, 393385.994],
              [211479.79, 393334.370999999984633],
              [211513.39000000001397, 393277.99],
              [211514.63, 393275.919999999983702],
              [211526.801, 393255.945],
              [211539.36799999998766, 393234.723999999987427],
              [211556.077, 393207.162000000011176],
              [211588.571, 393153.756999999983236],
              [211626.334, 393091.079000000027008],
              [211631.109, 393083.115],
              [211731.276000000012573, 392915.929],
              [211782.987, 392829.806999999971595],
              [211863.878999999986263, 392695.275000000023283],
              [211888.138, 392654.815],
              [211916.399, 392607.684],
              [211948.484, 392553.784999999974389],
              [211951.077, 392548.435],
              [211994.753, 392458.314000000013039],
              [212042.807, 392359.614],
              [212044.60999999998603, 392355.912000000011176],
              [212045.424999999988358, 392354.150000000023283],
              [212048.416999999986729, 392348.091000000014901],
              [212109.69, 392222.207999999984168],
              [212165.592, 392106.793],
              [212255.149, 391922.504000000015367],
              [212276.117, 391814.433000000019092],
              [212295.826, 391711.972],
              [212300.475, 391687.994],
              [212304.144999999989523, 391668.773999999975786],
              [212311.439000000013039, 391631.0],
              [212326.943, 391551.221000000019558],
              [212332.544, 391522.398999999975786],
              [212333.204999999987194, 391516.153999999980442],
              [212343.603, 391415.918],
              [212343.835, 391413.663999999989755],
              [212343.922, 391412.821],
              [212355.029, 391303.548],
              [212364.909000000014203, 391198.62599999998929],
              [212366.045000000012806, 391186.602000000013504],
              [212372.085, 391122.651000000012573],
              [212374.272999999986496, 391099.489],
              [212378.69, 391052.729999999981374],
              [212388.288, 390951.036000000021886],
              [212388.965, 390944.042000000015832],
              [212390.019999999989523, 390932.69],
              [212412.1, 390800.493000000016764],
              [212419.09, 390758.53000000002794],
              [212389.47, 390356.539999999979045],
              [212397.88, 390347.349999999976717],
              [212396.409000000014203, 390332.022999999986496],
              [212393.159000000014203, 390298.153],
              [212390.333000000013271, 390268.711000000010245],
              [212382.47, 390186.770000000018626],
              [212367.821, 390032.178000000014435],
              [212359.516, 389944.740999999979977],
              [212359.22, 389941.63],
              [212352.66, 389891.10999999998603],
              [212333.950000000011642, 389710.5],
              [212333.647999999986496, 389693.329000000027008],
              [212333.511, 389685.555999999982305],
              [212333.47, 389683.200000000011642],
              [212335.266, 389593.21999999997206],
              [212336.87, 389515.26],
              [212334.35, 389466.450000000011642],
              [212373.977000000013504, 389390.702],
              [212445.200000000011642, 389254.549999999988358],
              [212489.202, 389167.335000000020955],
              [212522.639, 389101.061999999976251],
              [212523.255, 389099.840000000025611],
              [212524.885, 389096.60999999998603],
              [212525.434, 389095.522],
              [212530.335, 389085.809],
              [212531.585, 389083.357000000018161],
              [212556.06, 389034.82],
              [212620.277, 388935.283],
              [212625.44, 388927.28000000002794],
              [212625.698, 388926.771],
              [212653.163, 388872.542000000015832],
              [212674.557, 388830.300999999977648],
              [212685.903, 388807.897],
              [212697.443, 388785.112000000022817],
              [212742.59, 388695.96999999997206],
              [212777.700000000011642, 388767.78000000002794],
              [212781.392, 388755.169],
              [212782.25099999998929, 388752.234],
              [212805.96, 388671.238000000012107],
              [212806.184, 388670.473],
              [212806.799999999988358, 388668.37],
              [212821.497, 388618.288999999989755],
              [212821.919, 388616.851000000024214],
              [212835.99900000001071, 388568.87400000001071],
              [212836.473, 388567.259000000020023],
              [212881.771, 388412.90500000002794],
              [212882.008, 388412.098999999987427],
              [212882.991, 388408.74800000002142],
              [212895.51, 388366.090000000025611],
              [212897.200000000011642, 388360.330000000016298],
              [212897.299, 388359.990999999979977],
              [212913.769, 388303.827],
              [212914.557, 388301.14000000001397],
              [212927.769, 388256.082999999984168],
              [212928.502, 388253.585000000020955],
              [212940.51, 388212.636],
              [212941.187, 388210.326],
              [212946.302, 388192.881999999983236],
              [212947.54, 388188.659999999974389],
              [212948.728, 388184.315],
              [212963.4, 388130.669999999983702],
              [212964.668, 388127.221000000019558],
              [212965.446999999985565, 388125.103],
              [212967.503, 388119.512999999977183],
              [212968.351, 388117.207],
              [212973.44, 388103.37],
              [212973.772, 388101.267],
              [212974.155999999988126, 388098.835000000020955],
              [212979.91, 388062.39000000001397],
              [212994.15, 388032.539999999979045],
              [213057.144, 387818.587999999988824],
              [213059.913999999989755, 387809.184],
              [213088.514, 387712.049],
              [213089.215, 387709.667000000015832],
              [213104.76, 387656.87],
              [213104.24, 387629.805],
              [213104.185, 387626.946],
              [213104.181000000011409, 387626.754000000015367],
              [213104.12599999998929, 387623.893999999971129],
              [213102.38, 387532.960000000020955],
              [213102.288999999989755, 387528.64000000001397],
              [213102.253999999986263, 387526.983],
              [213102.06, 387517.82],
              [213102.057999999989988, 387517.712999999988824],
              [213102.025, 387516.103],
              [213101.989, 387514.36099999997532],
              [213100.019999999989523, 387418.349999999976717],
              [213099.957, 387417.717],
              [213099.712, 387415.267],
              [213096.584, 387383.965000000025611],
              [213096.321999999985565, 387381.342],
              [213091.888, 387336.972],
              [213091.844000000011874, 387336.528999999980442],
              [213091.833000000013271, 387336.420999999972992],
              [213091.598999999987427, 387334.075000000011642],
              [213089.458000000013271, 387312.653],
              [213089.23499999998603, 387310.418],
              [213086.926, 387287.31],
              [213086.707, 387285.119],
              [213081.239, 387230.403],
              [213081.121000000013737, 387229.222],
              [213072.76500000001397, 387145.593],
              [213072.655999999988126, 387144.49800000002142],
              [213070.791, 387125.840000000025611],
              [213069.26500000001397, 387111.287000000011176],
              [213063.856999999989057, 387059.984],
              [213063.791, 387059.356000000028871],
              [213062.952, 387051.393999999971129],
              [213062.884, 387050.74900000001071],
              [213062.272999999986496, 387044.955000000016298],
              [213088.94, 387009.88],
              [213121.019999999989523, 386961.669999999983702],
              [213095.71, 386899.200000000011642],
              [213062.5, 386784.89000000001397],
              [213045.299999999988358, 386718.75],
              [213028.34, 386676.60999999998603],
              [213028.295000000012806, 386673.087],
              [213028.286, 386672.36099999997532],
              [213026.038, 386494.232000000018161],
              [213026.032, 386493.757999999972526],
              [213025.826, 386477.425999999977648],
              [213025.818999999988591, 386476.901000000012573],
              [213025.576, 386457.693000000028405],
              [213025.568999999988591, 386457.113000000012107],
              [213025.200000000011642, 386427.842],
              [213025.191, 386427.166000000026543],
              [213025.16, 386424.707999999984168],
              [213025.027, 386414.148999999975786],
              [213025.018000000010943, 386413.441],
              [213024.381, 386362.947999999974854],
              [213023.996000000013737, 386332.441999999980908],
              [213023.636, 386303.87699999997858],
              [213023.62400000001071, 386302.933000000019092],
              [213023.39000000001397, 386284.409999999974389],
              [213022.809, 386238.197999999974854],
              [213021.835, 386160.746999999973923],
              [213021.823, 386159.773999999975786],
              [213021.325000000011642, 386120.204000000027008],
              [213021.309, 386118.930999999982305],
              [213021.230000000010477, 386112.60999999998603],
              [213011.585, 386065.136],
              [213011.294, 386063.702],
              [213009.991, 386057.286000000021886],
              [213009.696, 386055.835000000020955],
              [212972.994, 385875.188000000023749],
              [212952.71, 385775.349999999976717],
              [212944.378999999986263, 385732.816],
              [212930.064000000013039, 385667.37400000001071],
              [212907.041999999986729, 385548.202999999979511],
              [212899.85, 385511.739],
              [212890.943, 385490.919999999983702],
              [212883.026000000012573, 385471.906000000017229],
              [212886.375, 385417.803000000014435],
              [212888.642, 385385.12300000002142],
              [212890.291999999986729, 385361.342],
              [212891.549999999988358, 385343.200000000011642],
              [212889.549999999988358, 385343.080000000016298],
              [212889.691, 385340.37300000002142],
              [212890.69, 385321.240999999979977],
              [212891.848, 385299.048],
              [212896.397999999986496, 385211.87699999997858],
              [212898.62599999998929, 385169.181999999971595],
              [212899.397, 385154.407],
              [212900.159000000014203, 385139.815],
              [212900.979, 385124.098],
              [212902.063, 385103.343999999982771],
              [212902.192000000010012, 385100.871999999973923],
              [212903.199, 385081.57],
              [212903.63, 385073.32],
              [212905.356999999989057, 385040.199000000022352],
              [212907.666999999986729, 384995.913999999989755],
              [212911.256, 384927.104],
              [212919.23499999998603, 384774.092],
              [212919.24, 384774.01],
              [212921.666, 384732.24800000002142],
              [212922.843, 384712.0],
              [212924.10999999998603, 384690.200000000011642],
              [212926.677, 384646.020000000018626],
              [212927.949, 384624.12699999997858],
              [212933.394, 384530.431999999971595],
              [212934.920000000012806, 384504.169999999983702],
              [212493.32, 384509.218999999982771],
              [212479.834, 384474.62699999997858],
              [212477.034000000014203, 384467.40500000002794],
              [212476.093, 384464.981000000028871],
              [212473.492, 384458.541000000026543],
              [212472.655999999988126, 384456.337999999988824],
              [212478.29, 384365.76],
              [212489.01, 384162.049999999988358],
              [212502.81, 383900.14000000001397],
              [212519.730000000010477, 383577.200000000011642],
              [212540.72, 383183.64000000001397],
              [212542.82, 383137.789999999979045],
              [212543.394, 383125.62699999997858],
              [212545.634, 383079.436999999976251],
              [212492.066, 382744.294999999983702],
              [212462.786, 382561.424],
              [212417.196999999985565, 382278.863000000012107],
              [212401.856, 382184.00199999997858],
              [212356.25700000001234, 381901.851000000024214],
              [212319.027, 381669.460000000020955],
              [212278.487, 381420.129000000015367],
              [212264.614, 381335.26500000001397],
              [212262.207, 381320.439000000013039],
              [212236.166999999986729, 381160.382999999972526],
              [212192.182999999989988, 380888.62699999997858],
              [212145.779, 380601.025000000023283],
              [212096.994, 380297.843999999982771],
              [212043.752, 379967.957],
              [212033.844000000011874, 379906.982000000018161],
              [211981.35, 379582.049999999988358],
              [211928.096, 379252.311999999976251],
              [211927.64000000001397, 379249.49],
              [211932.075000000011642, 379251.179],
              [212071.75700000001234, 379304.37599999998929],
              [212144.079999999987194, 379331.919999999983702],
              [212305.744, 379393.493000000016764],
              [212318.462, 379398.337],
              [212344.788, 379408.363000000012107],
              [212350.74, 379410.63],
              [212382.846, 379408.793],
              [212390.769, 379408.338999999978114],
              [212455.987, 379404.607000000018161],
              [212548.571999999985565, 379399.309],
              [212550.242, 379399.212999999988824],
              [212702.32, 379390.51],
              [212712.950000000011642, 379389.909999999974389],
              [212716.409000000014203, 379389.712],
              [212728.525, 379389.017999999981839],
              [212787.853, 379385.621999999973923],
              [212812.325000000011642, 379384.221000000019558],
              [212905.125, 379378.908999999985099],
              [212979.708000000013271, 379374.63900000002468],
              [213002.827, 379373.316],
              [213145.291, 379365.161000000021886],
              [213198.894999999989523, 379362.093],
              [213359.62400000001071, 379352.892],
              [213416.60999999998603, 379349.63],
              [213373.34, 379267.200000000011642],
              [213424.799999999988358, 379250.28000000002794],
              [213419.766, 379242.968999999982771],
              [213366.799999999988358, 379166.049999999988358],
              [213334.774, 379118.363000000012107],
              [213296.6, 379061.520000000018626],
              [213257.397999999986496, 378995.885],
              [213256.35, 378994.13],
              [213215.06, 378933.979999999981374],
              [213197.200000000011642, 378911.35999999998603],
              [213112.24, 378811.169999999983702],
              [213107.5, 378803.64000000001397],
              [213076.4, 378754.37],
              [213038.34, 378702.19],
              [213027.24, 378689.700000000011642],
              [212951.21, 378585.18],
              [212920.93, 378551.03000000002794],
              [212878.4, 378495.409999999974389],
              [212826.269999999989523, 378421.19],
              [212799.54, 378378.44],
              [212578.07, 378156.93],
              [212579.78, 378155.830000000016298],
              [212714.299999999988358, 378069.270000000018626],
              [212653.445, 377988.569000000017695],
              [212602.87, 377921.5],
              [212604.412000000011176, 377918.039999999979045],
              [212622.079999999987194, 377878.400000000023283],
              [212625.907, 377864.409999999974389],
              [212663.53, 377726.85999999998603],
              [212703.41, 377586.76],
              [212712.687, 377553.465000000025611],
              [212716.06, 377541.35999999998603],
              [212717.025, 377537.892],
              [212721.244, 377522.729],
              [212743.06, 377444.53000000002794],
              [212762.945, 377372.981000000028871],
              [212780.730000000010477, 377308.99],
              [212781.587999999988824, 377305.908999999985099],
              [212785.886, 377290.466000000014901],
              [212787.74299999998766, 377283.793],
              [212794.799999999988358, 377258.44],
              [212835.663, 377111.819000000017695],
              [212840.54, 377094.32],
              [212976.19, 376607.419999999983702],
              [213008.253999999986263, 376491.597],
              [213072.01, 376261.299999999988358],
              [213121.39000000001397, 376084.85999999998603],
              [213179.53, 375876.18],
              [213257.68, 375594.299999999988358],
              [213279.006, 375517.531000000017229],
              [213305.07, 375423.710000000020955],
              [213376.79, 375165.21999999997206],
              [213448.38, 374907.159999999974389],
              [213325.893000000010943, 374792.795999999972992],
              [213320.51, 374787.770000000018626],
              [213314.835, 374782.472],
              [213274.51, 374744.82],
              [213122.49, 374602.950000000011642],
              [212925.829999999987194, 374419.400000000023283],
              [212903.399, 374398.495],
              [212766.230000000010477, 374270.659999999974389],
              [212669.19, 374180.200000000011642],
              [212530.64000000001397, 374050.840000000025611],
              [212270.13, 373807.62],
              [212105.5, 373654.03000000002794],
              [211866.566, 373430.98499999998603],
              [211855.46, 373420.617000000027474],
              [211853.76, 373419.03000000002794],
              [211633.15, 373213.19],
              [211408.263, 373003.161000000021886],
              [211360.71, 372958.75],
              [211349.74299999998766, 372948.488000000012107],
              [211325.412000000011176, 372925.721000000019558],
              [211314.027, 372915.068000000028405],
              [211235.34, 372841.44],
              [211232.671, 372838.944000000017695],
              [211146.14000000001397, 372758.039999999979045],
              [211122.157, 372735.618000000016764],
              [211121.56, 372735.06],
              [211107.44, 372721.85999999998603],
              [211106.676, 372721.145000000018626],
              [211073.170000000012806, 372689.789999999979045],
              [211072.178000000014435, 372688.862000000022817],
              [211060.14000000001397, 372677.599999999976717],
              [211056.913999999989755, 372674.572999999974854],
              [211055.450000000011642, 372673.200000000011642],
              [210933.253, 372558.199000000022352],
              [210933.18, 372558.13],
              [210932.682, 372557.658],
              [210931.26, 372556.31],
              [210961.41, 372507.26],
              [210999.13, 372442.150000000023283],
              [211010.64000000001397, 372427.080000000016298],
              [211011.696999999985565, 372425.5],
              [211031.59, 372395.78000000002794],
              [211049.950000000011642, 372362.919999999983702],
              [211051.85999999998603, 372359.450000000011642],
              [211062.81, 372338.96999999997206],
              [211096.829999999987194, 372280.60999999998603],
              [211168.34, 372149.06],
              [211221.85, 372081.849999999976717],
              [211240.329999999987194, 372049.88],
              [211235.424, 372048.375],
              [211187.38, 372033.64000000001397],
              [211109.549999999988358, 372025.25],
              [211008.549999999988358, 372054.580000000016298],
              [210826.68, 372066.37],
              [210705.9, 372038.115999999979977],
              [210681.494, 372032.407],
              [210624.44, 372019.06],
              [210491.087999999988824, 371968.653999999980442],
              [210465.07, 371958.82],
              [210326.51, 371936.841000000014901],
              [210264.91, 371927.07],
              [210173.543, 371892.813000000023749],
              [210178.66, 371880.580000000016298],
              [210134.579, 371857.456],
              [210127.60999999998603, 371853.799999999988358],
              [210116.60999999998603, 371874.18],
              [210112.742, 371873.587],
              [209915.928000000014435, 371843.409999999974389],
              [209841.64000000001397, 371832.020000000018626],
              [209648.450000000011642, 371846.63],
              [209615.336000000010245, 371841.911000000021886],
              [209592.671, 371838.680999999982305],
              [209478.237, 371822.370999999984633],
              [209457.766, 371819.452999999979511],
              [209457.04, 371819.349999999976717],
              [209453.12, 371820.10999999998603],
              [209450.608, 371807.359],
              [209448.277, 371795.526000000012573],
              [209429.329999999987194, 371699.349999999976717],
              [209430.041999999986729, 371691.370999999984633],
              [209431.693, 371672.858],
              [209432.65, 371662.12300000002142],
              [209433.81, 371649.12],
              [209440.665, 371626.490999999979977],
              [209450.89000000001397, 371592.74],
              [209455.784000000014203, 371584.077999999979511],
              [209465.133, 371567.538],
              [209478.85999999998603, 371543.25],
              [209484.24299999998766, 371530.14000000001397],
              [209487.821999999985565, 371521.424999999988358],
              [209491.464, 371512.555],
              [209496.51, 371500.270000000018626],
              [209503.6, 371475.200000000011642],
              [209514.66, 371418.57],
              [209513.34, 371416.830000000016298],
              [209356.63, 371210.24],
              [209316.079, 371172.663],
              [209279.9, 371139.19],
              [209246.166, 371098.069000000017695],
              [209239.94, 371090.479999999981374],
              [209237.404, 371087.38],
              [209157.41, 370989.56],
              [209096.899, 370869.865],
              [209093.105000000010477, 370862.35999999998603],
              [209092.560999999986961, 370861.283],
              [209087.16, 370850.599999999976717],
              [209081.636999999987893, 370839.685],
              [209014.15, 370706.32],
              [208981.730000000010477, 370548.159999999974389],
              [208981.721, 370548.146],
              [208977.340999999985797, 370541.347],
              [208891.945, 370408.803000000014435],
              [208891.931000000011409, 370408.781000000017229],
              [208843.85999999998603, 370334.169999999983702],
              [208843.615, 370318.503000000026077],
              [208842.821, 370267.738000000012107],
              [208842.116, 370222.702999999979511],
              [208841.454, 370180.419999999983702],
              [208840.777, 370137.168],
              [208837.571999999985565, 369932.299],
              [208836.81, 369883.580000000016298],
              [208818.715, 369859.109],
              [208708.16, 369709.599999999976717],
              [208624.72, 369596.700000000011642],
              [208569.51, 369522.090000000025611],
              [208524.4, 369430.49],
              [208480.93, 369376.10999999998603],
              [208479.549999999988358, 369208.35999999998603],
              [208475.548, 369167.12400000001071],
              [208456.467, 368970.473999999987427],
              [208456.22, 368967.93],
              [208453.003999999986263, 368962.282],
              [208401.352000000013504, 368871.548],
              [208398.94, 368867.31],
              [208313.983, 368718.789999999979045],
              [208311.769999999989523, 368714.919999999983702],
              [208245.843, 368599.815],
              [208243.950000000011642, 368596.51],
              [208242.752, 368594.412000000011176],
              [208172.94, 368472.039999999979045],
              [208007.980000000010477, 368182.450000000011642],
              [207984.34, 368140.700000000011642],
              [207891.579999999987194, 367976.200000000011642],
              [207861.829999999987194, 367923.44],
              [207838.980000000010477, 367894.93],
              [207804.59, 367852.039999999979045],
              [207751.079999999987194, 367784.81],
              [207750.768000000010943, 367784.419],
              [207731.54, 367760.26],
              [207691.87, 367710.520000000018626],
              [207679.9, 367695.549999999988358],
              [207679.329999999987194, 367694.81],
              [207658.47, 367668.669999999983702],
              [207625.230000000010477, 367627.03000000002794],
              [207611.16, 367609.39000000001397],
              [207596.13, 367590.74],
              [207554.84, 367539.229999999981374],
              [207495.46, 367464.900000000023283],
              [207455.62, 367415.01],
              [207404.87, 367351.039999999979045],
              [207380.38, 367320.409999999974389],
              [207356.769999999989523, 367290.87],
              [207344.43, 367275.229999999981374],
              [207306.56, 367227.479999999981374],
              [207278.66, 367192.71999999997206],
              [207272.99, 367185.650000000023283],
              [207237.950000000011642, 367142.270000000018626],
              [207090.89000000001397, 366956.979999999981374],
              [207089.78, 366955.590000000025611],
              [207064.4, 366923.68],
              [207040.079999999987194, 366893.31],
              [207033.25, 366884.87],
              [207015.25, 366862.289999999979045],
              [206990.730000000010477, 366831.68],
              [206966.480000000010477, 366801.39000000001397],
              [206915.0, 366737.099999999976717],
              [206892.88, 366709.340000000025611],
              [206885.37, 366699.93],
              [206750.670000000012806, 366530.909999999974389],
              [206702.89000000001397, 366379.71999999997206],
              [206656.420000000012806, 366233.01],
              [206618.984, 366114.724999999976717],
              [206569.87, 365959.539999999979045],
              [206537.16, 365856.169999999983702],
              [206536.78, 365854.979999999981374],
              [206463.142, 365620.976000000024214],
              [206449.06, 365319.286000000021886],
              [206448.472, 365306.96999999997206],
              [206435.583000000013271, 365292.331],
              [206321.21, 365162.25],
              [206153.105000000010477, 364970.988000000012107],
              [206052.877, 364856.902],
              [205864.238000000012107, 364642.587999999988824],
              [205863.404, 364641.641],
              [205576.432999999989988, 364315.604999999981374],
              [205413.704, 364130.685999999986961],
              [205253.215999999985797, 363948.319000000017695],
              [205184.529, 363871.217],
              [205050.082, 363718.821],
              [204511.527, 363110.028],
              [204386.519, 362968.906000000017229],
              [204248.291, 362812.685999999986961],
              [203966.236, 362493.743000000016764],
              [203937.377, 362461.108],
              [203764.011999999987893, 362265.128000000026077],
              [203538.809, 362121.848999999987427],
              [203311.931000000011409, 361977.478],
              [203086.442000000010012, 361834.018999999971129],
              [202864.899, 361693.021],
              [202944.082, 361510.992000000027474],
              [202979.698, 361430.87],
              [203065.541999999986729, 361239.270000000018626],
              [203066.553000000014435, 361237.01500000001397],
              [203123.846, 361115.427000000025146],
              [203202.253999999986263, 360943.913],
              [203234.427, 360873.487000000022817],
              [203278.809, 360776.386],
              [203359.185999999986961, 360600.766],
              [203389.488000000012107, 360534.359],
              [203391.818, 360529.25199999997858],
              [203450.404, 360400.710000000020955],
              [203463.318999999988591, 360372.314000000013039],
              [203465.195, 360368.185],
              [203472.786, 360351.454000000027008],
              [203609.628999999986263, 360049.936999999976251],
              [203619.075000000011642, 360029.14000000001397],
              [203629.479, 360006.23599999997532],
              [203632.418, 359999.907],
              [203641.158, 359982.378000000026077],
              [203668.817000000010012, 359905.840000000025611],
              [203681.753999999986263, 359870.038999999989755],
              [203682.526000000012573, 359867.903],
              [203683.543, 359865.090000000025611],
              [203720.135, 359763.824000000022352],
              [203776.231999999989057, 359608.085000000020955],
              [203819.056000000011409, 359489.189000000013039],
              [203649.904, 359417.702],
              [203569.094000000011874, 359441.566999999980908],
              [203465.681000000011409, 359460.979],
              [203390.476, 359463.00099999998929],
              [203342.799, 359464.282],
              [202927.53, 359454.702999999979511],
              [202748.709, 359414.009000000020023],
              [202634.62400000001071, 359309.047000000020489],
              [202561.214, 359241.505],
              [202569.358, 359087.12400000001071],
              [202570.748, 359062.009000000020023],
              [202586.202, 358756.587999999988824],
              [202591.544, 358651.517],
              [202592.962, 358623.64000000001397],
              [202602.253999999986263, 358440.87699999997858],
              [202657.628999999986263, 358429.64000000001397],
              [202674.122, 358426.292000000015832],
              [202679.897999999986496, 358356.48599999997532],
              [202682.647, 358323.283],
              [202688.255, 358255.511999999987893],
              [202702.853, 358079.109],
              [202705.657, 358045.239],
              [202724.391, 357820.987000000022817],
              [202725.238000000012107, 357810.71999999997206],
              [202725.245, 357810.62400000001071],
              [202738.896, 357644.684],
              [202738.941, 357644.14000000001397],
              [202739.462, 357637.806999999971595],
              [202746.434, 357553.07],
              [202781.528, 357130.48499999998603],
              [202789.131, 357038.793],
              [202794.840999999985797, 356969.929],
              [202795.225, 356965.308000000019092],
              [202797.127, 356941.199000000022352],
              [202815.87, 356712.973],
              [202856.146, 356251.11099999997532],
              [202893.448, 355821.537000000011176],
              [202894.231, 355812.800999999977648],
              [202894.560999999986961, 355808.467],
              [202918.727000000013504, 355531.01400000002468],
              [202960.066, 355054.489],
              [202960.702, 355047.983],
              [202961.00700000001234, 355044.608],
              [203082.131, 354847.637999999977183],
              [203222.01500000001397, 354620.294],
              [203266.114, 354548.680999999982305],
              [203342.347, 354424.882999999972526],
              [203363.207, 354376.012999999977183],
              [203462.255, 354144.072999999974854],
              [203468.518000000010943, 354129.39000000001397],
              [203555.46, 353925.57],
              [203565.772, 353901.408999999985099],
              [203605.222, 353808.982000000018161],
              [203786.43, 353773.75],
              [203986.420000000012806, 353734.836000000010245],
              [204000.625, 353733.695],
              [204004.128999999986263, 353724.424],
              [204018.358, 353710.723],
              [204019.872, 353710.587],
              [204021.017, 353715.450000000011642],
              [204039.972, 353721.229],
              [204042.345, 353713.077999999979511],
              [204040.946, 353709.957],
              [204043.848, 353709.316],
              [204048.548, 353718.059],
              [204050.056000000011409, 353716.047000000020489],
              [204053.571, 353709.767],
              [204059.139, 353713.25],
              [204062.537000000011176, 353709.852000000013504],
              [204074.157, 353710.305],
              [204078.717, 353713.927000000025146],
              [204073.829999999987194, 353723.981000000028871],
              [204075.478, 353725.231000000028871],
              [204078.49900000001071, 353722.836000000010245],
              [204081.912000000011176, 353723.327999999979511],
              [204084.094000000011874, 353731.607000000018161],
              [204099.165, 353740.48599999997532],
              [204103.574, 353737.963999999978114],
              [204103.035, 353730.429],
              [204098.230000000010477, 353729.185],
              [204100.48499999998603, 353724.909999999974389],
              [204096.766, 353710.982000000018161],
              [204089.171, 353706.23599999997532],
              [204087.498, 353697.082],
              [204092.91, 353691.791000000026543],
              [204104.144, 353690.869],
              [204108.937, 353689.34499999997206],
              [204114.135, 353695.358],
              [204119.946999999985565, 353696.348],
              [204128.776000000012573, 353693.686999999976251],
              [204131.893000000010943, 353683.495],
              [204128.961000000010245, 353675.831],
              [204138.182999999989988, 353677.816999999980908],
              [204144.105000000010477, 353675.033],
              [204147.889, 353674.646],
              [204152.548, 353671.990999999979977],
              [204155.206, 353673.74800000002142],
              [204150.946999999985565, 353681.438000000023749],
              [204153.608, 353684.077],
              [204154.989, 353682.311999999976251],
              [204157.263, 353682.685999999986961],
              [204157.022999999986496, 353685.833999999973457],
              [204162.577, 353685.701],
              [204166.729, 353682.673],
              [204165.317000000010012, 353677.384000000020023],
              [204170.24299999998766, 353678.386],
              [204174.897, 353675.104999999981374],
              [204179.195, 353676.990999999979977],
              [204179.967, 353680.016],
              [204177.582, 353682.789999999979045],
              [204182.019, 353687.196999999985565],
              [204186.189000000013039, 353688.205000000016298],
              [204185.962999999988824, 353694.0],
              [204186.737, 353697.526000000012573],
              [204190.903, 353697.653],
              [204193.514, 353689.718],
              [204193.73499999998603, 353683.163999999989755],
              [204208.258, 353686.07],
              [204211.785, 353684.936999999976251],
              [204217.991, 353689.48599999997532],
              [204219.267, 353692.387999999977183],
              [204211.878, 353703.215000000025611],
              [204215.056000000011409, 353708.381999999983236],
              [204212.060999999986961, 353715.674999999988358],
              [204210.169, 353716.049],
              [204207.286, 353720.574000000022352],
              [204208.302, 353722.082999999984168],
              [204213.092, 353720.832999999984168],
              [204218.39000000001397, 353720.338999999978114],
              [204219.38200000001234, 353715.939000000013039],
              [204227.984, 353721.112000000022817],
              [204236.173, 353718.365],
              [204234.76, 353712.700000000011642],
              [204238.423, 353713.465000000025611],
              [204241.47, 353717.87599999998929],
              [204244.745, 353716.75199999997858],
              [204251.064000000013039, 353719.536000000021886],
              [204256.221, 353716.158],
              [204253.442000000010012, 353715.268999999971129],
              [204254.435, 353711.875],
              [204259.718, 353708.871999999973923],
              [204257.310999999986961, 353706.597],
              [204253.787000000011176, 353708.222],
              [204251.886, 353706.580000000016298],
              [204254.339, 353694.107000000018161],
              [204260.142, 353694.378000000026077],
              [204262.26500000001397, 353691.228],
              [204282.449, 353693.450000000011642],
              [204277.068, 353699.35999999998603],
              [204280.733, 353700.89000000001397],
              [204284.133, 353700.273999999975786],
              [204285.545000000012806, 353704.314000000013039],
              [204291.845, 353703.841000000014901],
              [204291.378999999986263, 353710.762999999977183],
              [204300.344000000011874, 353714.324000000022352],
              [204314.055, 353708.237000000022817],
              [204317.286, 353700.821],
              [204313.99900000001071, 353699.413999999989755],
              [204307.487, 353705.558000000019092],
              [204297.904, 353705.004000000015367],
              [204298.255, 353700.718999999982771],
              [204295.218, 353698.936999999976251],
              [204294.916999999986729, 353692.365999999979977],
              [204300.448, 353690.99900000001071],
              [204297.367, 353684.653],
              [204313.759, 353677.330000000016298],
              [204318.052, 353679.245],
              [204322.798, 353677.843999999982771],
              [204326.964, 353680.009000000020023],
              [204334.093, 353680.115],
              [204343.986, 353683.23499999998603],
              [204349.407, 353688.783],
              [204350.805, 353691.308000000019092],
              [204344.75700000001234, 353692.677000000025146],
              [204346.642, 353694.434],
              [204341.595, 353696.674],
              [204335.654, 353699.521],
              [204335.698, 353702.827],
              [204350.965, 353707.506999999983236],
              [204353.051, 353705.326],
              [204353.9, 353703.167000000015832],
              [204358.855000000010477, 353706.591000000014901],
              [204356.654, 353710.90500000002794],
              [204358.756, 353711.993000000016764],
              [204365.76500000001397, 353707.330000000016298],
              [204367.99299999998766, 353708.669],
              [204370.696999999985565, 353707.231000000028871],
              [204366.728, 353703.784999999974389],
              [204365.424999999988358, 353695.729],
              [204370.843, 353694.864],
              [204373.844000000011874, 353699.479999999981374],
              [204378.119, 353694.848],
              [204382.12, 353688.065],
              [204386.538999999989755, 353686.208999999973457],
              [204387.38200000001234, 353684.294],
              [204393.446, 353686.333999999973457],
              [204401.644, 353680.36099999997532],
              [204406.593, 353682.043],
              [204411.62599999998929, 353680.055],
              [204421.378999999986263, 353681.526000000012573],
              [204424.875, 353686.01400000002468],
              [204434.769, 353689.50199999997858],
              [204436.53, 353693.13],
              [204433.256, 353698.863000000012107],
              [204437.0, 353703.962],
              [204440.826, 353704.523999999975786],
              [204442.271, 353700.71999999997206],
              [204448.454, 353702.879000000015367],
              [204444.927, 353708.104],
              [204448.038, 353711.32],
              [204442.737, 353711.538999999989755],
              [204438.715999999985797, 353717.142999999981839],
              [204441.826, 353720.356000000028871],
              [204446.256, 353719.272999999986496],
              [204450.614, 353724.097],
              [204457.997, 353721.960000000020955],
              [204463.179, 353708.669],
              [204468.848, 353708.321999999985565],
              [204470.37400000001071, 353713.202],
              [204477.24900000001071, 353710.069000000017695],
              [204477.814000000013039, 353704.773999999975786],
              [204484.432, 353713.09499999997206],
              [204481.26, 353716.668],
              [204482.761999999987893, 353718.90500000002794],
              [204486.939000000013039, 353717.202],
              [204491.036, 353719.901000000012573],
              [204488.75, 353725.715000000025611],
              [204490.494, 353727.445],
              [204494.068, 353727.01],
              [204498.402, 353728.446],
              [204503.326, 353724.607000000018161],
              [204506.326, 353725.608],
              [204506.229, 353733.276000000012573],
              [204509.174999999988358, 353736.162000000011176],
              [204504.218, 353739.26400000002468],
              [204510.274, 353742.302000000025146],
              [204515.802, 353739.707],
              [204518.047, 353741.675999999977648],
              [204518.541999999986729, 353752.815],
              [204516.446999999985565, 353753.349999999976717],
              [204517.115, 353757.843999999982771],
              [204529.989, 353759.262999999977183],
              [204527.06, 353752.053000000014435],
              [204532.227000000013504, 353750.093],
              [204533.541999999986729, 353746.441],
              [204540.834, 353746.451],
              [204542.530999999988126, 353743.919999999983702],
              [204542.577, 353757.308000000019092],
              [204538.405, 353759.87599999998929],
              [204538.596, 353765.37400000001071],
              [204543.86799999998766, 353761.538],
              [204549.700000000011642, 353762.816999999980908],
              [204554.97, 353758.982000000018161],
              [204560.193, 353760.768999999971129],
              [204563.717, 353764.832],
              [204570.865, 353762.338999999978114],
              [204572.032, 353757.447999999974854],
              [204569.526000000012573, 353755.492000000027474],
              [204569.206, 353750.49900000001071],
              [204571.912000000011176, 353749.327999999979511],
              [204573.549999999988358, 353751.300999999977648],
              [204578.457, 353748.21999999997206],
              [204586.665, 353750.202],
              [204593.477000000013504, 353742.213999999978114],
              [204598.495, 353745.494],
              [204606.730000000010477, 353740.342],
              [204607.85999999998603, 353733.827],
              [204611.019, 353729.516],
              [204600.693999999988591, 353721.976000000024214],
              [204596.407, 353724.799999999988358],
              [204593.659000000014203, 353723.343999999982771],
              [204591.605000000010477, 353726.379000000015367],
              [204586.747, 353724.202999999979511],
              [204584.649, 353724.35999999998603],
              [204580.423, 353722.670999999972992],
              [204580.471, 353717.278999999980442],
              [204598.859, 353716.006999999983236],
              [204604.214, 353710.794],
              [204611.670000000012806, 353707.718],
              [204617.324, 353710.596000000019558],
              [204621.062, 353709.87699999997858],
              [204623.899, 353716.332999999984168],
              [204629.688, 353719.327],
              [204633.223, 353713.221000000019558],
              [204638.586000000010245, 353712.588999999978114],
              [204639.159000000014203, 353717.718999999982771],
              [204641.043, 353718.425999999977648],
              [204641.715999999985797, 353713.01500000001397],
              [204650.211000000010245, 353721.716000000014901],
              [204650.155999999988126, 353726.354],
              [204652.797, 353727.543],
              [204656.853, 353722.935],
              [204654.846, 353713.702999999979511],
              [204657.797, 353710.243000000016764],
              [204651.758, 353707.24900000001071],
              [204653.446, 353702.685999999986961],
              [204662.497, 353697.319000000017695],
              [204668.204, 353703.591000000014901],
              [204675.18, 353701.918],
              [204682.84, 353704.5],
              [204686.296, 353701.278999999980442],
              [204700.496000000013737, 353697.556999999971595],
              [204708.37, 353688.457],
              [204708.939000000013039, 353684.423],
              [204702.477000000013504, 353678.161000000021886],
              [204710.57, 353666.787000000011176],
              [204715.972, 353668.803000000014435],
              [204718.707, 353676.661000000021886],
              [204733.399, 353672.306999999971595],
              [204735.818999999988591, 353666.598],
              [204735.354, 353660.324000000022352],
              [204745.182999999989988, 353656.962999999988824],
              [204766.316, 353656.62300000002142],
              [204773.989, 353650.925999999977648],
              [204780.50099999998929, 353651.287000000011176],
              [204788.50700000001234, 353642.821999999985565],
              [204797.246000000013737, 353641.37699999997858],
              [204818.56, 353627.231000000028871],
              [204830.723999999987427, 353620.444000000017695],
              [204858.881, 353626.754000000015367],
              [204859.727000000013504, 353632.759000000020023],
              [204862.759, 353634.326],
              [204871.0, 353632.393999999971129],
              [204872.839, 353637.75],
              [204873.824, 353644.50199999997858],
              [204883.453, 353643.168],
              [204897.28, 353653.278999999980442],
              [204899.806000000011409, 353670.143999999971129],
              [204896.399, 353676.734],
              [204896.693999999988591, 353687.37699999997858],
              [204892.36799999998766, 353691.354999999981374],
              [204893.324, 353704.23499999998603],
              [204884.652, 353718.827999999979511],
              [204886.176, 353720.047000000020489],
              [204897.653, 353732.060999999986961],
              [204892.49299999998766, 353738.81],
              [204898.488000000012107, 353745.184],
              [204902.369, 353744.723],
              [204905.942000000010012, 353740.637999999977183],
              [204911.109, 353742.151000000012573],
              [204913.253999999986263, 353734.96999999997206],
              [204921.261999999987893, 353741.550999999977648],
              [204927.266, 353740.418],
              [204929.701, 353743.617000000027474],
              [204925.498, 353747.588999999978114],
              [204930.475, 353752.858],
              [204936.729, 353751.593999999982771],
              [204936.339, 353766.489],
              [204939.005, 353768.431999999971595],
              [204941.340999999985797, 353765.378000000026077],
              [204945.397, 353767.914999999979045],
              [204951.318, 353777.163999999989755],
              [204958.301, 353774.259000000020023],
              [204953.75700000001234, 353780.612000000022817],
              [204955.054, 353783.208999999973457],
              [204951.508, 353789.163999999989755],
              [204951.344000000011874, 353794.669],
              [204962.201, 353798.555],
              [204969.590999999985797, 353797.517],
              [204979.953, 353801.663999999989755],
              [204981.136, 353805.012999999977183],
              [204988.538999999989755, 353804.724999999976717],
              [204992.696999999985565, 353805.634000000020023],
              [204989.99900000001071, 353809.694000000017695],
              [204990.84, 353815.175999999977648],
              [204995.538, 353818.446999999985565],
              [204993.321999999985565, 353821.245],
              [204995.87599999998929, 353823.939000000013039],
              [204998.34, 353820.885],
              [205009.576, 353816.762999999977183],
              [205015.981999999989057, 353816.74800000002142],
              [205019.431000000011409, 353812.547000000020489],
              [205022.64000000001397, 353816.851000000024214],
              [205019.491, 353824.169999999983702],
              [205023.172, 353826.588999999978114],
              [205025.108, 353822.047000000020489],
              [205028.998, 353821.711000000010245],
              [205030.18, 353817.060999999986961],
              [205034.095, 353818.476000000024214],
              [205035.112, 353827.077],
              [205033.141, 353829.495],
              [205037.327, 353832.028999999980442],
              [205039.115, 353841.863000000012107],
              [205042.373, 353841.292000000015832],
              [205043.848999999987427, 353831.385],
              [205046.313, 353828.332],
              [205052.989, 353837.31],
              [205058.920000000012806, 353838.929],
              [205061.261999999987893, 353844.003000000026077],
              [205074.081, 353836.348999999987427],
              [205075.786, 353832.938000000023749],
              [205079.81, 353833.099999999976717],
              [205082.462, 353833.917000000015832],
              [205085.644999999989523, 353836.472],
              [205078.75099999998929, 353845.495],
              [205084.280999999988126, 353845.5],
              [205090.973, 353839.604999999981374],
              [205096.668, 353842.106000000028871],
              [205101.93, 353841.117000000027474],
              [205102.851, 353843.721000000019558],
              [205098.519999999989523, 353847.939000000013039],
              [205099.446999999985565, 353850.919],
              [205112.46, 353847.261],
              [205115.605000000010477, 353855.316999999980908],
              [205119.835, 353860.474999999976717],
              [205144.093, 353868.200000000011642],
              [205150.598, 353866.184],
              [205156.041999999986729, 353860.69],
              [205165.280999999988126, 353856.614],
              [205179.795000000012806, 353860.049999999988358],
              [205185.014, 353856.186999999976251],
              [205194.135, 353858.208999999973457],
              [205213.776000000012573, 353862.666000000026543],
              [205220.418, 353869.309],
              [205230.214, 353868.771],
              [205235.451, 353874.061999999976251],
              [205241.25099999998929, 353875.216000000014901],
              [205240.976, 353881.601000000024214],
              [205250.87599999998929, 353887.565],
              [205259.498, 353884.293],
              [205262.731, 353874.233],
              [205269.356, 353879.75099999998929],
              [205272.878, 353879.818000000028405],
              [205276.616, 353885.634000000020023],
              [205280.541, 353895.200000000011642],
              [205284.168, 353894.01400000002468],
              [205286.481, 353897.227000000013504],
              [205298.36799999998766, 353901.532],
              [205301.432, 353896.603],
              [205310.26500000001397, 353898.582999999984168],
              [205317.041999999986729, 353905.724999999976717],
              [205326.435, 353911.196999999985565],
              [205324.549, 353919.107000000018161],
              [205326.864, 353922.32],
              [205330.813, 353917.62699999997858],
              [205342.285, 353919.561999999976251],
              [205346.017, 353916.99900000001071],
              [205348.918, 353917.577],
              [205347.492, 353922.728],
              [205349.155999999988126, 353924.576],
              [205352.891, 353922.262999999977183],
              [205369.182, 353926.620999999984633],
              [205374.333000000013271, 353918.533],
              [205377.24900000001071, 353919.98599999997532],
              [205370.885, 353930.84499999997206],
              [205373.497, 353944.806999999971595],
              [205378.722, 353949.097],
              [205377.377, 353951.495],
              [205369.109, 353953.507999999972526],
              [205375.837, 353965.401000000012573],
              [205387.72, 353969.206],
              [205392.094000000011874, 353967.506999999983236],
              [205398.419, 353969.778],
              [205402.889, 353966.202],
              [205404.173, 353967.806999999971595],
              [205399.033, 353976.770000000018626],
              [205401.002, 353981.989],
              [205407.745, 353978.87599999998929],
              [205410.024, 353987.840000000025611],
              [205403.030999999988126, 353991.082999999984168],
              [205404.62599999998929, 353996.431999999971595],
              [205409.229, 353993.229999999981374],
              [205418.590999999985797, 353996.700000000011642],
              [205423.208000000013271, 353994.37300000002142],
              [205428.149, 353996.667000000015832],
              [205429.494, 353994.143999999971129],
              [205432.288999999989755, 353995.973],
              [205436.307, 353995.531000000017229],
              [205437.318999999988591, 354003.891],
              [205448.138, 354003.962],
              [205450.476, 354000.673],
              [205454.893000000010943, 354001.599999999976717],
              [205459.534000000014203, 354000.773999999975786],
              [205458.967, 353996.783],
              [205463.78, 353990.952999999979511],
              [205472.434, 353997.310999999986961],
              [205474.655, 354002.525000000023283],
              [205473.698, 354005.666000000026543],
              [205478.030999999988126, 354009.218999999982771],
              [205483.017, 354006.262999999977183],
              [205492.794, 354020.223999999987427],
              [205491.372, 354025.870999999984633],
              [205506.708000000013271, 354033.614],
              [205513.347, 354031.881],
              [205520.543, 354025.266],
              [205524.337, 354026.702999999979511],
              [205526.459, 354034.161000000021886],
              [205533.230000000010477, 354032.924],
              [205542.503999999986263, 354022.40500000002794],
              [205539.514, 354015.712],
              [205548.231999999989057, 354010.074000000022352],
              [205562.878999999986263, 354041.90500000002794],
              [205571.953, 354044.368000000016764],
              [205573.071, 354052.088999999978114],
              [205594.916999999986729, 354052.702999999979511],
              [205598.163, 354060.011999999987893],
              [205610.941, 354058.662000000011176],
              [205620.496000000013737, 354068.232000000018161],
              [205636.032, 354075.075000000011642],
              [205644.587999999988824, 354084.913999999989755],
              [205638.112, 354088.150000000023283],
              [205621.202, 354090.196999999985565],
              [205629.598, 354097.791000000026543],
              [205623.534000000014203, 354103.516],
              [205629.508, 354108.53000000002794],
              [205631.847, 354105.492000000027474],
              [205635.027, 354108.308000000019092],
              [205629.665, 354119.016],
              [205663.47, 354138.646],
              [205647.613000000012107, 354160.903],
              [205651.094000000011874, 354167.085000000020955],
              [205659.443, 354162.941999999980908],
              [205665.984, 354172.191],
              [205675.457, 354167.778],
              [205681.829, 354174.158],
              [205691.272999999986496, 354167.871999999973923],
              [205705.731999999989057, 354177.857000000018161],
              [205713.483, 354175.971000000019558],
              [205721.063, 354179.210000000020955],
              [205727.956, 354186.830000000016298],
              [205732.231, 354187.378000000026077],
              [205734.843, 354177.718999999982771],
              [205740.856999999989057, 354185.354],
              [205735.394999999989523, 354189.071],
              [205736.297, 354198.794999999983702],
              [205740.894, 354203.957999999984168],
              [205743.988000000012107, 354201.156000000017229],
              [205747.03, 354203.101000000024214],
              [205741.869, 354210.183000000019092],
              [205741.299, 354213.939000000013039],
              [205743.608, 354217.145000000018626],
              [205743.203, 354223.395000000018626],
              [205752.033, 354234.477000000013504],
              [205758.027, 354232.49900000001071],
              [205767.696999999985565, 354232.952999999979511],
              [205772.484, 354242.234],
              [205778.893000000010943, 354242.745999999984633],
              [205779.386, 354250.229],
              [205786.453, 354252.727000000013504],
              [205791.902, 354264.119],
              [205795.685, 354275.054],
              [205798.342, 354282.73499999998603],
              [205809.327, 354286.912000000011176],
              [205812.859, 354290.615999999979977],
              [205823.61799999998766, 354301.896],
              [205833.302, 354319.082],
              [205845.269999999989523, 354329.862000000022817],
              [205845.85999999998603, 354335.468999999982771],
              [205845.471, 354342.468],
              [205848.170000000012806, 354346.542000000015832],
              [205858.310999999986961, 354352.858],
              [205860.299, 354359.44],
              [205866.078, 354359.840000000025611],
              [205872.076, 354381.711000000010245],
              [205878.69, 354387.215000000025611],
              [205883.271, 354398.871999999973923],
              [205886.678000000014435, 354415.669],
              [205894.162000000011176, 354428.276000000012573],
              [205899.343, 354446.042000000015832],
              [205910.465999999985797, 354466.329000000027008],
              [205915.231, 354481.606000000028871],
              [205927.31, 354498.755],
              [205922.593, 354502.212],
              [205922.025, 354505.96999999997206],
              [205928.855000000010477, 354516.842],
              [205931.522, 354526.664999999979045],
              [205961.73499999998603, 354554.487000000022817],
              [205992.564000000013039, 354573.677000000025146],
              [206013.168, 354597.300999999977648],
              [206019.246000000013737, 354600.315],
              [206037.721, 354616.479999999981374],
              [206055.432, 354628.555999999982305],
              [206060.122, 354635.826],
              [206059.752, 354636.207],
              [206057.897, 354651.107000000018161],
              [206057.389, 354663.733],
              [206083.445, 354672.436999999976251],
              [206112.166, 354686.811999999976251],
              [206126.434, 354703.457999999984168],
              [206178.842, 354740.329000000027008],
              [206194.218, 354755.202],
              [206358.442000000010012, 354875.641],
              [206379.136999999987893, 354885.686999999976251],
              [206391.087, 354894.669],
              [206406.875, 354912.194000000017695],
              [206420.29, 354918.520000000018626],
              [206510.04, 354956.06],
              [206598.26, 354986.88],
              [206681.25, 355030.299999999988358],
              [206763.13, 355070.700000000011642],
              [206836.24, 355129.950000000011642],
              [206908.85, 355188.44],
              [207052.269999999989523, 355254.400000000023283],
              [207192.13, 355318.89000000001397],
              [207322.920000000012806, 355379.18],
              [207499.230000000010477, 355472.799999999988358],
              [207657.56, 355556.919999999983702],
              [207759.759, 355606.561999999976251],
              [207992.39000000001397, 355719.56],
              [208319.32, 355878.43],
              [208577.97, 355996.549999999988358],
              [209098.00700000001234, 356226.881999999983236],
              [209374.128, 356397.142999999981839],
              [209381.43, 356401.75],
              [209679.66, 356161.32],
              [209972.07, 355925.56],
              [210134.28, 355794.76],
              [210351.420000000012806, 355619.650000000023283],
              [210406.19, 355575.496999999973923],
              [210478.38, 355517.299999999988358],
              [210472.277, 355514.375],
              [210469.652, 355513.117000000027474],
              [210436.894, 355497.416000000026543],
              [210409.730000000010477, 355484.396],
              [210237.03, 355401.62],
              [210134.928000000014435, 355352.675999999977648],
              [210037.054, 355305.757999999972526],
              [210024.269999999989523, 355299.63],
              [209944.926, 355256.971000000019558],
              [209792.91, 355175.24],
              [209753.926, 355154.283],
              [209672.980000000010477, 355110.767],
              [209573.43, 355057.25],
              [209440.003999999986263, 354989.826],
              [209304.12, 354921.159999999974389],
              [209276.909000000014203, 354907.413999999989755],
              [209192.026000000012573, 354864.534999999974389],
              [208953.049999999988358, 354743.830000000016298],
              [208910.128, 354722.136],
              [208776.411, 354654.550999999977648],
              [208752.37, 354642.400000000023283],
              [208712.593, 354622.166000000026543],
              [208690.712999999988824, 354611.036000000021886],
              [208515.335, 354521.821999999985565],
              [208413.049999999988358, 354469.789999999979045],
              [208153.208000000013271, 354337.859],
              [208130.6, 354326.38],
              [208064.833000000013271, 354292.99900000001071],
              [207960.505, 354240.044999999983702],
              [207867.78, 354192.979999999981374],
              [207562.39000000001397, 354037.950000000011642],
              [207786.14000000001397, 353903.43],
              [208061.429, 353726.206],
              [208074.169, 353718.005],
              [208087.692000000010012, 353709.299],
              [208107.646, 353696.452999999979511],
              [208113.842, 353692.463999999978114],
              [208147.719000000011874, 353670.656000000017229],
              [208163.869, 353660.259000000020023],
              [208170.095, 353656.25099999998929],
              [208177.029, 353651.787000000011176],
              [208185.11799999998766, 353646.580000000016298],
              [208191.957, 353642.177000000025146],
              [208205.614, 353633.385],
              [208212.975, 353628.647],
              [208228.35999999998603, 353618.743000000016764],
              [208243.297, 353609.12699999997858],
              [208260.0, 353598.375],
              [208268.595, 353592.842],
              [208276.066, 353588.032],
              [208286.39000000001397, 353581.386],
              [208294.959, 353575.87300000002142],
              [208294.96, 353575.87],
              [208304.875, 353569.422000000020489],
              [208324.50700000001234, 353556.656000000017229],
              [208334.885, 353549.907],
              [208344.514, 353543.645000000018626],
              [208353.844000000011874, 353537.577999999979511],
              [208406.115, 353503.587],
              [208428.613000000012107, 353488.957],
              [208439.435, 353481.919],
              [208451.949, 353473.781000000017229],
              [208485.212, 353452.151000000012573],
              [208489.950000000011642, 353449.07],
              [208518.856, 353430.277],
              [208531.575000000011642, 353422.007999999972526],
              [208543.885, 353414.004000000015367],
              [208559.99299999998766, 353403.531000000017229],
              [208568.365, 353398.087999999988824],
              [208642.1, 353350.150000000023283],
              [208647.416, 353346.693000000028405],
              [208654.756, 353341.920999999972992],
              [208665.351, 353335.033],
              [208750.85999999998603, 353279.44],
              [208775.287000000011176, 353263.99],
              [208784.685999999986961, 353258.044999999983702],
              [208931.93, 353164.919999999983702],
              [209355.4, 352897.10999999998603],
              [209519.85999999998603, 352793.159999999974389],
              [210013.32, 352488.68],
              [210141.170000000012806, 352410.150000000023283],
              [210021.88, 352274.56],
              [209773.670000000012806, 352047.099999999976717],
              [209584.797, 351939.299],
              [209576.291, 351934.444000000017695],
              [209533.34, 351901.669999999983702],
              [209381.019999999989523, 351781.909999999974389],
              [209268.450000000011642, 351756.31],
              [209273.334, 351713.683000000019092],
              [209278.434, 351669.167000000015832],
              [209298.9, 351490.539999999979045],
              [209315.48499999998603, 351321.571999999985565],
              [209315.661, 351319.672000000020489],
              [209307.5, 351314.615999999979977],
              [209301.375, 351316.044999999983702],
              [209291.522999999986496, 351316.558000000019092],
              [209276.057, 351319.059],
              [209263.361, 351324.333999999973457],
              [209255.102000000013504, 351324.90500000002794],
              [209248.144, 351323.669],
              [209244.095, 351325.332999999984168],
              [209239.017, 351330.50099999998929],
              [209234.383, 351331.946999999985565],
              [209217.448, 351337.234],
              [209213.894999999989523, 351339.00199999997858],
              [209207.902, 351346.137999999977183],
              [209204.842, 351347.960000000020955],
              [209193.639, 351352.602000000013504],
              [209190.199, 351354.82],
              [209177.54, 351353.762999999977183],
              [209171.147999999986496, 351355.988000000012107],
              [209159.348999999987427, 351362.026000000012573],
              [209141.454, 351369.897],
              [209142.767, 351381.675999999977648],
              [209136.187, 351387.920999999972992],
              [209132.889, 351389.827],
              [209127.745, 351392.137999999977183],
              [209125.564000000013039, 351391.914999999979045],
              [209116.049999999988358, 351397.576],
              [209113.628, 351394.962999999988824],
              [209115.027, 351392.169999999983702],
              [209116.871000000013737, 351389.789999999979045],
              [209118.560999999986961, 351388.564000000013039],
              [209120.602000000013504, 351378.238000000012107],
              [209119.348, 351376.185],
              [209107.07, 351378.907],
              [209098.666, 351375.141],
              [209095.956, 351374.669],
              [209087.478, 351371.5],
              [209084.784000000014203, 351372.157],
              [209080.151000000012573, 351376.185999999986961],
              [209074.182, 351377.837999999988824],
              [209069.056000000011409, 351374.76400000002468],
              [209074.008, 351361.961000000010245],
              [209073.920000000012806, 351359.234],
              [209072.204999999987194, 351358.156000000017229],
              [209067.043, 351358.566],
              [209065.411, 351358.868000000016764],
              [209064.701, 351359.331],
              [209060.875, 351358.574000000022352],
              [209059.087, 351356.152],
              [209054.692000000010012, 351351.800999999977648],
              [209052.011, 351350.212],
              [209050.411, 351351.254000000015367],
              [209047.416999999986729, 351355.222],
              [209042.896, 351357.99800000002142],
              [209036.869, 351359.433000000019092],
              [209028.426, 351359.49],
              [209022.024, 351361.971000000019558],
              [209010.389, 351357.005],
              [209009.331, 351358.19],
              [209003.75700000001234, 351358.729999999981374],
              [208998.212999999988824, 351357.025000000023283],
              [208995.419, 351354.093],
              [208994.068999999988591, 351348.261999999987893],
              [208989.641, 351338.571],
              [208989.766, 351336.039999999979045],
              [208992.843, 351330.458999999973457],
              [208991.082, 351328.903],
              [208978.965, 351329.729],
              [208976.24299999998766, 351330.701],
              [208976.928000000014435, 351334.330000000016298],
              [208977.674999999988358, 351340.072999999974854],
              [208975.897, 351344.859],
              [208973.886, 351345.742000000027474],
              [208969.456, 351344.494],
              [208964.828, 351339.091000000014901],
              [208961.791, 351339.221000000019558],
              [208958.662000000011176, 351340.310999999986961],
              [208954.84, 351343.027],
              [208950.371000000013737, 351346.452],
              [208947.280999999988126, 351348.167000000015832],
              [208940.389, 351349.401000000012573],
              [208937.837999999988824, 351347.900000000023283],
              [208934.103, 351345.984],
              [208930.469000000011874, 351344.093],
              [208927.593, 351342.038],
              [208917.496000000013737, 351331.913],
              [208914.927, 351330.338999999978114],
              [208912.04, 351331.39000000001397],
              [208900.092, 351342.931999999971595],
              [208895.022999999986496, 351339.565],
              [208892.776000000012573, 351336.398999999975786],
              [208889.75, 351330.183000000019092],
              [208894.114, 351324.566],
              [208902.365, 351320.87],
              [208903.492, 351319.392999999981839],
              [208902.647999999986496, 351314.422000000020489],
              [208898.347, 351309.262999999977183],
              [208892.443, 351307.349999999976717],
              [208885.246000000013737, 351308.843999999982771],
              [208880.969000000011874, 351307.009000000020023],
              [208875.264, 351292.44],
              [208873.056000000011409, 351291.770000000018626],
              [208871.567000000010012, 351292.593],
              [208871.649, 351297.597],
              [208872.663, 351304.237000000022817],
              [208873.171, 351306.14000000001397],
              [208873.266, 351307.03000000002794],
              [208871.045000000012806, 351311.75199999997858],
              [208868.93, 351312.392],
              [208867.49900000001071, 351312.919],
              [208865.679, 351313.353],
              [208843.905, 351299.277],
              [208838.089, 351299.919],
              [208833.402, 351297.156000000017229],
              [208828.935, 351288.787000000011176],
              [208825.428000000014435, 351278.951],
              [208820.459, 351275.49800000002142],
              [208816.967, 351268.699000000022352],
              [208810.738000000012107, 351267.24],
              [208805.128999999986263, 351268.933000000019092],
              [208803.242, 351276.174999999988358],
              [208809.913999999989755, 351282.580000000016298],
              [208810.47, 351287.781000000017229],
              [208808.030999999988126, 351289.821999999985565],
              [208803.639, 351291.526000000012573],
              [208800.975, 351292.26],
              [208798.777, 351291.731000000028871],
              [208785.483, 351283.509000000020023],
              [208774.867, 351274.503000000026077],
              [208773.655999999988126, 351272.413],
              [208773.508, 351269.009000000020023],
              [208772.603, 351264.90500000002794],
              [208770.445, 351262.788999999989755],
              [208768.229, 351263.479],
              [208763.068999999988591, 351275.647999999986496],
              [208753.443, 351280.934],
              [208750.788, 351283.268999999971129],
              [208748.373, 351282.446],
              [208748.202, 351279.98499999998603],
              [208745.988000000012107, 351273.253000000026077],
              [208738.73499999998603, 351264.617000000027474],
              [208736.747, 351259.071999999985565],
              [208738.208000000013271, 351256.022999999986496],
              [208740.807999999989988, 351253.423],
              [208742.617, 351252.395000000018626],
              [208745.038999999989755, 351251.707999999984168],
              [208746.519, 351251.544],
              [208749.385, 351252.466000000014901],
              [208753.88200000001234, 351254.635],
              [208756.394, 351254.906000000017229],
              [208758.117, 351253.643999999971129],
              [208758.421, 351251.810999999986961],
              [208755.968, 351248.53000000002794],
              [208751.726, 351245.332999999984168],
              [208747.833000000013271, 351245.710000000020955],
              [208742.288999999989755, 351246.143999999971129],
              [208735.968, 351241.286000000021886],
              [208725.994, 351240.544999999983702],
              [208717.230000000010477, 351239.231000000028871],
              [208714.196999999985565, 351236.468999999982771],
              [208714.171, 351233.238000000012107],
              [208717.628, 351229.261999999987893],
              [208718.24299999998766, 351227.913],
              [208718.202, 351223.645000000018626],
              [208716.11799999998766, 351220.37599999998929],
              [208713.176, 351220.210000000020955],
              [208710.923, 351227.093],
              [208705.907, 351232.710000000020955],
              [208702.557999999989988, 351236.802000000025146],
              [208700.139, 351246.961000000010245],
              [208697.396, 351256.86099999997532],
              [208695.621000000013737, 351256.055999999982305],
              [208688.575000000011642, 351242.88],
              [208683.267, 351235.680999999982305],
              [208676.294, 351231.191],
              [208674.065, 351230.797000000020489],
              [208667.011999999987893, 351232.63900000002468],
              [208667.282, 351234.94],
              [208669.198, 351236.197999999974854],
              [208670.845, 351238.465000000025611],
              [208672.56, 351243.75099999998929],
              [208672.163, 351247.69],
              [208662.893000000010943, 351259.011],
              [208661.419, 351259.778],
              [208659.951, 351259.419],
              [208654.949, 351251.628000000026077],
              [208648.24900000001071, 351246.712],
              [208645.695, 351245.585000000020955],
              [208643.791, 351245.071999999985565],
              [208642.201, 351246.096000000019558],
              [208642.037000000011176, 351251.65500000002794],
              [208644.301, 351255.988000000012107],
              [208643.99900000001071, 351260.319000000017695],
              [208642.274, 351261.13900000002468],
              [208634.698, 351261.292000000015832],
              [208627.698, 351257.297000000020489],
              [208623.445, 351253.916000000026543],
              [208620.211000000010245, 351250.87599999998929],
              [208615.815, 351244.827999999979511],
              [208610.388, 351243.204000000027008],
              [208609.253, 351245.072999999974854],
              [208609.288, 351257.276000000012573],
              [208607.089, 351260.134000000020023],
              [208605.226, 351265.043],
              [208603.587, 351265.707999999984168],
              [208598.211000000010245, 351264.368000000016764],
              [208595.834, 351262.881],
              [208590.327, 351256.520000000018626],
              [208582.325000000011642, 351254.777],
              [208580.084, 351253.072999999974854],
              [208574.181000000011409, 351245.068000000028405],
              [208572.064000000013039, 351243.033],
              [208556.123, 351241.837],
              [208554.475, 351239.693000000028405],
              [208552.12, 351235.44],
              [208552.803000000014435, 351232.055],
              [208559.75099999998929, 351227.813000000023749],
              [208560.988000000012107, 351226.291000000026543],
              [208560.393000000010943, 351223.778],
              [208554.603, 351223.24],
              [208547.631, 351224.077999999979511],
              [208544.301, 351223.151000000012573],
              [208537.461000000010245, 351220.391],
              [208533.527, 351221.800999999977648],
              [208515.721, 351223.788999999989755],
              [208512.759, 351228.62300000002142],
              [208511.949, 351233.205000000016298],
              [208507.016, 351236.591000000014901],
              [208504.438, 351237.882999999972526],
              [208500.726, 351243.245],
              [208497.689000000013039, 351244.528999999980442],
              [208496.299, 351242.246999999973923],
              [208494.277, 351235.430999999982305],
              [208491.144, 351234.022],
              [208483.916, 351232.505],
              [208475.622, 351235.395000000018626],
              [208463.695, 351239.337],
              [208459.99299999998766, 351239.495999999984633],
              [208444.491, 351242.278999999980442],
              [208442.643000000010943, 351244.294],
              [208437.179, 351249.384000000020023],
              [208434.737, 351250.786000000021886],
              [208428.420000000012806, 351252.204000000027008],
              [208421.111, 351256.457999999984168],
              [208416.26, 351259.472],
              [208416.212, 351262.61099999997532],
              [208417.693999999988591, 351267.859],
              [208423.097, 351271.678000000014435],
              [208424.174999999988358, 351276.368000000016764],
              [208424.429, 351281.449000000022352],
              [208423.825000000011642, 351283.533999999985099],
              [208419.261, 351285.338999999978114],
              [208409.003, 351282.385],
              [208406.87400000001071, 351282.715000000025611],
              [208401.821, 351285.087],
              [208400.206, 351284.995],
              [208396.017, 351283.006],
              [208387.564000000013039, 351273.28000000002794],
              [208385.49299999998766, 351271.538999999989755],
              [208381.719000000011874, 351266.825000000011642],
              [208381.671, 351264.474999999976717],
              [208379.335, 351258.843999999982771],
              [208376.86799999998766, 351256.298],
              [208372.019, 351254.593],
              [208368.037000000011176, 351255.73499999998603],
              [208364.214, 351259.990999999979977],
              [208359.992, 351264.056999999971595],
              [208359.994, 351265.431999999971595],
              [208353.772999999986496, 351279.072999999974854],
              [208346.952, 351282.652],
              [208342.666999999986729, 351287.177000000025146],
              [208337.682, 351288.271],
              [208335.011999999987893, 351287.604],
              [208328.274, 351284.806999999971595],
              [208326.451, 351283.776000000012573],
              [208315.43, 351285.24800000002142],
              [208310.797, 351288.210000000020955],
              [208310.318, 351293.746999999973923],
              [208305.108, 351301.195],
              [208300.663, 351304.07],
              [208293.11799999998766, 351302.504000000015367],
              [208288.416999999986729, 351298.509000000020023],
              [208286.769999999989523, 351295.520000000018626],
              [208287.851, 351287.166000000026543],
              [208287.074, 351283.71999999997206],
              [208285.212999999988824, 351281.923],
              [208280.427, 351277.672000000020489],
              [208280.776000000012573, 351267.925999999977648],
              [208279.590999999985797, 351266.614],
              [208276.503999999986263, 351267.256],
              [208266.862, 351272.718999999982771],
              [208265.405999999988126, 351275.697999999974854],
              [208266.359, 351279.602000000013504],
              [208273.11799999998766, 351287.359],
              [208273.033, 351289.006999999983236],
              [208261.806000000011409, 351294.135],
              [208254.94, 351290.38],
              [208246.386999999987893, 351289.240999999979977],
              [208241.178000000014435, 351285.368000000016764],
              [208239.451, 351281.974999999976717],
              [208232.227000000013504, 351276.397999999986496],
              [208230.665, 351275.615999999979977],
              [208226.215999999985797, 351275.48599999997532],
              [208225.07, 351277.331],
              [208222.832, 351284.879000000015367],
              [208218.498, 351288.309],
              [208212.344000000011874, 351293.098999999987427],
              [208212.098, 351293.045999999972992],
              [208207.301, 351292.017999999981839],
              [208206.435, 351290.28000000002794],
              [208202.383, 351281.772999999986496],
              [208199.318, 351271.683000000019092],
              [208197.726, 351271.150000000023283],
              [208186.943, 351273.059],
              [208181.364, 351269.63900000002468],
              [208173.227000000013504, 351270.707999999984168],
              [208163.884, 351269.583999999973457],
              [208155.309, 351268.768999999971129],
              [208153.369, 351269.608],
              [208145.258, 351268.356000000028871],
              [208138.725, 351263.658999999985099],
              [208132.674999999988358, 351256.465000000025611],
              [208129.708000000013271, 351255.025000000023283],
              [208125.49900000001071, 351255.256],
              [208121.019, 351261.398999999975786],
              [208114.953, 351264.767999999981839],
              [208112.108, 351263.810999999986961],
              [208111.442000000010012, 351259.724999999976717],
              [208112.778, 351257.792000000015832],
              [208116.576, 351238.90500000002794],
              [208111.687, 351233.38900000002468],
              [208105.345, 351232.207999999984168],
              [208097.324, 351234.62300000002142],
              [208095.067000000010012, 351234.017999999981839],
              [208082.862, 351222.995999999984633],
              [208083.209, 351220.685],
              [208085.653, 351220.226000000024214],
              [208093.328, 351221.917000000015832],
              [208095.147999999986496, 351220.963999999978114],
              [208098.343, 351219.150000000023283],
              [208099.155, 351215.858],
              [208098.06, 351213.333999999973457],
              [208096.26500000001397, 351212.585000000020955],
              [208088.313, 351196.870999999984633],
              [208086.157, 351194.039999999979045],
              [208084.711000000010245, 351192.452999999979511],
              [208081.06, 351191.196999999985565],
              [208077.103, 351193.604999999981374],
              [208074.918, 351196.973],
              [208069.366, 351203.61099999997532],
              [208066.233, 351203.658],
              [208063.25099999998929, 351203.185999999986961],
              [208056.987, 351203.283999999985099],
              [208054.005, 351204.963999999978114],
              [208053.712, 351207.68],
              [208053.302, 351211.01],
              [208045.832, 351215.581],
              [208031.408, 351218.891],
              [208029.238000000012107, 351217.851000000024214],
              [208030.105000000010477, 351211.805],
              [208031.494, 351209.896],
              [208034.734, 351208.273999999975786],
              [208039.684, 351202.568000000028405],
              [208041.388, 351199.724999999976717],
              [208046.75, 351199.207],
              [208047.674999999988358, 351198.097],
              [208049.606, 351192.256999999983236],
              [208055.445, 351185.913999999989755],
              [208057.543, 351184.096000000019558],
              [208058.522, 351178.849999999976717],
              [208051.397999999986496, 351166.838999999978114],
              [208049.454, 351162.170999999972992],
              [208043.095, 351164.231000000028871],
              [208042.153, 351163.195],
              [208039.826, 351152.830000000016298],
              [208036.989, 351148.197999999974854],
              [208033.748, 351147.435999999986961],
              [208029.807, 351143.522999999986496],
              [208023.869, 351138.778],
              [208022.661, 351134.434],
              [208020.761999999987893, 351126.233],
              [208019.392, 351123.534999999974389],
              [208014.304, 351117.271],
              [208010.517, 351115.413],
              [208006.621000000013737, 351117.403],
              [208005.403, 351118.375],
              [208002.678000000014435, 351127.566],
              [208000.639, 351130.984],
              [207999.245, 351132.292000000015832],
              [207994.0, 351132.038999999989755],
              [207990.772, 351125.704000000027008],
              [207990.272, 351122.711000000010245],
              [207991.03, 351118.153],
              [207988.995, 351115.568000000028405],
              [207983.473999999987427, 351115.033],
              [207979.161, 351117.99800000002142],
              [207970.922, 351118.995],
              [207968.383, 351118.778],
              [207966.021, 351119.560999999986961],
              [207963.22, 351121.68],
              [207965.365, 351126.286000000021886],
              [207963.981, 351128.949000000022352],
              [207959.293, 351130.085000000020955],
              [207955.326, 351129.417000000015832],
              [207954.358, 351128.196],
              [207951.803000000014435, 351113.386],
              [207949.367, 351111.615999999979977],
              [207947.407, 351112.438000000023749],
              [207942.962, 351116.593],
              [207940.003999999986263, 351117.348],
              [207938.434, 351116.886999999987893],
              [207935.93, 351113.863000000012107],
              [207936.737, 351108.604999999981374],
              [207935.287000000011176, 351106.349999999976717],
              [207933.526000000012573, 351107.185],
              [207930.403, 351111.136999999987893],
              [207915.911, 351115.201],
              [207912.928000000014435, 351114.696],
              [207907.894999999989523, 351110.287000000011176],
              [207907.056000000011409, 351104.527],
              [207903.636999999987893, 351101.117000000027474],
              [207881.560999999986961, 351094.598999999987427],
              [207878.623, 351093.544],
              [207874.068, 351092.068000000028405],
              [207872.340999999985797, 351086.408],
              [207866.831, 351085.048],
              [207861.283, 351082.65500000002794],
              [207853.709, 351077.191999999980908],
              [207851.961000000010245, 351076.565],
              [207844.761999999987893, 351076.74900000001071],
              [207842.07, 351077.318000000028405],
              [207832.954, 351074.24],
              [207824.1, 351070.76500000001397],
              [207818.795000000012806, 351062.962999999988824],
              [207816.734, 351061.579000000027008],
              [207807.854, 351055.507999999972526],
              [207802.57, 351053.202],
              [207792.796, 351054.867000000027474],
              [207790.413999999989755, 351053.136999999987893],
              [207785.332, 351051.042000000015832],
              [207778.594000000011874, 351052.593],
              [207774.133, 351054.343],
              [207772.855000000010477, 351053.895000000018626],
              [207769.420000000012806, 351049.343],
              [207764.468, 351048.112000000022817],
              [207756.037000000011176, 351051.330000000016298],
              [207749.103, 351052.259000000020023],
              [207748.60999999998603, 351052.74800000002142],
              [207733.668, 351048.408],
              [207732.327, 351048.772999999986496],
              [207731.394, 351048.003000000026077],
              [207722.37, 351049.196],
              [207720.095, 351048.50099999998929],
              [207711.045000000012806, 351046.495],
              [207709.185, 351044.468],
              [207713.178000000014435, 351039.158],
              [207714.615, 351037.901000000012573],
              [207713.424, 351036.202999999979511],
              [207706.50099999998929, 351034.85999999998603],
              [207697.442000000010012, 351032.152],
              [207691.597, 351028.775000000023283],
              [207679.078, 351025.267999999981839],
              [207666.560999999986961, 351023.694000000017695],
              [207665.677, 351024.342],
              [207661.509, 351022.955000000016298],
              [207654.469000000011874, 351018.132999999972526],
              [207653.337999999988824, 351017.108],
              [207645.894, 351015.566],
              [207639.426, 351016.408999999985099],
              [207641.331, 351023.512999999977183],
              [207644.602000000013504, 351024.939000000013039],
              [207646.543, 351028.454000000027008],
              [207646.173, 351031.792000000015832],
              [207644.505, 351032.545999999972992],
              [207639.663, 351031.226000000024214],
              [207631.158, 351030.691999999980908],
              [207626.51, 351032.354999999981374],
              [207616.738000000012107, 351033.85999999998603],
              [207614.69, 351033.900000000023283],
              [207602.44, 351033.612000000022817],
              [207599.951, 351033.882999999972526],
              [207595.695, 351030.903999999980442],
              [207594.353, 351028.088999999978114],
              [207596.128999999986263, 351021.656000000017229],
              [207592.700000000011642, 351021.335000000020955],
              [207590.223, 351023.253000000026077],
              [207582.571, 351028.294],
              [207576.764, 351026.26400000002468],
              [207570.077, 351023.590000000025611],
              [207563.383, 351022.673],
              [207561.505, 351024.591000000014901],
              [207557.191, 351028.490999999979977],
              [207550.935999999986961, 351030.56],
              [207547.856999999989057, 351030.386],
              [207540.995, 351028.180999999982305],
              [207533.861, 351023.53000000002794],
              [207524.078, 351015.506999999983236],
              [207520.462999999988824, 351013.163999999989755],
              [207515.677, 351011.403],
              [207513.75099999998929, 351011.677000000025146],
              [207511.69, 351011.625],
              [207509.522999999986496, 351010.813000000023749],
              [207505.968, 351003.710000000020955],
              [207503.983, 350998.349999999976717],
              [207502.37400000001071, 350994.74],
              [207500.196999999985565, 350993.770000000018626],
              [207495.192000000010012, 350992.957],
              [207486.532, 350994.718],
              [207483.682, 350991.718999999982771],
              [207481.397, 350986.12699999997858],
              [207474.019, 350981.659999999974389],
              [207453.519999999989523, 350962.071999999985565],
              [207448.351, 350960.044],
              [207443.50700000001234, 350961.221000000019558],
              [207442.952, 350962.343999999982771],
              [207443.047, 350965.278],
              [207441.272999999986496, 350967.038999999989755],
              [207438.891, 350967.462],
              [207435.73499999998603, 350965.724999999976717],
              [207434.495, 350963.044999999983702],
              [207434.356, 350960.73499999998603],
              [207437.950000000011642, 350955.195],
              [207437.146, 350946.913],
              [207434.296, 350943.647999999986496],
              [207427.72, 350942.282],
              [207418.026000000012573, 350939.031000000017229],
              [207416.170000000012806, 350941.072999999974854],
              [207417.256, 350944.854],
              [207418.715, 350946.642],
              [207419.864, 350949.058000000019092],
              [207422.211000000010245, 350956.598999999987427],
              [207423.995, 350962.462999999988824],
              [207423.084, 350965.420999999972992],
              [207420.285, 350965.98599999997532],
              [207413.508, 350965.435999999986961],
              [207407.416, 350963.425999999977648],
              [207405.310999999986961, 350962.732000000018161],
              [207397.987, 350958.004000000015367],
              [207394.348, 350954.846000000019558],
              [207394.214, 350949.052000000025146],
              [207396.37400000001071, 350945.98499999998603],
              [207396.931000000011409, 350943.919999999983702],
              [207395.426, 350941.408999999985099],
              [207387.829999999987194, 350940.443000000028405],
              [207382.829999999987194, 350945.581],
              [207376.166999999986729, 350940.792000000015832],
              [207371.12400000001071, 350937.786000000021886],
              [207362.696999999985565, 350938.083999999973457],
              [207357.62400000001071, 350936.398999999975786],
              [207350.663999999989755, 350937.908999999985099],
              [207349.435, 350937.924],
              [207342.519999999989523, 350933.62],
              [207339.932, 350932.196999999985565],
              [207329.685, 350931.778],
              [207326.019999999989523, 350926.163],
              [207321.56, 350915.547000000020489],
              [207311.24900000001071, 350908.636999999987893],
              [207310.468, 350903.947999999974854],
              [207309.746000000013737, 350902.609],
              [207299.981999999989057, 350893.319000000017695],
              [207297.12, 350892.688000000023749],
              [207294.59, 350894.011999999987893],
              [207292.87400000001071, 350898.944000000017695],
              [207294.086000000010245, 350905.527],
              [207291.045000000012806, 350917.935999999986961],
              [207288.48499999998603, 350918.88],
              [207279.886, 350914.822999999974854],
              [207278.541999999986729, 350915.245999999984633],
              [207278.405999999988126, 350916.049],
              [207273.885, 350917.927000000025146],
              [207271.288, 350918.172000000020489],
              [207268.016, 350917.026000000012573],
              [207263.421, 350918.006999999983236],
              [207259.563, 350920.473],
              [207255.50700000001234, 350923.093],
              [207249.272, 350924.049],
              [207247.96, 350923.370999999984633],
              [207245.477000000013504, 350914.76500000001397],
              [207246.288999999989755, 350912.452],
              [207250.291, 350905.987000000022817],
              [207249.583000000013271, 350902.651000000012573],
              [207245.50099999998929, 350897.212999999988824],
              [207241.24299999998766, 350890.579000000027008],
              [207238.411, 350888.523999999975786],
              [207235.453, 350888.071],
              [207232.564000000013039, 350888.863000000012107],
              [207229.693999999988591, 350890.761999999987893],
              [207230.055, 350891.256],
              [207222.49, 350900.157],
              [207222.25099999998929, 350901.973],
              [207218.459, 350903.805999999982305],
              [207215.465, 350904.257999999972526],
              [207210.821, 350901.989],
              [207209.343, 350900.449000000022352],
              [207199.189000000013039, 350896.727000000013504],
              [207197.217, 350898.473],
              [207196.563, 350904.936999999976251],
              [207195.200000000011642, 350906.303000000014435],
              [207186.303000000014435, 350907.113000000012107],
              [207182.324, 350911.597],
              [207176.97, 350912.656000000017229],
              [207171.159000000014203, 350909.897],
              [207167.147999999986496, 350905.672000000020489],
              [207167.185999999986961, 350902.131999999983236],
              [207168.949, 350899.988000000012107],
              [207169.291, 350895.851000000024214],
              [207168.704999999987194, 350895.091000000014901],
              [207165.10999999998603, 350893.590000000025611],
              [207153.766, 350881.245999999984633],
              [207151.834, 350880.517],
              [207142.288, 350880.396],
              [207140.282, 350881.656000000017229],
              [207138.807999999989988, 350882.634000000020023],
              [207137.878999999986263, 350884.106000000028871],
              [207137.062, 350887.457],
              [207137.786, 350889.128000000026077],
              [207141.653, 350894.137999999977183],
              [207141.496000000013737, 350898.166000000026543],
              [207137.331, 350901.729999999981374],
              [207131.785, 350902.191],
              [207120.953, 350898.26],
              [207122.99900000001071, 350891.852000000013504],
              [207122.280999999988126, 350889.98599999997532],
              [207121.366, 350889.694000000017695],
              [207111.287000000011176, 350892.599999999976717],
              [207109.829, 350893.961000000010245],
              [207109.276000000012573, 350896.15500000002794],
              [207112.653, 350898.392999999981839],
              [207110.63200000001234, 350904.148999999975786],
              [207109.337999999988824, 350905.662000000011176],
              [207102.939000000013039, 350908.385],
              [207095.310999999986961, 350908.045999999972992],
              [207090.287000000011176, 350911.533],
              [207086.833000000013271, 350910.253000000026077],
              [207086.184, 350908.878000000026077],
              [207086.934, 350907.555999999982305],
              [207086.278, 350899.773999999975786],
              [207082.60999999998603, 350893.381999999983236],
              [207080.59, 350891.255],
              [207078.788, 350889.887999999977183],
              [207076.181000000011409, 350887.338999999978114],
              [207074.76500000001397, 350885.628000000026077],
              [207072.127, 350883.385],
              [207068.616, 350886.25],
              [207051.973999999987427, 350890.487000000022817],
              [207049.864, 350892.007999999972526],
              [207043.25099999998929, 350902.26500000001397],
              [207040.424999999988358, 350902.917000000015832],
              [207036.855000000010477, 350902.031000000017229],
              [207032.957, 350903.234],
              [207024.134, 350906.356000000028871],
              [207020.449, 350906.315],
              [207019.036, 350901.382999999972526],
              [207019.162000000011176, 350895.278],
              [207016.952, 350893.048],
              [207014.96, 350892.89000000001397],
              [207002.231, 350885.821999999985565],
              [206999.551, 350885.84499999997206],
              [206992.727000000013504, 350887.979999999981374],
              [206990.465, 350887.01],
              [206989.693999999988591, 350885.947999999974854],
              [206985.297, 350883.233],
              [206983.228, 350881.657],
              [206979.301, 350880.729999999981374],
              [206976.489, 350875.843],
              [206977.31, 350870.49900000001071],
              [206979.049999999988358, 350866.968999999982771],
              [206982.612, 350863.132999999972526],
              [206983.475, 350861.571999999985565],
              [206983.158, 350854.120999999984633],
              [206982.564000000013039, 350852.21999999997206],
              [206978.76500000001397, 350850.549999999988358],
              [206975.938, 350850.913],
              [206973.654, 350853.473],
              [206974.85999999998603, 350856.666000000026543],
              [206973.954999999987194, 350858.425999999977648],
              [206970.284000000014203, 350863.359],
              [206969.261, 350864.788],
              [206966.71, 350869.840000000025611],
              [206965.685, 350871.169],
              [206961.828, 350874.691],
              [206960.221, 350875.343999999982771],
              [206954.056000000011409, 350874.028],
              [206947.204, 350875.433000000019092],
              [206945.321, 350876.183000000019092],
              [206941.443999999988591, 350878.531000000017229],
              [206933.885, 350877.043],
              [206925.862, 350877.659999999974389],
              [206910.476, 350864.63900000002468],
              [206907.707, 350860.065],
              [206900.477000000013504, 350859.761999999987893],
              [206890.567000000010012, 350864.402],
              [206879.255, 350865.957999999984168],
              [206874.776000000012573, 350864.840000000025611],
              [206873.318999999988591, 350864.10999999998603],
              [206866.41, 350865.365],
              [206862.733, 350868.581],
              [206858.788999999989755, 350869.351000000024214],
              [206855.086000000010245, 350868.207999999984168],
              [206853.307999999989988, 350866.167000000015832],
              [206852.411, 350863.927000000025146],
              [206850.74, 350858.419],
              [206849.64000000001397, 350856.761999999987893],
              [206846.839, 350854.590000000025611],
              [206843.19, 350853.287000000011176],
              [206832.809, 350861.445],
              [206832.700000000011642, 350863.612000000022817],
              [206835.422, 350864.033],
              [206839.155999999988126, 350865.620999999984633],
              [206839.652, 350867.349999999976717],
              [206837.733, 350869.196],
              [206831.821, 350871.454000000027008],
              [206823.807, 350871.602000000013504],
              [206822.788, 350872.202999999979511],
              [206820.083000000013271, 350874.066],
              [206816.423, 350878.75],
              [206813.302, 350881.667000000015832],
              [206808.899, 350884.477000000013504],
              [206806.546, 350885.005],
              [206801.66, 350885.129000000015367],
              [206799.465999999985797, 350884.60999999998603],
              [206797.401000000012573, 350882.375],
              [206794.442000000010012, 350879.772999999986496],
              [206789.446, 350878.604999999981374],
              [206786.821999999985565, 350882.493000000016764],
              [206786.013, 350884.378000000026077],
              [206783.067000000010012, 350882.436999999976251],
              [206781.954999999987194, 350880.615],
              [206782.700000000011642, 350873.85999999998603],
              [206784.698, 350869.776000000012573],
              [206789.133, 350866.272],
              [206789.638, 350863.518999999971129],
              [206789.26, 350862.01],
              [206788.636999999987893, 350860.311999999976251],
              [206787.024, 350858.82],
              [206778.647999999986496, 350857.129000000015367],
              [206776.428000000014435, 350855.86099999997532],
              [206773.577, 350853.619],
              [206772.125, 350851.761],
              [206769.162000000011176, 350848.53000000002794],
              [206768.526000000012573, 350846.574000000022352],
              [206764.878999999986263, 350843.512999999977183],
              [206761.795000000012806, 350843.278],
              [206760.162000000011176, 350844.428000000014435],
              [206758.891, 350847.257999999972526],
              [206758.729, 350851.575000000011642],
              [206755.835, 350855.669999999983702],
              [206745.845, 350858.892999999981839],
              [206742.03, 350858.311999999976251],
              [206739.310999999986961, 350856.467],
              [206736.905999999988126, 350853.674],
              [206734.519999999989523, 350853.153],
              [206732.87599999998929, 350853.887999999977183],
              [206732.321999999985565, 350854.659999999974389],
              [206732.229, 350856.648999999975786],
              [206732.143000000010943, 350859.61099999997532],
              [206729.775, 350864.984],
              [206729.362, 350871.656000000017229],
              [206730.221, 350879.202999999979511],
              [206729.922, 350881.603],
              [206728.041999999986729, 350883.199000000022352],
              [206723.312, 350881.592],
              [206717.764, 350874.64000000001397],
              [206716.242, 350873.973999999987427],
              [206714.5, 350874.863000000012107],
              [206713.443, 350875.841000000014901],
              [206711.049, 350880.363000000012107],
              [206709.886999999987893, 350884.471000000019558],
              [206705.486, 350887.819000000017695],
              [206704.209, 350887.484],
              [206697.101, 350887.193000000028405],
              [206689.435, 350888.811999999976251],
              [206686.997, 350889.069000000017695],
              [206684.945, 350887.919999999983702],
              [206682.316, 350884.463999999978114],
              [206680.24, 350879.207999999984168],
              [206674.494, 350870.607000000018161],
              [206673.299999999988358, 350865.658999999985099],
              [206674.12599999998929, 350864.381999999983236],
              [206676.872, 350863.038999999989755],
              [206684.011999999987893, 350863.337999999988824],
              [206689.934, 350864.729999999981374],
              [206691.565, 350865.065],
              [206697.21, 350865.870999999984633],
              [206699.092, 350860.299],
              [206701.111, 350853.957999999984168],
              [206704.418, 350849.071],
              [206704.415, 350846.13900000002468],
              [206701.394, 350842.971000000019558],
              [206700.871000000013737, 350841.657],
              [206699.557, 350840.565],
              [206698.416, 350840.18],
              [206692.276000000012573, 350844.553000000014435],
              [206690.299, 350845.226000000024214],
              [206688.144999999989523, 350844.788],
              [206686.971, 350843.327999999979511],
              [206684.034000000014203, 350840.51400000002468],
              [206679.419, 350839.294999999983702],
              [206677.609, 350839.75199999997858],
              [206674.428000000014435, 350843.356000000028871],
              [206673.384, 350848.278],
              [206669.551, 350850.239],
              [206667.209, 350849.558000000019092],
              [206667.538, 350843.900000000023283],
              [206667.851, 350837.495999999984633],
              [206672.442000000010012, 350831.12699999997858],
              [206671.872, 350827.196],
              [206663.269, 350822.517999999981839],
              [206662.615, 350817.017999999981839],
              [206665.488000000012107, 350812.302000000025146],
              [206665.19, 350809.368000000016764],
              [206663.696, 350807.85999999998603],
              [206662.071, 350809.181999999971595],
              [206654.677, 350808.628000000026077],
              [206644.835, 350804.74900000001071],
              [206638.51500000001397, 350800.413999999989755],
              [206633.424, 350799.276000000012573],
              [206629.977000000013504, 350807.913999999989755],
              [206620.174, 350810.346000000019558],
              [206613.163999999989755, 350812.087999999988824],
              [206611.69, 350820.832],
              [206619.168, 350824.194000000017695],
              [206622.75, 350827.799999999988358],
              [206623.299, 350834.68],
              [206621.385, 350836.134000000020023],
              [206618.163999999989755, 350833.592],
              [206616.037000000011176, 350833.452999999979511],
              [206608.708000000013271, 350837.971000000019558],
              [206607.142, 350840.14000000001397],
              [206599.962999999988824, 350842.425999999977648],
              [206590.276000000012573, 350839.341000000014901],
              [206583.943, 350842.545999999972992],
              [206582.807, 350842.261999999987893],
              [206579.046, 350835.40500000002794],
              [206576.114, 350834.242000000027474],
              [206573.421, 350832.207],
              [206571.576, 350825.207999999984168],
              [206571.712, 350823.082999999984168],
              [206575.883, 350819.205000000016298],
              [206595.99299999998766, 350817.564000000013039],
              [206596.336000000010245, 350816.612000000022817],
              [206597.329999999987194, 350809.577],
              [206604.381, 350805.745999999984633],
              [206604.359, 350803.533],
              [206600.916999999986729, 350800.367000000027474],
              [206597.563, 350800.011],
              [206591.255, 350804.826],
              [206580.503, 350806.40500000002794],
              [206576.246000000013737, 350803.642999999981839],
              [206573.992, 350802.53000000002794],
              [206574.083000000013271, 350798.356000000028871],
              [206580.468, 350793.561999999976251],
              [206580.949, 350791.313000000023749],
              [206577.536, 350783.201],
              [206576.981999999989057, 350780.840000000025611],
              [206573.817000000010012, 350776.169999999983702],
              [206571.419, 350771.661000000021886],
              [206572.902, 350765.61099999997532],
              [206572.924999999988358, 350763.577],
              [206570.807999999989988, 350758.239],
              [206570.844000000011874, 350752.843],
              [206571.840999999985797, 350746.984],
              [206573.506, 350745.358],
              [206575.204, 350743.632999999972526],
              [206575.942000000010012, 350738.565],
              [206575.296, 350736.653],
              [206569.908, 350733.19],
              [206566.098, 350728.115999999979977],
              [206562.225, 350725.005],
              [206557.953, 350719.232000000018161],
              [206555.571999999985565, 350716.527],
              [206545.776000000012573, 350716.657],
              [206543.372, 350716.237000000022817],
              [206541.502, 350715.493000000016764],
              [206539.258, 350716.587],
              [206538.487, 350718.593999999982771],
              [206539.048, 350722.444000000017695],
              [206537.555, 350726.667000000015832],
              [206534.991, 350729.679],
              [206533.468, 350733.86099999997532],
              [206534.568, 350735.88900000002468],
              [206540.294, 350736.12300000002142],
              [206542.601, 350737.895000000018626],
              [206541.329999999987194, 350741.731000000028871],
              [206534.942000000010012, 350746.847],
              [206527.661, 350742.319000000017695],
              [206520.75, 350743.291000000026543],
              [206518.592, 350743.049],
              [206518.26, 350740.201],
              [206513.139, 350733.90500000002794],
              [206511.948, 350728.180999999982305],
              [206511.291999999986729, 350720.837],
              [206510.038, 350715.340000000025611],
              [206512.123, 350713.853],
              [206516.204999999987194, 350704.386999999987893],
              [206518.834, 350693.814000000013039],
              [206516.851, 350687.620999999984633],
              [206513.295000000012806, 350685.946],
              [206509.327, 350690.73599999997532],
              [206506.097, 350692.848999999987427],
              [206501.919, 350692.194000000017695],
              [206494.99299999998766, 350687.01],
              [206493.536, 350683.01500000001397],
              [206493.121000000013737, 350674.794999999983702],
              [206489.518000000010943, 350672.03000000002794],
              [206484.571, 350672.137999999977183],
              [206476.884, 350676.951],
              [206475.59, 350679.052000000025146],
              [206471.848, 350682.756999999983236],
              [206464.602000000013504, 350682.271],
              [206463.566, 350676.675999999977648],
              [206466.481999999989057, 350672.74800000002142],
              [206455.91, 350661.256999999983236],
              [206453.560999999986961, 350658.476000000024214],
              [206451.426, 350655.601000000024214],
              [206449.996000000013737, 350655.153],
              [206448.286, 350655.601000000024214],
              [206444.957, 350657.647999999986496],
              [206444.358, 350663.457999999984168],
              [206441.921, 350664.618000000016764],
              [206439.688, 350663.792000000015832],
              [206434.424, 350652.716000000014901],
              [206435.178000000014435, 350648.919999999983702],
              [206440.366, 350650.256],
              [206444.834, 350650.909999999974389],
              [206448.972, 350647.946999999985565],
              [206450.171, 350636.234],
              [206448.583000000013271, 350634.104],
              [206440.598, 350626.419999999983702],
              [206438.659000000014203, 350623.739],
              [206432.089, 350621.544],
              [206430.246000000013737, 350622.504000000015367],
              [206426.986, 350627.261999999987893],
              [206423.141, 350628.434],
              [206421.642, 350626.762999999977183],
              [206420.853, 350622.028999999980442],
              [206422.69, 350615.194000000017695],
              [206427.212, 350613.507999999972526],
              [206428.333000000013271, 350611.332999999984168],
              [206427.174999999988358, 350609.330000000016298],
              [206417.897, 350605.473999999987427],
              [206414.776000000012573, 350604.931999999971595],
              [206408.404, 350611.670999999972992],
              [206407.139, 350614.813000000023749],
              [206405.673, 350615.565],
              [206399.196999999985565, 350616.713999999978114],
              [206397.977000000013504, 350617.721000000019558],
              [206394.905999999988126, 350621.166000000026543],
              [206392.323, 350620.882999999972526],
              [206391.420000000012806, 350617.020000000018626],
              [206394.576, 350613.994],
              [206395.23499999998603, 350612.282],
              [206395.207, 350610.478],
              [206394.034000000014203, 350610.25099999998929],
              [206389.725, 350609.737000000022817],
              [206384.362, 350612.775000000023283],
              [206382.248, 350613.881999999983236],
              [206377.775, 350616.768999999971129],
              [206372.851, 350616.683000000019092],
              [206371.287000000011176, 350614.809],
              [206373.462999999988824, 350611.463999999978114],
              [206377.659000000014203, 350610.657],
              [206380.69, 350609.699000000022352],
              [206381.775, 350603.707999999984168],
              [206377.711000000010245, 350598.409999999974389],
              [206378.071999999985565, 350593.62300000002142],
              [206383.018000000010943, 350591.06],
              [206384.272, 350589.065],
              [206380.856, 350585.281000000017229],
              [206378.973, 350584.085000000020955],
              [206377.204999999987194, 350575.306999999971595],
              [206377.12400000001071, 350572.016],
              [206373.96, 350568.49800000002142],
              [206370.188, 350567.848999999987427],
              [206366.37400000001071, 350568.75199999997858],
              [206362.878999999986263, 350572.15500000002794],
              [206358.571999999985565, 350572.131999999983236],
              [206353.252, 350570.234],
              [206350.907, 350566.928000000014435],
              [206349.905, 350564.504000000015367],
              [206351.182999999989988, 350549.167000000015832],
              [206354.530999999988126, 350537.332],
              [206355.556000000011409, 350534.952],
              [206368.094000000011874, 350516.856000000028871],
              [206370.204999999987194, 350511.420999999972992],
              [206369.356999999989057, 350508.678000000014435],
              [206362.131, 350506.974999999976717],
              [206358.99299999998766, 350504.650000000023283],
              [206358.038999999989755, 350502.397],
              [206358.581, 350501.206],
              [206365.392, 350498.099999999976717],
              [206368.060999999986961, 350498.697999999974854],
              [206372.498, 350503.018999999971129],
              [206373.941, 350502.696],
              [206375.32, 350500.36099999997532],
              [206373.97, 350491.343999999982771],
              [206375.74299999998766, 350484.226000000024214],
              [206383.155999999988126, 350473.074000000022352],
              [206383.01, 350466.422000000020489],
              [206384.123, 350460.742000000027474],
              [206388.62, 350456.039999999979045],
              [206389.942000000010012, 350447.395000000018626],
              [206386.761999999987893, 350438.422000000020489],
              [206382.41, 350434.37599999998929],
              [206379.16, 350429.936999999976251],
              [206374.817000000010012, 350419.809],
              [206358.174, 350408.086000000010245],
              [206351.573, 350402.727000000013504],
              [206345.652, 350400.973],
              [206335.43, 350394.672000000020489],
              [206324.543, 350387.212],
              [206319.19, 350389.647999999986496],
              [206317.54, 350389.419999999983702],
              [206308.908, 350381.099999999976717],
              [206299.579, 350377.738000000012107],
              [206292.721, 350376.786000000021886],
              [206291.16, 350374.89000000001397],
              [206283.448, 350378.234],
              [206283.494, 350384.62300000002142],
              [206281.331, 350385.599999999976717],
              [206279.404, 350384.206],
              [206275.549, 350380.048],
              [206274.424, 350379.829000000027008],
              [206269.019999999989523, 350379.60999999998603],
              [206267.799999999988358, 350379.036000000021886],
              [206266.769, 350377.12],
              [206266.189000000013039, 350369.950000000011642],
              [206263.141, 350365.409999999974389],
              [206260.008, 350365.586000000010245],
              [206249.702, 350363.218999999982771],
              [206241.541, 350362.835000000020955],
              [206235.424, 350353.48499999998603],
              [206226.028, 350346.114],
              [206218.195, 350341.058000000019092],
              [206213.772999999986496, 350338.204000000027008],
              [206204.22, 350336.933000000019092],
              [206196.266, 350324.135],
              [206177.135, 350314.840000000025611],
              [206169.413, 350306.114],
              [206163.457, 350304.612000000022817],
              [206160.521, 350306.49],
              [206157.362, 350314.294999999983702],
              [206146.858, 350325.566],
              [206142.758, 350328.329000000027008],
              [206141.003999999986263, 350335.413],
              [206138.787000000011176, 350337.826],
              [206135.957, 350337.913999999989755],
              [206130.092, 350331.48599999997532],
              [206128.959, 350326.077999999979511],
              [206125.502, 350324.063000000023749],
              [206119.179, 350325.473999999987427],
              [206115.331, 350318.368000000016764],
              [206109.99299999998766, 350316.400000000023283],
              [206105.335, 350315.653999999980442],
              [206100.975, 350312.01400000002468],
              [206102.964, 350308.601000000024214],
              [206108.291999999986729, 350304.819000000017695],
              [206112.708000000013271, 350304.788999999989755],
              [206115.616, 350302.778999999980442],
              [206107.339, 350291.24800000002142],
              [206107.402, 350286.767999999981839],
              [206105.491, 350281.602000000013504],
              [206104.309, 350279.756],
              [206102.155, 350272.305],
              [206097.918, 350269.936999999976251],
              [206088.837999999988824, 350276.787000000011176],
              [206085.731, 350283.941],
              [206083.634, 350285.756],
              [206081.611, 350283.132999999972526],
              [206081.908, 350276.174999999988358],
              [206079.299999999988358, 350275.151000000012573],
              [206072.529, 350278.316],
              [206068.679, 350277.516],
              [206067.051, 350270.59499999997206],
              [206064.858, 350270.62300000002142],
              [206060.941, 350272.738000000012107],
              [206055.57, 350270.295999999972992],
              [206054.571999999985565, 350267.572999999974854],
              [206055.299999999988358, 350262.382999999972526],
              [206052.37599999998929, 350258.824000000022352],
              [206044.093, 350256.806999999971595],
              [206042.22, 350253.213999999978114],
              [206041.722, 350250.217],
              [206045.829999999987194, 350247.913],
              [206047.715999999985797, 350243.444000000017695],
              [206048.894, 350236.215000000025611],
              [206048.063, 350232.856000000028871],
              [206044.340999999985797, 350231.602000000013504],
              [206039.582, 350233.158],
              [206037.247, 350231.925999999977648],
              [206032.934, 350219.163],
              [206030.468, 350218.054],
              [206027.69, 350219.025000000023283],
              [206025.407, 350223.564000000013039],
              [206021.659000000014203, 350226.01500000001397],
              [206017.484, 350226.206],
              [206013.307999999989988, 350225.18],
              [206007.261, 350234.759000000020023],
              [206004.285, 350235.590000000025611],
              [206001.534000000014203, 350234.775000000023283],
              [206000.362, 350230.452],
              [205999.98499999998603, 350225.93],
              [205997.812, 350223.787000000011176],
              [205992.284000000014203, 350222.092],
              [205986.231999999989057, 350217.718],
              [205982.329, 350216.294],
              [205972.739, 350211.034999999974389],
              [205970.726, 350205.63900000002468],
              [205965.834, 350205.364],
              [205961.011, 350208.061999999976251],
              [205956.389, 350206.162000000011176],
              [205952.869, 350200.599999999976717],
              [205943.998, 350199.733],
              [205933.76500000001397, 350195.556999999971595],
              [205919.211000000010245, 350196.430999999982305],
              [205914.666999999986729, 350198.37599999998929],
              [205910.71, 350201.004000000015367],
              [205900.801, 350200.041000000026543],
              [205886.727000000013504, 350202.636],
              [205874.788, 350202.245999999984633],
              [205862.279, 350203.150000000023283],
              [205855.60999999998603, 350201.745999999984633],
              [205845.668, 350196.462999999988824],
              [205830.655999999988126, 350166.493000000016764],
              [205827.597, 350158.520000000018626],
              [205822.892, 350153.303000000014435],
              [205819.774, 350151.647999999986496],
              [205813.217, 350151.507999999972526],
              [205802.07, 350147.19],
              [205795.089, 350146.526000000012573],
              [205776.092, 350140.199000000022352],
              [205770.884, 350142.837999999988824],
              [205760.832, 350141.571],
              [205750.372, 350143.564000000013039],
              [205742.168, 350142.816],
              [205729.508, 350142.218],
              [205725.788, 350140.963999999978114],
              [205716.200000000011642, 350133.967],
              [205707.920000000012806, 350122.903999999980442],
              [205700.862, 350118.804],
              [205693.174, 350115.169],
              [205677.439000000013039, 350114.223999999987427],
              [205671.566, 350110.222],
              [205674.402, 350104.653],
              [205668.563, 350102.12699999997858],
              [205664.04, 350099.88],
              [205660.886, 350106.071999999985565],
              [205655.998, 350101.787000000011176],
              [205645.495, 350097.952],
              [205635.96, 350092.647],
              [205637.172, 350086.082],
              [205618.605000000010477, 350075.053000000014435],
              [205596.472, 350064.172000000020489],
              [205574.275, 350052.472],
              [205566.328, 350049.435],
              [205503.133, 350037.522],
              [205500.377, 350036.956],
              [205475.389, 350034.775000000023283],
              [205444.759, 350033.62699999997858],
              [205440.94, 350031.957],
              [205435.590999999985797, 350031.841000000014901],
              [205431.246000000013737, 350030.005],
              [205427.359, 350023.081],
              [205423.673, 350022.566999999980908],
              [205420.516, 350024.369],
              [205419.146, 350029.829000000027008],
              [205415.903, 350029.528999999980442],
              [205403.136999999987893, 350033.083999999973457],
              [205398.828, 350031.699000000022352],
              [205397.22, 350028.697999999974854],
              [205397.88200000001234, 350023.516],
              [205395.865, 350020.802000000025146],
              [205391.231999999989057, 350018.556999999971595],
              [205382.378999999986263, 350021.734],
              [205376.825000000011642, 350026.614],
              [205370.877, 350028.080000000016298],
              [205366.038999999989755, 350025.99800000002142],
              [205362.247, 350024.06],
              [205361.158, 350030.129000000015367],
              [205357.810999999986961, 350033.226000000024214],
              [205354.492, 350031.522],
              [205351.163999999989755, 350028.663999999989755],
              [205346.986, 350023.11099999997532],
              [205343.337, 350020.647],
              [205339.348, 350020.173],
              [205333.506, 350023.060999999986961],
              [205329.783, 350025.858],
              [205312.41, 350023.636],
              [205311.202, 350021.229999999981374],
              [205311.712999999988824, 350017.114],
              [205315.218, 350009.427000000025146],
              [205314.829999999987194, 350006.183000000019092],
              [205313.829, 350004.76400000002468],
              [205310.38, 350005.37],
              [205307.859, 350007.327],
              [205304.329999999987194, 350010.945],
              [205297.002, 350015.321999999985565],
              [205291.078, 350015.222],
              [205286.904, 350010.291000000026543],
              [205287.969000000011874, 350002.14000000001397],
              [205290.358, 349996.055999999982305],
              [205288.018000000010943, 349993.810999999986961],
              [205284.304, 349991.35999999998603],
              [205280.152, 349985.145000000018626],
              [205272.699, 349980.199000000022352],
              [205267.241, 349970.892999999981839],
              [205264.298, 349971.927000000025146],
              [205260.832, 349976.166000000026543],
              [205247.951, 349975.718],
              [205243.459, 349973.461000000010245],
              [205239.577, 349969.468999999982771],
              [205236.465999999985797, 349969.548],
              [205234.177, 349976.254000000015367],
              [205232.577, 349981.767999999981839],
              [205225.065, 349984.59499999997206],
              [205221.718, 349984.575000000011642],
              [205218.202, 349983.446999999985565],
              [205215.899, 349978.733],
              [205221.804, 349971.196999999985565],
              [205223.155999999988126, 349966.911000000021886],
              [205222.329999999987194, 349964.071],
              [205219.21, 349962.886999999987893],
              [205215.182, 349963.853],
              [205210.687, 349965.762999999977183],
              [205210.06, 349961.12300000002142],
              [205202.682999999989988, 349963.098999999987427],
              [205195.753, 349954.673],
              [205192.981, 349953.588999999978114],
              [205187.192000000010012, 349954.949000000022352],
              [205182.753, 349955.628000000026077],
              [205176.192000000010012, 349953.641],
              [205169.573, 349948.875],
              [205163.576, 349945.255],
              [205162.479, 349943.093999999982771],
              [205164.261, 349938.091000000014901],
              [205161.888, 349936.525000000023283],
              [205155.795000000012806, 349938.272999999986496],
              [205154.426, 349931.916000000026543],
              [205155.907, 349929.468999999982771],
              [205159.877, 349927.027],
              [205160.695, 349924.150000000023283],
              [205151.764, 349919.386999999987893],
              [205148.883, 349917.112000000022817],
              [205148.99299999998766, 349915.011999999987893],
              [205153.718, 349909.935],
              [205153.766, 349907.833999999973457],
              [205150.237, 349905.148999999975786],
              [205143.886, 349909.462],
              [205140.361, 349910.244],
              [205139.15, 349909.324000000022352],
              [205138.49900000001071, 349906.913999999989755],
              [205139.881, 349901.967],
              [205137.843, 349899.077999999979511],
              [205135.625, 349898.695],
              [205132.513, 349898.675999999977648],
              [205119.783, 349894.435],
              [205117.856, 349896.254000000015367],
              [205117.505, 349897.848999999987427],
              [205118.516, 349899.577],
              [205121.728, 349901.01400000002468],
              [205129.166999999986729, 349905.474999999976717],
              [205130.843, 349907.950000000011642],
              [205130.405, 349910.837999999988824],
              [205124.431000000011409, 349915.581],
              [205118.904, 349925.606000000028871],
              [205116.459, 349926.950000000011642],
              [205111.432, 349924.37400000001071],
              [205099.025, 349915.761999999987893],
              [205093.094000000011874, 349913.381999999983236],
              [205084.079999999987194, 349907.288999999989755],
              [205081.147, 349909.174],
              [205080.514, 349912.637999999977183],
              [205078.31, 349915.743000000016764],
              [205075.173, 349917.011],
              [205071.797, 349916.631999999983236],
              [205069.00700000001234, 349915.478],
              [205060.817000000010012, 349906.962999999988824],
              [205054.522, 349904.746999999973923],
              [205051.535, 349904.891],
              [205050.291999999986729, 349906.434],
              [205048.997, 349923.32],
              [205047.78, 349928.018999999971129],
              [205044.378999999986263, 349937.066],
              [205042.566, 349940.163999999989755],
              [205040.577, 349941.229],
              [205034.759, 349941.506],
              [205030.802, 349939.457],
              [205026.85999999998603, 349936.254000000015367],
              [205018.046, 349931.857000000018161],
              [205016.222, 349928.618000000016764],
              [205017.564000000013039, 349917.738000000012107],
              [205017.369, 349914.196],
              [205014.696, 349913.679],
              [205009.041, 349916.913999999989755],
              [205000.941, 349914.492000000027474],
              [204992.761999999987893, 349911.832999999984168],
              [204991.277, 349912.342],
              [204988.831, 349915.429],
              [204981.965, 349912.941999999980908],
              [204983.155999999988126, 349906.647],
              [204982.267, 349904.087],
              [204967.355000000010477, 349902.989],
              [204957.200000000011642, 349900.729],
              [204953.405999999988126, 349900.892999999981839],
              [204950.116, 349900.488000000012107],
              [204947.885, 349899.431999999971595],
              [204946.981, 349897.710000000020955],
              [204945.575000000011642, 349889.079000000027008],
              [204944.323, 349887.136],
              [204942.173, 349887.108],
              [204939.961000000010245, 349888.37699999997858],
              [204937.217, 349892.840000000025611],
              [204931.334, 349901.847],
              [204928.223, 349904.081],
              [204924.43, 349905.036000000021886],
              [204920.348999999987427, 349903.99900000001071],
              [204916.367, 349901.520000000018626],
              [204913.111, 349898.857000000018161],
              [204910.932999999989988, 349895.824000000022352],
              [204911.11799999998766, 349893.034999999974389],
              [204914.446999999985565, 349884.909999999974389],
              [204918.571999999985565, 349881.631999999983236],
              [204919.767, 349876.925999999977648],
              [204919.679, 349873.776000000012573],
              [204917.524, 349871.202999999979511],
              [204914.155, 349870.259000000020023],
              [204910.44, 349871.568000000028405],
              [204905.019999999989523, 349875.587999999988824],
              [204899.518000000010943, 349878.792000000015832],
              [204897.711000000010245, 349880.664999999979045],
              [204895.045000000012806, 349879.881999999983236],
              [204893.432999999989988, 349876.865],
              [204893.359, 349873.0],
              [204895.727000000013504, 349870.555999999982305],
              [204896.577, 349868.033999999985099],
              [204895.568, 349865.685],
              [204882.053000000014435, 349869.044],
              [204879.977000000013504, 349868.666000000026543],
              [204877.246000000013737, 349863.955000000016298],
              [204876.965999999985797, 349858.854],
              [204875.756, 349852.913],
              [204881.24299999998766, 349845.25199999997858],
              [204883.469000000011874, 349841.566],
              [204884.131, 349838.189000000013039],
              [204882.348999999987427, 349834.919999999983702],
              [204881.639, 349826.305],
              [204873.613000000012107, 349827.422000000020489],
              [204869.809, 349829.365],
              [204869.786, 349833.927000000025146],
              [204868.700000000011642, 349836.054],
              [204866.366, 349837.295999999972992],
              [204855.365, 349834.827],
              [204850.708000000013271, 349823.199000000022352],
              [204848.28, 349820.26500000001397],
              [204844.295000000012806, 349817.358],
              [204837.209, 349806.582],
              [204833.977000000013504, 349803.306999999971595],
              [204830.964, 349802.300999999977648],
              [204825.931000000011409, 349802.653999999980442],
              [204821.715, 349801.685],
              [204815.448, 349798.548],
              [204814.121000000013737, 349798.099999999976717],
              [204809.513, 349796.543],
              [204800.60999999998603, 349795.522],
              [204782.178000000014435, 349787.669999999983702],
              [204774.828, 349782.849999999976717],
              [204770.861, 349783.423],
              [204761.552, 349779.840000000025611],
              [204739.209, 349767.892999999981839],
              [204735.239, 349766.587],
              [204727.296, 349762.207],
              [204720.505, 349757.37300000002142],
              [204693.200000000011642, 349744.705000000016298],
              [204676.065, 349736.023999999975786],
              [204657.226, 349727.207],
              [204651.041, 349723.152],
              [204638.617, 349718.681999999971595],
              [204632.049, 349716.321999999985565],
              [204601.992, 349715.99800000002142],
              [204501.495, 349714.951],
              [204377.788999999989755, 349713.648999999975786],
              [204363.094000000011874, 349716.476000000024214],
              [204351.49900000001071, 349722.691],
              [204335.222, 349746.516],
              [204332.704, 349744.097],
              [204330.264, 349745.506],
              [204313.373, 349730.28000000002794],
              [204308.996000000013737, 349716.907],
              [204308.958000000013271, 349688.88],
              [204301.263, 349658.322999999974854],
              [204287.00099999998929, 349609.022],
              [204275.76, 349545.977000000013504],
              [204272.723999999987427, 349535.580000000016298],
              [204267.769, 349518.558000000019092],
              [204259.048, 349498.723999999987427],
              [204246.405999999988126, 349479.446999999985565],
              [204237.87, 349466.427000000025146],
              [204205.316, 349418.651000000012573],
              [204202.332, 349400.055999999982305],
              [204199.165, 349380.314000000013039],
              [204198.81, 349361.881],
              [204197.938, 349358.460000000020955],
              [204195.51500000001397, 349348.960000000020955],
              [204182.759, 349322.25],
              [204169.616, 349296.837999999988824],
              [204163.672, 349287.222],
              [204161.046, 349286.757999999972526],
              [204156.272999999986496, 349285.822999999974854],
              [204147.272999999986496, 349284.215000000025611],
              [204139.11799999998766, 349200.37699999997858],
              [204096.305, 349158.354999999981374],
              [204031.524, 349129.166000000026543],
              [204017.647999999986496, 349123.738000000012107],
              [204005.984, 349108.327],
              [203997.284000000014203, 349104.461000000010245],
              [203993.94, 349103.099999999976717],
              [203996.4, 349094.50099999998929],
              [204000.953, 349085.699000000022352],
              [204008.274, 349075.193000000028405],
              [204014.877, 349068.420999999972992],
              [204022.563, 349062.799],
              [204034.707, 349057.489],
              [204050.412000000011176, 349054.68],
              [204070.549999999988358, 349055.555],
              [204087.733, 349049.495999999984633],
              [204096.877, 349042.705000000016298],
              [204100.356999999989057, 349038.98499999998603],
              [204106.00099999998929, 349032.262999999977183],
              [204108.177, 349028.898999999975786],
              [204109.65, 349025.398999999975786],
              [204112.548, 349017.44],
              [204114.065, 349011.568000000028405],
              [204116.657, 349001.724999999976717],
              [204117.744, 348994.310999999986961],
              [204118.666, 348987.641],
              [204119.12, 348980.080000000016298],
              [204119.179, 348975.37699999997858],
              [204116.872, 348961.63900000002468],
              [204112.275, 348947.914999999979045],
              [204103.992, 348935.114],
              [204087.63, 348917.729999999981374],
              [204085.0, 348920.039999999979045],
              [204080.997, 348918.017],
              [204040.31, 348897.460000000020955],
              [203955.079999999987194, 348906.590000000025611],
              [203809.89000000001397, 348735.99],
              [203951.87, 348696.900000000023283],
              [203991.18, 348579.32],
              [203964.003, 348570.340000000025611],
              [203757.166999999986729, 348501.990999999979977],
              [203747.54, 348498.81],
              [203727.019999999989523, 348515.340000000025611],
              [203711.212999999988824, 348550.286000000021886],
              [203694.544, 348587.137999999977183],
              [203680.10999999998603, 348619.049999999988358],
              [203671.935, 348626.742000000027474],
              [203616.259, 348679.128000000026077],
              [203593.949, 348700.119],
              [203593.935, 348700.132999999972526],
              [203584.68, 348708.840000000025611],
              [203575.809, 348717.321],
              [203563.31, 348729.270000000018626],
              [203552.639, 348697.713999999978114],
              [203545.442000000010012, 348670.658],
              [203542.066, 348665.762999999977183],
              [203512.712, 348606.922000000020489],
              [203505.184, 348572.538999999989755],
              [203501.477000000013504, 348559.887999999977183],
              [203502.726, 348536.506999999983236],
              [203512.051, 348494.042000000015832],
              [203531.391, 348437.586000000010245],
              [203530.562, 348337.772999999986496],
              [203533.581, 348332.983],
              [203542.85, 348302.10999999998603],
              [203524.780999999988126, 348294.811999999976251],
              [203516.896, 348291.62699999997858],
              [203495.91, 348283.150000000023283],
              [203433.359, 348257.88],
              [203308.44, 348207.414999999979045],
              [203211.59, 348168.289999999979045],
              [203204.35999999998603, 348165.330000000016298],
              [203200.484, 348158.259000000020023],
              [203198.594000000011874, 348154.12400000001071],
              [203197.783, 348143.843],
              [203197.176, 348136.157],
              [203200.445, 348128.406000000017229],
              [203209.041999999986729, 348108.023999999975786],
              [203209.519999999989523, 348106.89000000001397],
              [203219.209, 348083.919999999983702],
              [203231.538999999989755, 348055.079000000027008],
              [203239.889, 348034.158999999985099],
              [203241.16, 348028.973],
              [203241.378, 348025.24800000002142],
              [203242.34, 348012.875],
              [203239.552, 348001.686999999976251],
              [203237.473999999987427, 347996.185999999986961],
              [203233.343, 347987.973999999987427],
              [203229.543, 347982.897999999986496],
              [203224.494, 347975.875],
              [203222.804, 347973.857000000018161],
              [203219.165, 347970.868000000016764],
              [203207.347, 347962.547000000020489],
              [203201.84, 347959.911000000021886],
              [203194.560999999986961, 347956.425999999977648],
              [203175.536, 347954.996999999973923],
              [203150.99, 347953.153999999980442],
              [203134.049, 347951.881999999983236],
              [203125.826, 347947.813000000023749],
              [203103.386, 347946.452999999979511],
              [203052.339, 347928.939000000013039],
              [203026.366, 347902.11099999997532],
              [203019.200000000011642, 347901.021],
              [203014.26500000001397, 347899.318000000028405],
              [203012.364, 347894.684],
              [203012.317000000010012, 347891.754000000015367],
              [203015.483, 347882.13900000002468],
              [203016.036, 347877.607000000018161],
              [203012.49299999998766, 347870.804],
              [203010.01500000001397, 347869.452999999979511],
              [202998.215999999985797, 347868.294],
              [202987.544, 347874.724999999976717],
              [202980.913, 347872.294],
              [202975.064000000013039, 347867.837999999988824],
              [202965.848999999987427, 347860.096000000019558],
              [202960.090999999985797, 347860.39000000001397],
              [202949.534000000014203, 347862.897],
              [202937.788999999989755, 347859.867000000027474],
              [202916.826, 347845.333999999973457],
              [202902.85, 347829.840000000025611],
              [202900.307999999989988, 347831.033],
              [202897.44, 347832.38],
              [202855.03, 347852.18],
              [202724.685999999986961, 347843.632999999972526],
              [202721.337999999988824, 347843.327],
              [202618.905, 347836.549999999988358],
              [202444.361, 347767.631999999983236],
              [202389.394, 347745.961000000010245],
              [202368.276000000012573, 347737.636],
              [202347.299999999988358, 347729.365999999979977],
              [202336.255, 347725.011999999987893],
              [202322.491, 347719.585000000020955],
              [202277.601, 347701.886],
              [202258.803000000014435, 347688.493000000016764],
              [202241.347, 347676.055],
              [202192.577, 347641.308000000019092],
              [202170.74299999998766, 347625.75199999997858],
              [202130.975, 347597.418],
              [201958.142, 347361.278],
              [201929.102000000013504, 347305.034999999974389],
              [201809.63, 347070.943000000028405],
              [201783.498, 347019.843999999982771],
              [201783.269, 347019.396],
              [201782.269, 347017.446],
              [201791.748, 347005.206],
              [201813.157, 346984.37599999998929],
              [201831.016, 346975.62699999997858],
              [201841.614, 346975.476000000024214],
              [201862.522, 346964.826],
              [201895.11799999998766, 346885.784999999974389],
              [201827.976, 346812.962999999988824],
              [201730.758, 346694.767],
              [201608.57, 346538.555],
              [201603.939000000013039, 346529.755],
              [201601.798, 346519.973999999987427],
              [201598.248, 346520.494],
              [201548.992, 346469.929],
              [201532.85, 346453.348999999987427],
              [201473.530999999988126, 346392.429],
              [201419.291999999986729, 346336.728],
              [201416.911, 346334.282],
              [201355.661, 346271.370999999984633],
              [201355.616, 346271.325000000011642],
              [201221.51, 346133.49900000001071],
              [201135.079, 346044.721000000019558],
              [201032.998, 345940.058000000019092],
              [201025.655999999988126, 345939.556999999971595],
              [200961.94, 345961.215000000025611],
              [200935.785, 345950.409999999974389],
              [200930.836000000010245, 345948.381999999983236],
              [200901.092, 345936.191999999980908],
              [200880.334, 345924.701],
              [200862.756, 345914.332],
              [200825.998, 345859.163],
              [200809.051, 345837.452],
              [200675.704999999987194, 345631.490999999979977],
              [200656.567000000010012, 345610.234],
              [200605.719000000011874, 345539.229],
              [200568.351, 345497.911000000021886],
              [200497.522, 345431.806999999971595],
              [200496.207, 345435.286000000021886],
              [200491.432, 345431.830000000016298],
              [200481.554, 345424.684],
              [200407.995, 345370.066],
              [200386.905999999988126, 345354.407],
              [200386.428000000014435, 345354.050999999977648],
              [200385.18, 345353.12],
              [200336.881, 345333.159999999974389],
              [200295.503999999986263, 345316.060999999986961],
              [200290.271, 345313.897999999986496],
              [200279.344000000011874, 345309.885],
              [200156.601, 345264.806999999971595],
              [200155.044, 345264.158999999985099],
              [200030.056000000011409, 345212.12599999998929],
              [200024.038, 345209.63900000002468],
              [200017.661, 345208.76],
              [200005.827, 345207.128000000026077],
              [199994.831, 345205.612000000022817],
              [199984.239, 345204.151000000012573],
              [199978.748, 345203.393999999971129],
              [199947.174, 345201.227000000013504],
              [199896.935999999986961, 345197.78000000002794],
              [199881.693, 345196.734],
              [199878.253, 345196.49800000002142],
              [199843.899, 345187.947999999974854],
              [199828.952, 345184.227000000013504],
              [199818.287000000011176, 345181.572999999974854],
              [199788.889, 345174.256],
              [199744.252, 345163.147],
              [199732.833000000013271, 345157.398999999975786],
              [199681.798, 345131.715000000025611],
              [199645.403, 345099.816999999980908],
              [199606.767, 345065.954000000027008],
              [199505.41, 345051.875],
              [199427.767, 345020.963999999978114],
              [199379.201, 345004.12699999997858],
              [199366.72, 345015.462],
              [199348.567000000010012, 345030.351000000024214],
              [199315.937, 345056.867000000027474],
              [199275.748, 345088.684],
              [199252.310999999986961, 345107.98499999998603],
              [199238.125, 345120.887999999977183],
              [199180.964, 345176.370999999984633],
              [199160.316, 345195.185],
              [199114.234, 345105.875],
              [199095.365, 345069.549],
              [199074.695, 345029.754000000015367],
              [199032.041999999986729, 344947.63900000002468],
              [199026.745, 344943.978],
              [198960.49900000001071, 344898.196999999985565],
              [198938.909000000014203, 344868.142999999981839],
              [198918.869, 344846.715000000025611],
              [198913.951, 344842.759000000020023],
              [198820.307999999989988, 344789.427000000025146],
              [198773.092, 344789.163999999989755],
              [198698.170000000012806, 344814.226000000024214],
              [198696.843, 344814.897],
              [198694.719000000011874, 344814.516],
              [198652.559, 344802.370999999984633],
              [198647.888, 344801.077],
              [198611.759, 344781.575000000011642],
              [198599.837, 344775.575000000011642],
              [198581.486, 344745.431999999971595],
              [198573.509, 344731.318000000028405],
              [198551.72, 344686.427000000025146],
              [198516.704, 344637.913],
              [198482.10999999998603, 344600.134000000020023],
              [198434.087999999988824, 344560.707],
              [198377.700000000011642, 344504.148999999975786],
              [198308.119, 344415.697999999974854],
              [198204.402, 344321.397999999986496],
              [198136.935, 344278.090000000025611],
              [198072.208000000013271, 344233.096000000019558],
              [197927.019, 344142.878000000026077],
              [197885.532, 344097.848],
              [197784.174999999988358, 344034.579000000027008],
              [197714.171, 343955.528],
              [197672.554, 343912.474999999976717],
              [197570.041999999986729, 343789.723999999987427],
              [197431.799, 343595.49],
              [197395.893000000010943, 343542.842],
              [197378.647999999986496, 343503.543],
              [197371.5, 343487.255],
              [197368.935, 343480.968],
              [197303.978, 343322.821],
              [197284.163999999989755, 343279.707999999984168],
              [197220.513, 343152.786000000021886],
              [197207.343, 343129.13],
              [197174.606, 343058.566],
              [197138.427, 342957.63900000002468],
              [197134.913, 342956.987000000022817],
              [196896.155, 342841.272999999986496],
              [196846.321, 342838.178000000014435],
              [196795.692000000010012, 342818.066999999980908],
              [196760.462, 342811.602000000013504],
              [196709.454999999987194, 342789.256999999983236],
              [196684.413, 342795.892999999981839],
              [196671.04, 342793.920999999972992],
              [196645.223, 342780.24],
              [196613.018000000010943, 342721.977000000013504],
              [196585.506, 342713.452999999979511],
              [196568.776000000012573, 342697.457],
              [196561.536, 342684.946],
              [196561.642, 342683.846000000019558],
              [196563.779, 342661.710000000020955],
              [196561.35, 342650.049],
              [196552.363000000012107, 342634.798],
              [196542.946, 342633.146],
              [196529.28, 342594.10999999998603],
              [196519.69, 342588.75],
              [196532.49, 342571.68],
              [196532.715999999985797, 342571.37300000002142],
              [196541.93, 342558.87],
              [196560.299999999988358, 342533.94],
              [196567.81, 342523.75],
              [196575.579999999987194, 342513.18],
              [196592.269999999989523, 342490.56],
              [196603.18, 342475.729999999981374],
              [196616.079999999987194, 342458.21999999997206],
              [196635.799999999988358, 342431.479999999981374],
              [196649.44, 342412.979999999981374],
              [196671.97, 342382.419999999983702],
              [196617.09, 342331.229999999981374],
              [196613.99, 342328.340000000025611],
              [196458.63, 342183.150000000023283],
              [196465.019999999989523, 342092.289999999979045],
              [196446.43, 342042.39000000001397],
              [196442.1, 342034.700000000011642],
              [196427.200000000011642, 342008.24],
              [196415.4, 341991.090000000025611],
              [196388.13, 341951.450000000011642],
              [196369.950000000011642, 341927.75],
              [196312.07, 341852.31],
              [196283.019999999989523, 341841.659999999974389],
              [196270.19, 341829.700000000011642],
              [196269.62, 341828.659999999974389],
              [196267.12, 341824.039999999979045],
              [196206.87, 341713.099999999976717],
              [196193.1, 341681.0],
              [196190.71, 341675.43],
              [196159.5, 341669.06],
              [196140.29, 341665.14000000001397],
              [196077.299999999988358, 341646.51],
              [195988.269999999989523, 341531.150000000023283],
              [195977.480000000010477, 341535.24],
              [195924.769999999989523, 341503.580000000016298],
              [195908.60999999998603, 341482.460000000020955],
              [195876.93, 341425.479999999981374],
              [195856.09, 341399.700000000011642],
              [195857.46, 341378.830000000016298],
              [195900.09, 341347.909999999974389],
              [195913.420000000012806, 341290.64000000001397],
              [195921.16, 341235.78000000002794],
              [195921.44, 341133.789999999979045],
              [195914.66, 341101.299999999988358],
              [195886.82, 341013.599999999976717],
              [195869.97, 340978.26],
              [195826.82, 340942.900000000023283],
              [195786.41, 340893.13],
              [195729.9, 340826.659999999974389],
              [195791.730000000010477, 340772.75],
              [195835.230000000010477, 340756.960000000020955],
              [195872.170000000012806, 340720.56],
              [195885.22, 340674.729999999981374],
              [195880.18, 340639.87],
              [195864.450000000011642, 340613.789999999979045],
              [195861.88, 340609.53000000002794],
              [195851.38, 340592.12],
              [195840.450000000011642, 340522.210000000020955],
              [195822.06, 340462.270000000018626],
              [195797.59, 340411.409999999974389],
              [195757.66, 340361.479999999981374],
              [195741.91, 340327.07],
              [195741.15, 340303.289999999979045],
              [195761.96, 340211.549999999988358],
              [195761.07, 340196.700000000011642],
              [195760.51, 340187.43],
              [195772.670000000012806, 340162.049999999988358],
              [195818.60999999998603, 340113.28000000002794],
              [195807.450000000011642, 340073.71999999997206],
              [195799.420000000012806, 340055.43],
              [195786.019999999989523, 340039.950000000011642],
              [195767.75, 340015.94],
              [195760.950000000011642, 339996.299999999988358],
              [195759.6, 339977.39000000001397],
              [195761.75, 339970.38],
              [195764.26, 339962.270000000018626],
              [195785.019999999989523, 339895.26],
              [195813.71, 339849.400000000023283],
              [195768.91, 339794.39000000001397],
              [195749.74, 339803.799999999988358],
              [195745.35, 339790.789999999979045],
              [195731.53, 339749.789999999979045],
              [195722.579999999987194, 339648.78000000002794],
              [195720.12, 339624.700000000011642],
              [195659.82, 339560.210000000020955],
              [195654.920000000012806, 339554.96999999997206],
              [195629.170000000012806, 339546.080000000016298],
              [195576.89000000001397, 339545.599999999976717],
              [195520.03, 339492.56],
              [195503.13, 339504.46999999997206],
              [195486.549999999988358, 339516.159999999974389],
              [195440.670000000012806, 339503.01],
              [195356.19, 339407.38],
              [195353.84, 339397.89000000001397],
              [195345.71, 339365.169999999983702],
              [195293.31, 339313.289999999979045],
              [195290.94, 339310.94],
              [195281.06, 339311.349999999976717],
              [195269.97, 339311.799999999988358],
              [195259.16, 339312.24],
              [195207.35, 339314.37],
              [195192.76, 339305.93],
              [195185.39000000001397, 339301.669999999983702],
              [195176.0, 339296.229999999981374],
              [195165.26, 339290.020000000018626],
              [195131.84, 339270.68],
              [195106.46, 339256.0],
              [195058.71, 339223.85999999998603],
              [195045.79, 339215.169999999983702],
              [195021.57, 339198.87],
              [195022.97, 339193.450000000011642],
              [195031.88, 339159.07],
              [195051.049999999988358, 339085.03000000002794],
              [195052.74, 339081.24],
              [195101.65, 338971.28000000002794],
              [195109.9, 338956.28000000002794],
              [195127.24, 338924.71999999997206],
              [195138.79, 338894.68],
              [195104.38, 338786.62],
              [195066.09, 338715.950000000011642],
              [195051.46, 338674.53000000002794],
              [195045.63, 338658.020000000018626],
              [195044.22, 338650.349999999976717],
              [195029.31, 338569.289999999979045],
              [195023.96, 338547.729999999981374],
              [195020.079999999987194, 338532.10999999998603],
              [195023.37, 338502.99],
              [195020.41, 338502.60999999998603],
              [195012.43, 338501.56],
              [194973.87, 338518.75],
              [194953.66, 338527.76],
              [194921.97, 338541.086000000010245],
              [194920.32, 338541.78000000002794],
              [194913.34, 338523.88],
              [194887.76, 338532.44],
              [194877.41, 338535.900000000023283],
              [194871.04, 338549.31],
              [194860.63, 338571.24],
              [194854.019999999989523, 338585.169999999983702],
              [194839.01, 338616.770000000018626],
              [194838.69, 338617.450000000011642],
              [194834.84, 338625.590000000025611],
              [194831.74, 338632.159999999974389],
              [194807.019999999989523, 338657.74],
              [194803.97, 338660.89000000001397],
              [194791.68, 338673.60999999998603],
              [194788.480000000010477, 338676.210000000020955],
              [194757.24, 338701.53000000002794],
              [194630.85999999998603, 338714.76],
              [194591.16, 338727.299999999988358],
              [194565.46, 338735.409999999974389],
              [194461.91, 338747.96999999997206],
              [194426.60999999998603, 338741.25],
              [194376.35, 338731.69],
              [194354.88, 338727.60999999998603],
              [194321.93, 338722.5],
              [194226.769999999989523, 338707.74],
              [194231.670000000012806, 338753.150000000023283],
              [194178.85999999998603, 338737.32],
              [194159.299999999988358, 338731.450000000011642],
              [194144.10999999998603, 338727.21999999997206],
              [194126.200000000011642, 338722.419999999983702],
              [194112.992, 338718.862000000022817],
              [194094.24, 338713.81],
              [194073.47, 338712.93],
              [194045.51, 338711.75],
              [194042.96, 338711.289999999979045],
              [194017.480000000010477, 338706.63],
              [193992.14000000001397, 338702.01],
              [193987.5, 338663.229999999981374],
              [193985.579999999987194, 338647.21999999997206],
              [193983.04, 338645.82],
              [193973.579999999987194, 338640.599999999976717],
              [193953.420000000012806, 338629.46999999997206],
              [193901.09, 338600.590000000025611],
              [193886.31, 338592.43],
              [193873.31, 338590.700000000011642],
              [193864.43, 338589.51],
              [193835.51, 338585.659999999974389],
              [193834.31, 338596.81],
              [193811.13, 338589.35999999998603],
              [193797.269999999989523, 338584.909999999974389],
              [193780.480000000010477, 338579.51],
              [193756.019999999989523, 338571.650000000023283],
              [193733.62, 338564.460000000020955],
              [193718.49, 338559.599999999976717],
              [193647.41, 338536.789999999979045],
              [193644.79, 338535.93],
              [193627.85, 338667.25],
              [193521.59, 338888.81],
              [193519.06, 338887.60999999998603],
              [193518.700000000011642, 338888.539999999979045],
              [193497.769999999989523, 338942.590000000025611],
              [193488.53, 338966.44],
              [193476.32, 338997.960000000020955],
              [193467.65, 339020.35999999998603],
              [193457.700000000011642, 339046.06],
              [193440.32, 339090.93],
              [193432.69, 339110.62],
              [193392.64000000001397, 339214.049999999988358],
              [193381.56, 339230.090000000025611],
              [193363.34, 339256.46999999997206],
              [193357.31, 339265.19],
              [193340.53, 339289.479999999981374],
              [193300.82, 339346.960000000020955],
              [193282.579999999987194, 339373.37],
              [193257.730000000010477, 339409.340000000025611],
              [193234.299999999988358, 339443.270000000018626],
              [193202.26, 339489.64000000001397],
              [193172.82, 339532.26],
              [193143.700000000011642, 339569.729999999981374],
              [193111.829999999987194, 339610.729999999981374],
              [193047.46, 339693.57],
              [193015.016, 339735.316999999980908],
              [192965.329999999987194, 339799.25],
              [192944.0, 339826.69],
              [192930.04, 339844.650000000023283],
              [192867.35999999998603, 339908.07],
              [192805.43, 339988.62],
              [192804.68, 339991.12],
              [192801.59, 340001.460000000020955],
              [192801.299999999988358, 340002.960000000020955],
              [192746.0, 340194.01],
              [192727.269999999989523, 340258.729999999981374],
              [192725.89000000001397, 340263.38],
              [192670.5, 340455.340000000025611],
              [192601.4, 340680.99],
              [192534.32, 340899.78000000002794],
              [192466.87, 341120.31],
              [192382.15, 341395.460000000020955],
              [192378.71, 341406.63],
              [192329.432, 341566.64000000001397],
              [192260.825000000011642, 341733.745999999984633],
              [192251.258, 341741.691999999980908],
              [192164.932999999989988, 341813.387999999977183],
              [191951.121000000013737, 341990.895000000018626],
              [191871.25, 342056.919999999983702],
              [191645.35, 341808.288999999989755],
              [191645.026000000012573, 341807.933000000019092],
              [191589.758, 341747.074000000022352],
              [191443.389, 341585.898999999975786],
              [191351.282, 341498.62599999998929],
              [191345.09, 341492.759000000020023],
              [191344.055, 341491.958999999973457],
              [191139.459, 341333.950000000011642],
              [190927.038999999989755, 341155.398999999975786],
              [190920.327, 341149.902],
              [190759.238000000012107, 341017.96999999997206],
              [190755.60999999998603, 341014.99900000001071],
              [190751.669, 341011.522],
              [190747.008, 341007.411000000021886],
              [190744.547, 341005.24],
              [190698.72, 340964.819000000017695],
              [190650.427, 340889.994],
              [190621.424, 340845.055999999982305],
              [190609.443999999988591, 340826.494],
              [190558.038, 340746.843999999982771],
              [190552.24, 340737.85999999998603],
              [190415.89000000001397, 340528.21999999997206],
              [190415.226, 340527.832999999984168],
              [190409.15, 340524.288999999989755],
              [190395.28, 340516.199000000022352],
              [190316.09, 340497.829000000027008],
              [190294.469000000011874, 340490.518999999971129],
              [190187.59, 340445.489],
              [190136.162000000011176, 340429.332],
              [190132.10999999998603, 340428.059],
              [190127.046, 340426.581],
              [190083.34, 340413.829000000027008],
              [190059.329999999987194, 340408.349999999976717],
              [189966.459, 340399.229999999981374],
              [189910.49, 340396.559],
              [189755.969000000011874, 340385.018999999971129],
              [189698.51, 340395.0],
              [189638.53, 340388.729999999981374],
              [189599.128999999986263, 340379.24],
              [189509.219000000011874, 340362.879000000015367],
              [189263.699, 340333.60999999998603],
              [189217.69, 340324.049999999988358],
              [189207.07, 340325.199000000022352],
              [189206.035, 340325.316999999980908],
              [189116.10999999998603, 340335.599999999976717],
              [188972.479, 340334.079000000027008],
              [188881.01, 340334.909999999974389],
              [188761.919, 340344.739],
              [188629.669, 340331.474999999976717],
              [188625.03, 340331.01],
              [188637.919, 340294.129000000015367],
              [188630.867, 340291.574000000022352],
              [188599.782, 340280.311999999976251],
              [188595.799999999988358, 340278.869],
              [188605.07, 340196.268999999971129],
              [188614.07, 340116.599999999976717],
              [188623.79, 340032.85999999998603],
              [188627.788999999989755, 340000.0],
              [188636.049999999988358, 339931.554],
              [188650.87, 339805.18],
              [188653.18, 339786.629000000015367],
              [188655.818999999988591, 339774.659999999974389],
              [188663.549999999988358, 339751.798],
              [188667.34, 339742.700000000011642],
              [188674.79, 339729.62],
              [188681.74, 339718.85999999998603],
              [188760.219000000011874, 339604.169999999983702],
              [188844.35999999998603, 339479.900000000023283],
              [188895.31, 339405.609],
              [188965.018000000010943, 339302.909999999974389],
              [188968.4, 339297.924999999988358],
              [189000.0, 339251.37400000001071],
              [189012.803000000014435, 339232.511],
              [189013.28, 339231.809],
              [189018.676, 339223.036000000021886],
              [189155.858, 339000.0],
              [189180.75, 338959.53000000002794],
              [189186.159000000014203, 338951.588999999978114],
              [189191.959, 338944.528999999980442],
              [189201.019999999989523, 338936.020000000018626],
              [189208.76, 338930.44],
              [189217.119, 338926.039999999979045],
              [189337.159000000014203, 338868.900000000023283],
              [189345.299999999988358, 338864.49900000001071],
              [189356.09, 338857.78000000002794],
              [189371.559, 338847.38],
              [189384.78, 338838.580000000016298],
              [189394.189000000013039, 338830.69],
              [189402.85999999998603, 338821.62],
              [189410.37, 338811.94],
              [189417.200000000011642, 338801.10999999998603],
              [189424.24, 338787.588999999978114],
              [189427.21, 338780.25],
              [189433.49, 338754.900000000023283],
              [189434.5, 338745.60999999998603],
              [189434.628999999986263, 338727.5],
              [189433.65, 338719.340000000025611],
              [189412.579999999987194, 338561.69],
              [189404.314000000013039, 338500.0],
              [189388.535, 338382.221000000019558],
              [189367.329999999987194, 338223.76],
              [189359.258, 338163.26400000002468],
              [189353.179, 338117.710000000020955],
              [189351.15, 338111.200000000011642],
              [189347.619, 338101.579000000027008],
              [189343.098999999987427, 338090.93],
              [189329.839, 338070.208999999973457],
              [189255.35999999998603, 337949.599999999976717],
              [189212.174, 337884.200000000011642],
              [189202.415, 337869.422000000020489],
              [189196.939000000013039, 337861.13],
              [189194.385, 337854.34499999997206],
              [189194.21, 337853.88],
              [189192.949, 337846.588999999978114],
              [189193.327, 337844.474999999976717],
              [189193.459, 337843.74],
              [189213.459, 337746.49900000001071],
              [189235.052, 337644.208999999973457],
              [189238.741, 337626.728],
              [189240.49, 337618.44],
              [189243.259, 337605.579000000027008],
              [189248.019999999989523, 337581.648999999975786],
              [189251.799999999988358, 337569.689000000013039],
              [189258.669, 337552.289999999979045],
              [189277.54, 337510.838999999978114],
              [189281.435999999986961, 337500.0],
              [189298.079999999987194, 337453.700000000011642],
              [189324.019999999989523, 337387.088999999978114],
              [189337.24, 337350.090000000025611],
              [189340.28, 337336.75],
              [189341.329999999987194, 337330.150000000023283],
              [189342.309, 337320.21999999997206],
              [189342.689000000013039, 337311.200000000011642],
              [189340.479, 337281.069000000017695],
              [189340.159000000014203, 337273.270000000018626],
              [189340.378999999986263, 337264.949000000022352],
              [189341.253, 337253.746999999973923],
              [189341.432, 337251.369],
              [189343.926, 337241.74900000001071],
              [189349.634, 337230.136],
              [189393.903, 337134.056999999971595],
              [189427.919, 337060.31],
              [189450.113000000012107, 337012.113000000012107],
              [189469.909000000014203, 336970.153],
              [189480.715, 336947.31],
              [189490.834, 336924.543],
              [189497.049, 336907.664999999979045],
              [189500.731, 336896.150000000023283],
              [189503.073, 336886.786000000021886],
              [189504.959, 336876.43],
              [189507.223, 336862.375],
              [189508.5, 336849.338999999978114],
              [189507.987, 336833.896],
              [189507.325000000011642, 336817.142],
              [189505.81, 336805.283],
              [189502.978, 336789.569000000017695],
              [189498.331, 336773.761999999987893],
              [189494.812, 336761.875],
              [189490.12400000001071, 336747.321],
              [189483.797, 336728.417000000015832],
              [189480.951, 336708.261],
              [189479.952, 336693.63900000002468],
              [189478.777, 336679.772],
              [189479.034000000014203, 336654.619],
              [189482.804, 336637.346000000019558],
              [189483.856999999989057, 336633.446999999985565],
              [189486.097, 336625.148999999975786],
              [189490.035, 336613.941999999980908],
              [189496.577, 336597.870999999984633],
              [189504.094000000011874, 336583.908999999985099],
              [189509.356999999989057, 336577.181999999971595],
              [189519.068999999988591, 336563.62],
              [189535.763, 336541.295999999972992],
              [189552.26, 336518.477000000013504],
              [189569.87, 336494.886999999987893],
              [189584.702, 336477.039999999979045],
              [189624.601, 336425.396],
              [189657.096, 336383.270000000018626],
              [189681.628999999986263, 336351.047000000020489],
              [189704.873, 336320.223999999987427],
              [189720.348, 336299.614],
              [189747.541999999986729, 336265.591000000014901],
              [189760.594000000011874, 336249.653],
              [189771.057999999989988, 336235.007999999972526],
              [189865.378999999986263, 336112.525000000023283],
              [189882.741, 336090.794],
              [189887.651000000012573, 336093.695],
              [189959.816, 336136.314000000013039],
              [189965.508, 336139.69],
              [189973.511, 336138.23499999998603],
              [190011.181000000011409, 336131.382999999972526],
              [190033.195, 336127.38],
              [190075.443, 336119.696],
              [190088.803000000014435, 336117.266],
              [190102.567000000010012, 336114.762999999977183],
              [190116.191, 336112.316999999980908],
              [190163.038, 336103.941999999980908],
              [190169.159000000014203, 336102.847],
              [190203.54, 336088.257999999972526],
              [190207.345, 336086.664999999979045],
              [190211.351, 336085.00099999998929],
              [190234.378, 336075.435],
              [190247.759, 336069.87599999998929],
              [190281.537000000011176, 336055.809],
              [190284.577, 336054.539999999979045],
              [190311.036, 336043.446999999985565],
              [190333.997, 336033.82],
              [190349.678000000014435, 336027.231000000028871],
              [190357.429, 336023.984],
              [190430.687, 335993.477000000013504],
              [190457.445, 335982.354999999981374],
              [190475.633, 335975.011],
              [190481.285, 335971.310999999986961],
              [190484.385, 335969.402],
              [190602.911, 335890.827],
              [190652.343, 335858.315],
              [190653.904, 335857.288],
              [190680.964, 335839.550999999977648],
              [190681.478, 335839.152],
              [190690.056000000011409, 335833.51],
              [190689.932, 335826.847],
              [190687.685999999986961, 335706.113000000012107],
              [190685.606999999989057, 335601.560999999986961],
              [190682.975, 335473.412000000011176],
              [190682.962999999988824, 335472.813000000023749],
              [190682.723, 335460.614],
              [190682.003, 335421.044999999983702],
              [190678.87599999998929, 335249.048],
              [190678.378999999986263, 335220.36099999997532],
              [190677.182, 335151.90500000002794],
              [190676.61799999998766, 335111.549],
              [190681.954, 335109.57],
              [190706.712, 335100.37599999998929],
              [190717.325000000011642, 335096.431999999971595],
              [190751.598999999987427, 335083.620999999984633],
              [190909.861, 335024.86099999997532],
              [190916.12, 335022.700000000011642],
              [190984.31, 334998.131999999983236],
              [190984.41, 334998.096000000019558],
              [191024.75099999998929, 334983.561999999976251],
              [191024.967, 334983.484],
              [191035.37, 334979.73599999997532],
              [191138.72, 334942.5],
              [191223.666999999986729, 334911.813000000023749],
              [191364.182999999989988, 334860.962999999988824],
              [191383.25, 334854.10999999998603],
              [191353.681000000011409, 334599.86099999997532],
              [191353.355000000010477, 334596.990999999979977],
              [191319.753, 334302.974999999976717],
              [191316.49, 334274.221000000019558],
              [191307.472, 334194.12300000002142],
              [191306.12400000001071, 334182.287000000011176],
              [191306.117, 334182.107000000018161],
              [191305.918, 334172.068000000028405],
              [191304.961000000010245, 334145.947999999974854],
              [191302.943999999988591, 334090.879000000015367],
              [191302.454, 334077.487000000022817],
              [191301.956, 334063.906000000017229],
              [191301.443999999988591, 334049.93],
              [191300.799999999988358, 334032.331],
              [191300.181000000011409, 334015.428000000014435],
              [191299.285, 333990.952999999979511],
              [191298.954, 333981.912000000011176],
              [191298.547, 333970.811999999976251],
              [191298.068, 333957.71999999997206],
              [191295.68, 333892.51],
              [191295.057999999989988, 333875.522],
              [191293.371000000013737, 333829.451],
              [191293.328, 333828.289999999979045],
              [191291.617, 333781.545999999972992],
              [191289.037000000011176, 333711.179],
              [191287.07, 333657.924],
              [191284.919, 333599.788999999989755],
              [191283.143000000010943, 333551.798],
              [191282.994, 333547.794],
              [191281.924999999988358, 333518.886],
              [191280.801, 333488.506999999983236],
              [191280.332, 333475.840000000025611],
              [191279.863000000012107, 333463.156000000017229],
              [191279.74, 333459.840000000025611],
              [191276.684, 333380.62300000002142],
              [191276.141, 333366.520000000018626],
              [191275.682999999989988, 333354.653999999980442],
              [191275.226, 333342.816999999980908],
              [191274.014, 333311.379000000015367],
              [191273.223, 333290.86099999997532],
              [191271.628, 333249.511999999987893],
              [191270.468, 333219.445],
              [191269.231, 333187.371999999973923],
              [191267.706, 333185.62300000002142],
              [191267.259, 333185.10999999998603],
              [191264.935999999986961, 333182.831],
              [191263.48499999998603, 333181.28000000002794],
              [191258.862, 333176.566999999980908],
              [191252.793, 333168.588999999978114],
              [191247.453, 333162.075000000011642],
              [191241.729, 333155.23599999997532],
              [191232.128, 333144.278],
              [191225.886, 333138.022999999986496],
              [191218.941, 333129.827999999979511],
              [191209.172, 333117.669],
              [191200.928000000014435, 333108.813000000023749],
              [191194.377, 333101.340000000025611],
              [191186.704999999987194, 333092.412000000011176],
              [191179.768000000010943, 333083.683000000019092],
              [191170.916, 333074.25],
              [191162.022999999986496, 333063.966000000014901],
              [191149.973, 333049.90500000002794],
              [191144.403, 333043.673],
              [191136.282, 333034.242000000027474],
              [191126.10999999998603, 333020.966000000014901],
              [191120.057, 333015.96999999997206],
              [191111.272, 333006.909999999974389],
              [191102.946999999985565, 332998.016],
              [191093.480000000010477, 332986.878000000026077],
              [191083.066, 332974.21999999997206],
              [191073.233, 332961.884000000020023],
              [191062.492, 332949.609],
              [191048.606, 332933.218999999982771],
              [191040.116, 332923.321999999985565],
              [191032.065, 332914.26400000002468],
              [191028.12599999998929, 332911.63],
              [191021.122, 332906.577999999979511],
              [191011.041, 332900.174999999988358],
              [190998.121000000013737, 332890.875],
              [190996.344000000011874, 332890.096000000019558],
              [190992.772999999986496, 332886.526000000012573],
              [190989.441, 332882.717],
              [190984.204999999987194, 332877.242000000027474],
              [190980.159000000014203, 332872.244],
              [190975.69, 332867.46999999997206],
              [190963.266, 332850.346000000019558],
              [190950.467, 332834.180999999982305],
              [190932.10999999998603, 332812.710000000020955],
              [190906.339, 332780.468],
              [190884.84, 332754.005],
              [190848.177, 332715.414999999979045],
              [190838.653, 332703.017999999981839],
              [190770.055, 332605.689000000013039],
              [190723.168, 332549.283],
              [190711.859, 332535.574000000022352],
              [190711.057, 332535.049],
              [190708.108, 332533.119],
              [190685.805, 332528.125],
              [190661.670000000012806, 332522.71999999997206],
              [190628.174, 332515.21999999997206],
              [190616.179, 332512.533999999985099],
              [190609.807, 332511.108],
              [190589.701, 332506.60999999998603],
              [190583.617, 332505.25],
              [190577.166, 332503.806999999971595],
              [190544.343, 332475.620999999984633],
              [190542.641, 332474.151000000012573],
              [190524.184, 332458.212999999988824],
              [190512.187, 332447.851000000024214],
              [190512.606999999989057, 332429.463999999978114],
              [190494.033, 332415.978],
              [190495.759, 332413.606000000028871],
              [190497.23499999998603, 332412.011999999987893],
              [190538.693999999988591, 332371.446],
              [190577.131, 332332.708999999973457],
              [190604.977000000013504, 332268.642],
              [190606.952, 332263.811999999976251],
              [190609.625, 332258.922000000020489],
              [190652.419, 332185.224999999976717],
              [190678.173, 332140.98499999998603],
              [190710.801, 332082.142999999981839],
              [190733.291, 332065.996999999973923],
              [190746.352000000013504, 332060.494],
              [190791.029, 331992.316],
              [190796.29, 331948.146],
              [190800.806000000011409, 331910.684],
              [190807.938, 331848.489],
              [190807.980000000010477, 331847.988000000012107],
              [190812.568999999988591, 331812.10999999998603],
              [190867.21, 331809.21999999997206],
              [190998.786, 331802.272999999986496],
              [191049.799999999988358, 331799.580000000016298],
              [191120.28, 331792.44],
              [191188.049999999988358, 331783.210000000020955],
              [191267.269, 331782.159999999974389],
              [191347.26, 331781.099999999976717],
              [191356.63, 331782.590000000025611],
              [191410.76, 331800.21999999997206],
              [191532.116, 331849.242000000027474],
              [191535.799999999988358, 331850.729999999981374],
              [191579.31, 331871.849999999976717],
              [191665.173, 331914.451],
              [191670.170000000012806, 331916.93],
              [191689.147, 331925.24],
              [191839.84, 331991.229999999981374],
              [191937.96, 332050.93],
              [192015.96, 332098.38],
              [192048.75, 332119.020000000018626],
              [192078.10999999998603, 332133.479999999981374],
              [192109.88, 332150.580000000016298],
              [192139.76, 332160.289999999979045],
              [192220.829999999987194, 332180.19],
              [192270.771, 332161.298],
              [192271.34, 332161.090000000025611],
              [192318.09, 332143.419999999983702],
              [192325.795000000012806, 332148.446],
              [192375.128, 332180.628000000026077],
              [192380.853, 332184.363000000012107],
              [192388.715, 332189.492000000027474],
              [192395.102000000013504, 332193.658999999985099],
              [192620.992, 332341.020000000018626],
              [192621.60999999998603, 332341.423],
              [192628.38, 332345.840000000025611],
              [192628.434, 332345.891],
              [192792.69, 332501.19],
              [192815.15, 332522.425999999977648],
              [192953.28, 332653.03000000002794],
              [193008.098, 332696.418],
              [193135.54, 332797.288999999989755],
              [193177.047, 332830.142],
              [193189.325000000011642, 332839.859],
              [193201.24, 332849.289999999979045],
              [193225.263, 332868.305],
              [193370.791999999986729, 332983.49800000002142],
              [193384.63, 332994.451],
              [193388.57, 332997.57],
              [193516.10999999998603, 333021.150000000023283],
              [193911.06, 333095.830000000016298],
              [193938.478, 333101.018999999971129],
              [193950.805, 333103.353],
              [193974.87599999998929, 333107.908999999985099],
              [193983.97, 333109.63],
              [193984.394, 333109.710000000020955],
              [194288.28, 333167.159999999974389],
              [194327.303000000014435, 333174.539999999979045],
              [194456.585, 333198.990999999979977],
              [194502.085, 333207.596000000019558],
              [194527.91, 333212.479999999981374],
              [194556.921, 333223.742000000027474],
              [194573.809, 333230.297000000020489],
              [194583.271, 333234.031000000017229],
              [194639.99, 333256.01],
              [194725.464, 333289.213999999978114],
              [194757.04, 333301.479999999981374],
              [194881.5, 333349.81],
              [194920.980000000010477, 333255.229999999981374],
              [194950.57, 333184.38],
              [194980.579999999987194, 333112.46999999997206],
              [195008.18, 333046.39000000001397],
              [195039.44, 332971.46999999997206],
              [195115.26, 332908.729999999981374],
              [195285.93, 332767.63],
              [195282.47, 332761.669999999983702],
              [195282.334, 332761.435],
              [195279.47, 332756.479999999981374],
              [195301.64000000001397, 332743.26],
              [195322.37, 332727.68],
              [195577.99, 332523.37],
              [195585.108, 332516.07],
              [195586.579999999987194, 332514.56],
              [195594.269999999989523, 332504.950000000011642],
              [195600.51, 332494.5],
              [195605.036, 332485.520000000018626],
              [195607.47, 332480.69],
              [195609.44, 332476.63],
              [195619.753999999986263, 332455.935999999986961],
              [195628.04, 332441.93],
              [195637.31, 332428.539999999979045],
              [195647.71, 332416.07],
              [195659.12, 332404.520000000018626],
              [195671.37, 332393.93],
              [195684.37, 332384.32],
              [195698.25, 332375.63],
              [195712.69, 332368.169999999983702],
              [195727.9, 332362.07],
              [195743.34, 332356.88],
              [195759.480000000010477, 332353.07],
              [195775.99, 332351.57],
              [195792.53, 332351.539999999979045],
              [195808.950000000011642, 332353.299999999988358],
              [195824.980000000010477, 332357.049999999988358],
              [195840.549999999988358, 332361.94],
              [195923.218, 332389.387999999977183],
              [195929.803000000014435, 332391.56],
              [195936.391, 332393.733],
              [195951.06, 332398.57],
              [196036.894999999989523, 332426.99900000001071],
              [196037.35, 332427.150000000023283],
              [196060.75, 332434.76],
              [196073.26, 332438.979999999981374],
              [196096.644999999989523, 332446.664999999979045],
              [196180.94, 332474.559],
              [196205.19, 332485.419],
              [196228.339, 332498.479],
              [196303.745, 332548.951],
              [196310.095, 332553.202],
              [196327.079, 332564.57],
              [196346.399, 332578.64000000001397],
              [196347.684, 332579.650000000023283],
              [196358.303000000014435, 332588.00099999998929],
              [196365.13, 332593.369],
              [196384.16, 332607.299],
              [196419.204, 332630.762999999977183],
              [196425.920000000012806, 332635.26],
              [196432.426, 332639.62599999998929],
              [196511.859, 332692.929],
              [196599.01, 332751.460000000020955],
              [196618.6, 332759.460000000020955],
              [196723.869, 332785.960000000020955],
              [196739.769, 332786.75],
              [196756.209, 332783.44],
              [196772.029, 332778.059],
              [196786.22, 332769.900000000023283],
              [196901.529, 332683.348999999987427],
              [196926.059, 332664.929],
              [196926.793, 332664.972],
              [196943.209, 332665.929],
              [196956.809, 332666.960000000020955],
              [197073.0, 332674.26],
              [197248.019, 332685.109],
              [197289.642, 332687.50199999997858],
              [197517.19, 332703.28000000002794],
              [197933.75, 332731.109],
              [198000.0, 332735.65500000002794],
              [198306.429, 332756.669],
              [198362.01, 332760.847],
              [198611.571, 332779.606000000028871],
              [198627.579, 332780.809],
              [198743.662000000011176, 332789.51500000001397],
              [199087.25, 332815.283999999985099],
              [199252.14000000001397, 332827.650000000023283],
              [199242.230000000010477, 332858.348999999987427],
              [199269.665, 332863.12699999997858],
              [199272.926, 332863.695],
              [199274.935999999986961, 332864.044999999983702],
              [199277.309, 332864.457999999984168],
              [199329.170000000012806, 332873.489],
              [199345.63, 332874.830000000016298],
              [199412.467, 332866.821999999985565],
              [199413.028, 332866.755],
              [199456.39000000001397, 332861.559],
              [199521.329, 332851.32],
              [199608.26, 332827.07],
              [199636.670000000012806, 332817.479],
              [199643.209, 332816.348999999987427],
              [199834.913, 332810.766],
              [199835.287000000011176, 332810.755],
              [199837.170000000012806, 332810.700000000011642],
              [199894.679, 332818.799],
              [199896.079, 332810.522],
              [199897.399, 332802.718999999982771],
              [199894.589, 332796.590000000025611],
              [199904.64000000001397, 332741.590000000025611],
              [199911.47, 332697.549],
              [199915.818, 332641.283999999985099],
              [199918.029, 332638.348999999987427],
              [199923.14000000001397, 332637.63],
              [199916.989, 332600.64000000001397],
              [199842.089, 332386.51],
              [199778.920000000012806, 332206.28000000002794],
              [199767.24, 332172.916000000026543],
              [199699.609, 331979.729],
              [199679.536, 331922.484],
              [199646.47, 331828.186999999976251],
              [199632.109, 331787.229],
              [199593.619, 331650.450000000011642],
              [199587.1, 331627.400000000023283],
              [199569.653, 331572.503000000026077],
              [199530.920000000012806, 331450.63],
              [199447.635, 331288.597],
              [199412.920000000012806, 331221.059],
              [199367.119, 331109.288999999989755],
              [199323.35, 330980.788999999989755],
              [199293.524, 330893.044],
              [199265.609, 330810.919],
              [199171.579, 330609.049],
              [199128.628999999986263, 330505.400000000023283],
              [199124.920000000012806, 330496.450000000011642],
              [199120.809, 330486.01],
              [199041.64000000001397, 330364.049],
              [198983.5, 330292.369],
              [198967.66, 330265.900000000023283],
              [198890.04, 330247.580000000016298],
              [198846.429, 330235.359],
              [198805.5, 330223.788999999989755],
              [198748.64000000001397, 330195.950000000011642],
              [198693.14000000001397, 330161.979],
              [198599.35, 330087.229],
              [198523.029, 330001.598999999987427],
              [198482.288, 329943.316999999980908],
              [198422.920000000012806, 329858.39000000001397],
              [198427.32, 329855.76],
              [198573.88, 329766.31],
              [198718.480000000010477, 329687.090000000025611],
              [198719.46, 329689.75],
              [198727.450000000011642, 329687.669999999983702],
              [198791.730000000010477, 329651.37],
              [198794.700000000011642, 329648.080000000016298],
              [198805.12, 329641.19],
              [198848.41, 329617.789999999979045],
              [198870.28, 329605.080000000016298],
              [198889.18, 329586.93],
              [198919.579999999987194, 329573.62],
              [198918.81, 329571.979999999981374],
              [198963.35, 329550.51],
              [198987.71, 329541.35999999998603],
              [199000.72, 329533.971000000019558],
              [199099.71, 329477.75],
              [199196.32, 329422.87],
              [199219.97, 329409.44],
              [199245.75, 329405.49],
              [199125.62, 328874.909999999974389],
              [199176.269999999989523, 328555.81],
              [199228.480000000010477, 328226.39000000001397],
              [199276.549999999988358, 327929.650000000023283],
              [199280.97, 327894.87],
              [199326.5, 327608.26],
              [199357.75, 327410.400000000023283],
              [199360.198, 327409.691],
              [199490.161, 327372.049999999988358],
              [199508.829999999987194, 327366.642999999981839],
              [199526.074, 327361.648999999975786],
              [199658.309, 327323.349999999976717],
              [200138.649, 327185.13],
              [200208.75, 327164.99],
              [200479.54, 327086.950000000011642],
              [200762.62599999998929, 327005.12599999998929],
              [200794.72, 326995.849999999976717],
              [200879.329, 326995.53000000002794],
              [200967.26500000001397, 326953.952],
              [201020.29, 326928.88],
              [201142.84, 326869.44],
              [201187.128999999986263, 326842.049999999988358],
              [201205.79, 326830.28000000002794],
              [201228.079999999987194, 326808.900000000023283],
              [201237.07, 326798.26],
              [201239.78, 326799.650000000023283],
              [201247.230000000010477, 326787.840000000025611],
              [201250.68, 326778.03000000002794],
              [201269.53, 326738.53000000002794],
              [201289.12, 326690.770000000018626],
              [201384.72, 326721.039999999979045],
              [201402.128999999986263, 326730.14000000001397],
              [201425.329999999987194, 326747.080000000016298],
              [201499.799999999988358, 326800.75],
              [201538.46, 326837.830000000016298],
              [201568.579999999987194, 326854.830000000016298],
              [201659.1, 326897.19],
              [201660.371000000013737, 326896.128000000026077],
              [201660.734, 326895.824000000022352],
              [201692.829999999987194, 326869.0],
              [201735.53, 326833.995],
              [201766.872, 326808.302000000025146],
              [201828.04, 326758.158999999985099],
              [201843.508, 326745.416000000026543],
              [201921.204999999987194, 326681.406000000017229],
              [201975.53, 326636.650000000023283],
              [202031.054, 326596.31],
              [202033.78, 326594.330000000016298],
              [201998.932, 326462.881],
              [201931.21, 326206.85999999998603],
              [201921.049, 326168.927000000025146],
              [201888.46, 326047.270000000018626],
              [201934.310999999986961, 326038.407],
              [202000.0, 326025.710000000020955],
              [202027.412000000011176, 326020.413],
              [202054.53, 326015.172000000020489],
              [202086.674999999988358, 326008.960000000020955],
              [202087.66, 326008.770000000018626],
              [202098.408, 326006.636999999987893],
              [202103.730000000010477, 326005.580000000016298],
              [202132.079999999987194, 326000.0],
              [202157.854, 325994.925999999977648],
              [202222.476, 325982.205000000016298],
              [202229.108, 325980.898999999975786],
              [202437.628999999986263, 325939.840000000025611],
              [202450.329, 325960.700000000011642],
              [202469.68, 325984.60999999998603],
              [202484.38, 326000.0],
              [202489.450000000011642, 326005.31],
              [202517.56, 326029.419999999983702],
              [202540.24, 326012.63],
              [202562.628999999986263, 326000.0],
              [202624.82, 325964.909999999974389],
              [202715.44, 325922.599999999976717],
              [202758.59, 325904.150000000023283],
              [202790.200000000011642, 325889.51],
              [202828.66, 325886.689000000013039],
              [202885.87, 325879.080000000016298],
              [202887.6, 325880.94],
              [202894.461000000010245, 325888.587999999988824],
              [202994.4, 326000.0],
              [203014.35999999998603, 326022.25],
              [203059.291, 326072.246999999973923],
              [203135.78, 326157.35999999998603],
              [203359.299999999988358, 326118.700000000011642],
              [203388.684, 326116.966000000014901],
              [203392.717, 326116.728],
              [203394.37, 326116.63],
              [203403.54, 326117.89000000001397],
              [203536.43, 326099.400000000023283],
              [203551.252, 326094.336000000010245],
              [203735.077, 326031.53000000002794],
              [203780.642, 326015.995],
              [203865.378999999986263, 325987.106000000028871],
              [203965.962999999988824, 325931.818000000028405],
              [203966.445, 325931.553000000014435],
              [203977.647999999986496, 325925.395000000018626],
              [203986.39000000001397, 325920.590000000025611],
              [204074.045000000012806, 325847.266],
              [204095.56, 325829.270000000018626],
              [204198.420000000012806, 325748.960000000020955],
              [204237.82, 325727.25],
              [204255.769999999989523, 325718.460000000020955],
              [204297.423, 325698.09499999997206],
              [204332.348999999987427, 325681.018999999971129],
              [204382.5, 325656.5],
              [204422.420000000012806, 325750.0],
              [204432.4, 325773.39000000001397],
              [204444.259, 325782.302000000025146],
              [204447.041, 325784.392999999981839],
              [204593.777, 325894.663999999989755],
              [204672.269999999989523, 325953.650000000023283],
              [204673.085, 325954.259000000020023],
              [204681.269999999989523, 325960.38],
              [204700.049999999988358, 325928.849999999976717],
              [204706.68, 325915.82],
              [204711.579999999987194, 325901.88],
              [204713.94, 325887.400000000023283],
              [204714.32, 325872.539999999979045],
              [204712.68, 325857.919999999983702],
              [204708.53, 325843.669999999983702],
              [204670.12, 325736.56],
              [204661.75, 325715.482000000018161],
              [204657.307999999989988, 325704.226000000024214],
              [204649.541999999986729, 325686.744],
              [204643.439000000013039, 325674.452999999979511],
              [204635.28, 325657.75],
              [204586.94, 325566.658999999985099],
              [204574.200000000011642, 325545.60999999998603],
              [204561.920000000012806, 325529.06],
              [204548.329, 325513.53000000002794],
              [204535.014, 325500.512999999977183],
              [204532.6, 325498.150000000023283],
              [204515.26, 325484.539999999979045],
              [204496.920000000012806, 325473.189000000013039],
              [204415.41, 325426.259000000020023],
              [204393.71, 325413.43],
              [204378.14000000001397, 325401.53000000002794],
              [204349.93, 325366.88],
              [204333.04, 325343.169999999983702],
              [204214.6, 325178.99],
              [204204.57, 325161.85999999998603],
              [204197.96, 325140.830000000016298],
              [204197.738000000012107, 325138.601000000024214],
              [204195.956, 325120.75199999997858],
              [204198.074, 325101.543],
              [204198.43, 325098.400000000023283],
              [204200.49, 325087.210000000020955],
              [204203.200000000011642, 325064.74],
              [204202.9, 325041.729],
              [204199.28, 325019.94],
              [204193.16, 325000.0],
              [204192.51, 324997.89000000001397],
              [204182.38, 324974.400000000023283],
              [204172.149, 324957.25],
              [204150.35999999998603, 324930.35999999998603],
              [204134.88, 324915.14000000001397],
              [204087.581, 324876.482000000018161],
              [204083.32, 324872.99900000001071],
              [204068.527, 324860.908],
              [204000.0, 324804.900000000023283],
              [203949.253, 324764.303000000014435],
              [203936.044, 324753.783],
              [203926.818, 324745.821999999985565],
              [203924.136, 324743.783],
              [203921.803000000014435, 324741.543],
              [203917.791, 324737.786000000021886],
              [203906.856999999989057, 324727.731000000028871],
              [203893.059, 324713.641],
              [203887.439000000013039, 324707.614],
              [203883.442000000010012, 324703.691],
              [203882.554, 324702.673],
              [203882.006, 324702.080000000016298],
              [203881.098999999987427, 324701.034999999974389],
              [203878.712999999988824, 324697.949000000022352],
              [203876.231999999989057, 324694.885],
              [203872.685, 324690.441999999980908],
              [203869.958000000013271, 324686.827],
              [203865.741, 324681.729999999981374],
              [203863.659000000014203, 324678.945],
              [203863.312, 324678.392999999981839],
              [203861.949, 324676.462],
              [203860.538, 324674.354],
              [203858.332, 324671.218],
              [203857.169, 324669.287000000011176],
              [203856.005, 324667.506],
              [203854.816, 324665.775000000023283],
              [203852.859, 324662.89000000001397],
              [203849.245, 324657.246999999973923],
              [203848.154, 324655.766],
              [203846.47, 324653.207],
              [203843.943999999988591, 324649.46999999997206],
              [203842.336000000010245, 324646.837],
              [203841.096, 324645.13],
              [203839.859, 324642.974999999976717],
              [203836.074, 324636.729999999981374],
              [203834.173, 324632.922000000020489],
              [203833.901000000012573, 324632.395000000018626],
              [203832.937, 324630.416000000026543],
              [203831.355000000010477, 324627.658],
              [203829.627, 324624.049999999988358],
              [203827.185, 324618.837999999988824],
              [203823.704, 324611.596000000019558],
              [203821.193, 324606.518999999971129],
              [203819.480000000010477, 324602.565],
              [203818.527, 324600.266],
              [203817.866, 324598.756],
              [203817.147999999986496, 324596.768999999971129],
              [203816.621000000013737, 324595.34499999997206],
              [203813.237, 324586.451],
              [203811.709, 324582.754000000015367],
              [203809.752, 324578.322999999974854],
              [203808.35, 324574.435],
              [203807.717, 324572.609],
              [203806.544, 324569.364],
              [203805.691, 324567.115],
              [203804.187, 324562.569000000017695],
              [203802.958000000013271, 324559.170999999972992],
              [203802.003999999986263, 324556.172000000020489],
              [203799.924, 324550.277],
              [203799.121000000013737, 324547.929],
              [203798.644, 324546.379000000015367],
              [203795.685, 324537.935],
              [203793.529, 324531.564000000013039],
              [203791.772, 324526.218],
              [203789.541, 324519.673],
              [203788.636999999987893, 324516.949000000022352],
              [203787.097, 324512.103],
              [203785.426, 324506.756],
              [203783.299999999988358, 324500.0],
              [203769.64000000001397, 324457.44],
              [203755.29, 324405.74],
              [203746.66, 324370.18],
              [203738.587999999988824, 324334.049999999988358],
              [203730.976, 324295.016],
              [203729.93, 324289.57],
              [203722.66, 324250.0],
              [203719.269999999989523, 324231.10999999998603],
              [203714.450000000011642, 324204.549999999988358],
              [203713.927, 324201.474999999976717],
              [203713.481, 324198.387999999977183],
              [203713.114, 324195.289999999979045],
              [203712.824, 324192.185],
              [203712.612, 324189.072999999974854],
              [203712.479, 324185.956],
              [203712.424, 324182.837999999988824],
              [203712.446999999985565, 324179.718],
              [203712.549, 324176.601000000024214],
              [203712.730000000010477, 324173.487000000022817],
              [203712.988000000012107, 324170.378000000026077],
              [203713.325000000011642, 324167.277],
              [203713.739, 324164.185999999986961],
              [203714.231, 324161.106000000028871],
              [203714.799999999988358, 324158.038999999989755],
              [203715.446, 324154.987000000022817],
              [203716.169, 324151.952999999979511],
              [203716.968, 324148.938000000023749],
              [203717.842, 324145.944000000017695],
              [203718.791, 324142.972],
              [203719.815, 324140.026000000012573],
              [203720.777, 324137.455000000016298],
              [203721.795000000012806, 324134.906000000017229],
              [203722.87, 324132.38],
              [203728.261, 324120.007999999972526],
              [203729.859, 324120.080000000016298],
              [203730.53, 324114.799999999988358],
              [203729.68, 324113.01],
              [203730.5, 324104.659999999974389],
              [203733.07, 324089.090000000025611],
              [203745.15, 324042.909999999974389],
              [203747.76, 324021.28000000002794],
              [203743.38, 324002.349999999976717],
              [203736.46, 323992.12],
              [203730.1, 323982.710000000020955],
              [203728.69, 323980.13],
              [203728.24, 323963.19],
              [203731.730000000010477, 323958.69],
              [203734.38, 323943.99],
              [203729.03, 323913.729999999981374],
              [203720.85999999998603, 323891.409999999974389],
              [203707.82, 323865.32],
              [203680.9, 323798.75],
              [203646.54, 323733.51],
              [203609.519999999989523, 323645.729999999981374],
              [203581.079999999987194, 323573.210000000020955],
              [203556.39000000001397, 323488.270000000018626],
              [203554.329999999987194, 323462.090000000025611],
              [203554.56, 323429.62],
              [203555.04, 323362.63],
              [203549.39000000001397, 323280.770000000018626],
              [203549.15, 323278.011999999987893],
              [203552.877, 323256.51],
              [203547.334, 323241.941999999980908],
              [203545.236, 323236.429],
              [203515.013, 323192.487000000022817],
              [203509.49, 323183.96999999997206],
              [203509.799999999988358, 323178.76],
              [203509.339, 323177.321],
              [203508.903, 323175.875],
              [203509.641, 323166.164999999979045],
              [203510.211000000010245, 323151.064000000013039],
              [203507.826, 323133.71999999997206],
              [203505.151000000012573, 323121.276000000012573],
              [203502.922, 323106.782],
              [203501.017, 323100.628000000026077],
              [203500.82, 323098.090000000025611],
              [203496.24, 323076.31],
              [203495.538, 323054.168],
              [203496.128999999986263, 323047.19],
              [203496.15, 323043.550999999977648],
              [203495.761999999987893, 323039.598],
              [203495.093, 323036.231000000028871],
              [203494.957, 323035.819000000017695],
              [203494.91, 323034.349999999976717],
              [203494.348999999987427, 323030.199000000022352],
              [203493.744, 323026.054],
              [203493.094000000011874, 323021.916000000026543],
              [203492.615, 323019.042000000015832],
              [203494.853, 323015.042000000015832],
              [203496.975, 323010.957999999984168],
              [203498.378999999986263, 323007.608],
              [203500.109, 323002.96999999997206],
              [203501.027, 322999.746999999973923],
              [203501.552, 322997.311999999976251],
              [203501.655999999988126, 322992.538],
              [203501.525, 322990.762999999977183],
              [203501.286, 322989.674999999988358],
              [203499.711000000010245, 322985.996999999973923],
              [203499.128, 322985.25099999998929],
              [203498.37, 322984.770000000018626],
              [203495.310999999986961, 322983.653999999980442],
              [203494.057, 322983.407],
              [203492.839, 322983.544],
              [203487.696, 322984.674999999988358],
              [203485.343, 322985.460000000020955],
              [203473.769999999989523, 322985.830000000016298],
              [203469.43, 322975.419999999983702],
              [203473.208000000013271, 322963.185],
              [203474.238000000012107, 322961.322999999974854],
              [203474.939000000013039, 322959.934],
              [203476.329999999987194, 322957.381],
              [203478.313, 322953.257999999972526],
              [203478.787000000011176, 322951.805999999982305],
              [203479.083000000013271, 322950.707],
              [203479.228, 322949.792000000015832],
              [203479.222, 322948.424],
              [203479.026000000012573, 322946.98599999997532],
              [203478.453, 322945.553000000014435],
              [203477.590999999985797, 322944.403999999980442],
              [203476.471, 322943.367000000027474],
              [203471.170000000012806, 322939.520000000018626],
              [203469.97, 322939.150000000023283],
              [203459.38, 322935.81],
              [203457.777, 322935.022999999986496],
              [203449.54, 322930.979999999981374],
              [203447.712999999988824, 322926.326],
              [203445.9, 322921.710000000020955],
              [203448.527, 322910.093],
              [203449.714, 322908.229],
              [203450.541999999986729, 322907.141],
              [203452.075000000011642, 322905.325000000011642],
              [203455.405999999988126, 322901.231000000028871],
              [203456.513, 322899.288],
              [203456.98499999998603, 322898.211000000010245],
              [203457.199, 322897.723],
              [203458.178000000014435, 322894.922000000020489],
              [203458.787000000011176, 322891.575000000011642],
              [203458.326, 322888.57],
              [203457.258, 322885.743000000016764],
              [203455.707, 322882.017],
              [203454.116, 322879.076],
              [203450.884, 322874.118000000016764],
              [203443.231999999989057, 322862.609],
              [203436.034000000014203, 322853.278],
              [203419.59, 322822.81],
              [203411.89000000001397, 322813.830000000016298],
              [203406.89000000001397, 322802.12],
              [203408.78, 322783.19],
              [203415.22, 322774.460000000020955],
              [203424.15, 322767.090000000025611],
              [203433.39000000001397, 322758.64000000001397],
              [203443.06, 322752.06],
              [203447.170000000012806, 322746.460000000020955],
              [203449.783, 322742.403999999980442],
              [203452.708000000013271, 322738.813000000023749],
              [203455.445, 322735.283],
              [203458.189000000013039, 322732.028],
              [203460.619, 322729.174999999988358],
              [203462.823, 322726.06],
              [203465.200000000011642, 322723.528999999980442],
              [203467.095, 322721.228],
              [203473.367, 322713.782],
              [203474.560999999986961, 322712.065],
              [203475.138, 322710.931999999971595],
              [203477.405999999988126, 322705.37300000002142],
              [203478.772999999986496, 322699.726000000024214],
              [203479.141, 322693.672000000020489],
              [203479.246000000013737, 322685.178000000014435],
              [203479.473, 322680.156000000017229],
              [203479.625, 322677.82],
              [203479.758, 322674.659999999974389],
              [203480.037000000011176, 322671.170999999972992],
              [203480.795000000012806, 322667.114],
              [203481.362, 322664.408],
              [203481.847, 322661.831],
              [203483.00700000001234, 322658.087999999988824],
              [203484.136999999987893, 322655.200000000011642],
              [203484.431000000011409, 322654.354999999981374],
              [203486.231, 322650.020000000018626],
              [203486.915, 322648.202],
              [203487.008, 322647.881999999983236],
              [203487.179, 322646.588999999978114],
              [203487.231999999989057, 322646.066],
              [203487.223, 322645.721000000019558],
              [203487.076, 322644.838999999978114],
              [203485.962, 322642.291000000026543],
              [203485.166, 322640.945],
              [203484.211000000010245, 322639.549],
              [203482.924999999988358, 322638.189000000013039],
              [203480.415, 322636.120999999984633],
              [203479.584, 322635.297000000020489],
              [203477.692000000010012, 322634.25199999997858],
              [203474.873, 322632.533999999985099],
              [203472.913, 322631.597],
              [203470.855000000010477, 322630.721000000019558],
              [203465.878, 322628.571],
              [203463.315, 322627.495],
              [203459.095, 322625.523999999975786],
              [203456.094000000011874, 322623.810999999986961],
              [203453.22, 322622.087],
              [203450.761, 322620.65500000002794],
              [203448.353, 322619.286000000021886],
              [203446.221, 322618.00199999997858],
              [203442.935999999986961, 322615.93],
              [203440.13200000001234, 322613.950000000011642],
              [203438.276000000012573, 322612.658999999985099],
              [203434.028, 322609.257999999972526],
              [203426.946999999985565, 322603.591000000014901],
              [203423.321, 322601.153],
              [203422.646, 322600.036000000021886],
              [203422.581, 322599.424],
              [203422.678000000014435, 322597.653],
              [203422.818999999988591, 322596.00199999997858],
              [203422.848, 322593.767],
              [203423.057999999989988, 322591.767],
              [203423.065, 322590.090000000025611],
              [203423.106999999989057, 322588.074000000022352],
              [203422.729, 322585.674],
              [203422.605000000010477, 322583.254000000015367],
              [203422.647999999986496, 322580.757999999972526],
              [203423.121000000013737, 322575.441],
              [203423.651000000012573, 322572.982000000018161],
              [203424.214, 322570.185],
              [203424.527, 322568.31],
              [203424.752, 322565.239],
              [203424.937, 322562.234],
              [203425.231999999989057, 322559.957],
              [203425.203, 322557.386999999987893],
              [203425.222, 322554.786000000021886],
              [203425.041999999986729, 322552.691999999980908],
              [203425.131, 322551.456],
              [203424.967, 322550.00199999997858],
              [203424.761999999987893, 322547.949000000022352],
              [203424.519999999989523, 322545.906000000017229],
              [203423.983, 322544.185999999986961],
              [203422.681000000011409, 322538.590000000025611],
              [203422.373, 322537.555999999982305],
              [203422.412000000011176, 322536.588999999978114],
              [203422.734, 322535.412000000011176],
              [203422.904, 322534.858],
              [203423.602000000013504, 322533.797000000020489],
              [203424.602000000013504, 322532.927000000025146],
              [203425.399, 322532.13900000002468],
              [203426.096, 322531.556999999971595],
              [203426.831, 322530.82],
              [203427.962999999988824, 322529.642],
              [203428.794, 322528.755],
              [203429.635, 322527.755],
              [203430.74299999998766, 322526.141],
              [203431.529, 322524.896],
              [203432.601, 322522.718999999982771],
              [203433.106999999989057, 322520.727000000013504],
              [203433.538999999989755, 322519.137999999977183],
              [203433.692000000010012, 322516.803000000014435],
              [203434.090999999985797, 322514.742000000027474],
              [203434.32, 322513.23599999997532],
              [203434.772, 322512.14000000001397],
              [203435.284000000014203, 322510.661000000021886],
              [203436.028, 322509.148999999975786],
              [203436.479, 322508.292000000015832],
              [203437.525, 322506.729],
              [203438.295000000012806, 322505.745],
              [203439.404, 322504.462999999988824],
              [203440.259, 322503.44],
              [203441.435, 322501.71999999997206],
              [203442.361, 322500.443000000028405],
              [203444.017, 322497.674],
              [203445.842, 322493.782],
              [203446.646, 322492.12699999997858],
              [203447.231999999989057, 322490.48599999997532],
              [203448.643000000010943, 322486.631],
              [203449.264, 322484.740999999979977],
              [203449.369, 322483.577],
              [203449.709, 322481.99],
              [203449.978, 322480.898999999975786],
              [203450.276000000012573, 322479.854999999981374],
              [203450.74, 322478.977000000013504],
              [203451.471, 322478.056999999971595],
              [203452.579, 322477.01400000002468],
              [203453.576, 322476.052000000025146],
              [203454.693999999988591, 322475.37599999998929],
              [203455.677, 322475.006],
              [203456.61799999998766, 322474.609],
              [203457.826, 322474.169],
              [203458.926, 322473.662000000011176],
              [203460.048, 322473.168],
              [203461.464, 322472.020000000018626],
              [203462.787000000011176, 322470.87300000002142],
              [203464.709, 322469.113000000012107],
              [203465.907, 322467.737000000022817],
              [203468.498, 322464.867000000027474],
              [203470.068, 322462.854999999981374],
              [203472.685, 322459.041000000026543],
              [203474.496000000013737, 322456.550999999977648],
              [203475.46, 322455.356000000028871],
              [203477.234, 322452.783],
              [203478.88, 322449.887999999977183],
              [203480.188, 322447.199000000022352],
              [203481.424, 322444.526000000012573],
              [203483.115, 322441.179],
              [203484.372, 322438.428000000014435],
              [203485.288999999989755, 322435.974999999976717],
              [203486.579, 322432.315],
              [203487.526000000012573, 322429.340000000025611],
              [203488.23499999998603, 322427.023999999975786],
              [203489.169, 322422.93],
              [203490.524, 322417.119],
              [203491.297, 322413.043],
              [203492.121000000013737, 322407.076],
              [203492.36799999998766, 322402.878000000026077],
              [203492.458000000013271, 322399.121999999973923],
              [203492.397999999986496, 322395.601000000024214],
              [203492.547, 322391.370999999984633],
              [203492.53, 322388.118000000016764],
              [203492.76500000001397, 322383.701],
              [203492.85, 322378.049999999988358],
              [203493.231999999989057, 322374.686999999976251],
              [203493.553000000014435, 322369.185],
              [203494.008, 322366.229],
              [203494.601, 322363.148999999975786],
              [203495.715, 322358.295999999972992],
              [203496.593, 322354.526000000012573],
              [203497.473, 322351.327],
              [203498.903, 322346.733],
              [203500.397, 322342.75],
              [203502.123, 322339.064000000013039],
              [203503.405999999988126, 322335.939000000013039],
              [203505.158, 322332.689000000013039],
              [203507.047, 322329.316],
              [203509.136, 322326.009000000020023],
              [203510.916, 322323.618000000016764],
              [203512.734, 322321.071],
              [203514.795000000012806, 322317.806999999971595],
              [203516.833000000013271, 322315.007999999972526],
              [203518.709, 322313.128000000026077],
              [203520.606, 322311.170999999972992],
              [203522.692000000010012, 322308.913999999989755],
              [203524.329999999987194, 322307.033],
              [203525.807999999989988, 322305.593999999982771],
              [203527.396, 322303.413],
              [203528.791, 322302.01],
              [203530.268000000010943, 322299.908999999985099],
              [203531.590999999985797, 322298.101000000024214],
              [203532.601, 322296.215000000025611],
              [203533.682, 322292.934],
              [203534.674, 322289.98499999998603],
              [203535.524, 322287.068000000028405],
              [203536.062, 322284.554],
              [203536.698, 322281.50199999997858],
              [203537.155, 322278.305999999982305],
              [203537.50700000001234, 322275.466000000014901],
              [203537.87, 322272.180999999982305],
              [203538.13, 322270.153],
              [203538.584, 322267.104999999981374],
              [203538.945, 322265.201],
              [203539.676, 322261.99900000001071],
              [203540.823, 322257.617000000027474],
              [203541.709, 322253.552000000025146],
              [203544.397999999986496, 322244.348],
              [203546.529, 322238.215000000025611],
              [203547.967, 322235.129000000015367],
              [203548.931000000011409, 322232.794],
              [203550.086000000010245, 322230.25],
              [203550.953, 322228.544999999983702],
              [203553.274, 322224.393999999971129],
              [203554.519, 322222.658],
              [203555.992, 322220.375],
              [203557.60999999998603, 322218.332999999984168],
              [203559.84, 322215.326],
              [203562.438, 322212.162000000011176],
              [203564.200000000011642, 322209.94],
              [203565.544, 322208.477000000013504],
              [203567.079, 322207.044],
              [203569.074, 322205.120999999984633],
              [203569.704999999987194, 322204.738000000012107],
              [203570.766, 322204.056999999971595],
              [203572.29, 322202.737000000022817],
              [203574.24, 322201.833999999973457],
              [203575.57, 322201.202999999979511],
              [203577.682, 322200.044],
              [203579.381, 322199.494],
              [203580.782, 322199.507999999972526],
              [203582.187, 322199.613000000012107],
              [203583.363000000012107, 322199.794],
              [203585.392, 322200.563000000023749],
              [203587.76, 322202.121999999973923],
              [203589.442000000010012, 322203.865],
              [203590.339, 322205.282],
              [203592.409000000014203, 322209.941],
              [203593.358, 322216.728],
              [203593.223999999987427, 322221.108],
              [203592.691, 322225.583999999973457],
              [203589.50099999998929, 322240.598],
              [203589.559, 322242.297000000020489],
              [203589.9, 322244.342],
              [203590.916, 322247.566999999980908],
              [203591.75700000001234, 322249.534999999974389],
              [203593.628999999986263, 322252.076],
              [203594.814000000013039, 322253.158],
              [203595.996000000013737, 322253.881],
              [203602.685, 322256.85999999998603],
              [203607.37400000001071, 322257.461000000010245],
              [203610.662000000011176, 322257.157],
              [203613.606999999989057, 322256.397],
              [203621.848999999987427, 322252.509000000020023],
              [203625.162000000011176, 322250.62599999998929],
              [203630.946, 322245.989],
              [203636.079999999987194, 322241.24800000002142],
              [203643.114, 322234.956],
              [203653.96, 322223.329000000027008],
              [203655.986, 322220.347],
              [203664.997, 322204.083999999973457],
              [203669.457, 322194.411000000021886],
              [203672.157, 322186.03000000002794],
              [203672.956, 322182.304],
              [203673.432999999989988, 322178.927000000025146],
              [203673.862, 322171.636],
              [203673.886999999987893, 322169.68],
              [203673.791999999986729, 322167.743000000016764],
              [203672.934, 322163.772],
              [203670.659000000014203, 322156.517],
              [203669.74900000001071, 322152.571],
              [203668.939000000013039, 322148.09499999997206],
              [203668.502, 322144.253000000026077],
              [203668.761999999987893, 322136.666000000026543],
              [203668.946, 322135.954000000027008],
              [203669.919, 322134.033999999985099],
              [203671.445, 322132.224999999976717],
              [203679.807999999989988, 322126.362000000022817],
              [203681.125, 322125.74800000002142],
              [203698.139, 322121.060999999986961],
              [203699.805, 322120.21999999997206],
              [203701.306000000011409, 322119.441999999980908],
              [203702.768000000010943, 322118.261999999987893],
              [203703.892, 322116.739],
              [203705.429, 322114.112000000022817],
              [203705.76, 322113.191999999980908],
              [203705.927, 322112.335000000020955],
              [203705.908, 322111.340000000025611],
              [203705.775, 322108.895000000018626],
              [203704.696999999985565, 322105.805999999982305],
              [203703.454999999987194, 322103.329000000027008],
              [203702.823, 322102.359],
              [203689.25700000001234, 322083.59499999997206],
              [203688.134, 322081.582999999984168],
              [203687.310999999986961, 322079.512999999977183],
              [203686.852000000013504, 322077.305999999982305],
              [203686.769, 322076.088999999978114],
              [203687.253, 322071.50099999998929],
              [203689.85999999998603, 322068.143999999971129],
              [203695.268000000010943, 322061.291000000026543],
              [203699.478, 322055.483],
              [203701.962, 322051.977000000013504],
              [203707.25700000001234, 322044.212999999988824],
              [203707.393000000010943, 322042.288],
              [203707.567000000010012, 322039.636999999987893],
              [203707.795000000012806, 322036.898999999975786],
              [203707.689000000013039, 322033.742000000027474],
              [203706.948, 322029.973999999987427],
              [203706.084, 322027.207],
              [203704.813, 322024.51500000001397],
              [203703.24, 322021.87400000001071],
              [203701.545000000012806, 322019.093999999982771],
              [203698.76500000001397, 322014.60999999998603],
              [203696.918, 322011.40500000002794],
              [203695.405999999988126, 322008.951],
              [203692.984, 322005.564000000013039],
              [203690.916, 322002.757999999972526],
              [203689.173, 322000.338999999978114],
              [203687.439000000013039, 321998.286000000021886],
              [203681.951, 321992.245],
              [203680.722, 321990.63],
              [203680.256, 321988.896],
              [203679.497, 321986.916000000026543],
              [203677.783, 321984.545999999972992],
              [203675.565, 321981.977000000013504],
              [203672.862, 321979.462],
              [203669.853, 321977.386],
              [203667.231999999989057, 321975.882999999972526],
              [203664.402, 321974.517999999981839],
              [203662.098, 321973.606000000028871],
              [203659.151000000012573, 321972.618000000016764],
              [203657.12599999998929, 321971.642],
              [203653.095, 321969.521],
              [203649.006, 321967.063000000023749],
              [203646.18, 321964.981000000028871],
              [203642.843, 321962.427000000025146],
              [203640.488000000012107, 321960.311999999976251],
              [203637.679, 321957.731000000028871],
              [203635.138, 321954.63],
              [203633.37, 321952.585000000020955],
              [203631.774, 321949.838999999978114],
              [203631.057999999989988, 321948.457],
              [203630.622, 321947.342],
              [203630.37599999998929, 321946.167000000015832],
              [203629.703, 321944.571999999985565],
              [203629.141, 321942.566999999980908],
              [203629.019, 321940.71999999997206],
              [203629.021, 321939.672000000020489],
              [203628.961000000010245, 321938.343999999982771],
              [203628.994, 321936.775000000023283],
              [203629.053000000014435, 321935.731000000028871],
              [203629.248, 321934.474999999976717],
              [203630.437, 321930.934],
              [203630.794, 321929.658],
              [203631.381, 321928.018999999971129],
              [203631.908, 321925.951],
              [203632.230000000010477, 321924.113000000012107],
              [203632.563, 321922.734],
              [203632.937, 321920.718999999982771],
              [203633.295000000012806, 321918.304],
              [203633.416, 321916.31],
              [203633.779, 321912.129000000015367],
              [203634.071999999985565, 321910.243000000016764],
              [203634.49, 321908.587],
              [203635.253999999986263, 321906.99800000002142],
              [203636.026000000012573, 321906.01500000001397],
              [203636.638, 321905.379000000015367],
              [203637.696999999985565, 321904.938000000023749],
              [203638.780999999988126, 321904.362000000022817],
              [203639.445, 321904.119],
              [203641.721, 321904.503000000026077],
              [203642.74, 321905.026000000012573],
              [203643.278, 321905.455000000016298],
              [203644.209, 321906.071999999985565],
              [203644.979, 321906.467],
              [203645.786, 321906.946],
              [203646.886999999987893, 321907.340000000025611],
              [203648.096, 321907.561999999976251],
              [203649.451, 321907.696],
              [203650.602000000013504, 321907.490999999979977],
              [203651.695, 321907.039999999979045],
              [203652.685, 321906.614],
              [203653.728, 321906.102000000013504],
              [203654.441, 321905.591000000014901],
              [203655.678000000014435, 321904.631],
              [203656.585, 321904.00099999998929],
              [203657.554, 321903.561999999976251],
              [203658.893000000010943, 321903.055999999982305],
              [203659.585, 321902.862000000022817],
              [203661.057, 321902.288999999989755],
              [203664.162000000011176, 321902.027],
              [203665.193999999988591, 321901.62699999997858],
              [203666.151000000012573, 321901.299999999988358],
              [203666.96, 321900.968999999982771],
              [203667.552, 321900.413],
              [203668.316, 321899.723999999987427],
              [203668.61799999998766, 321899.104],
              [203668.981999999989057, 321898.194000000017695],
              [203669.286, 321897.335000000020955],
              [203669.38, 321896.615],
              [203669.522, 321895.773999999975786],
              [203669.730000000010477, 321894.734],
              [203670.141, 321891.994],
              [203670.663999999989755, 321889.743000000016764],
              [203671.396, 321886.87300000002142],
              [203671.978, 321885.049],
              [203672.802, 321881.939000000013039],
              [203673.453, 321877.729],
              [203673.962, 321874.359],
              [203674.146, 321871.833999999973457],
              [203674.473, 321865.379000000015367],
              [203675.552, 321860.298],
              [203676.155, 321859.058000000019092],
              [203676.803000000014435, 321857.935999999986961],
              [203677.976, 321856.12599999998929],
              [203678.883, 321854.686999999976251],
              [203679.779, 321853.032],
              [203680.606999999989057, 321851.243000000016764],
              [203681.239, 321849.481000000028871],
              [203682.304, 321846.131],
              [203682.964, 321844.327],
              [203684.269999999989523, 321841.398999999975786],
              [203686.086000000010245, 321838.283],
              [203687.892, 321835.60999999998603],
              [203689.541999999986729, 321833.46999999997206],
              [203690.174999999988358, 321832.608],
              [203691.195, 321831.75099999998929],
              [203692.184, 321830.754000000015367],
              [203693.105000000010477, 321829.864],
              [203693.815, 321829.261],
              [203694.636999999987893, 321828.669],
              [203695.489, 321828.12599999998929],
              [203696.306000000011409, 321827.261],
              [203697.011, 321826.474999999976717],
              [203698.093, 321824.995],
              [203699.677, 321822.723],
              [203730.394, 321773.40500000002794],
              [203730.692000000010012, 321772.677000000025146],
              [203732.076, 321769.78000000002794],
              [203733.323, 321766.550999999977648],
              [203734.456, 321762.641],
              [203735.780999999988126, 321758.135],
              [203736.983, 321752.158999999985099],
              [203737.404, 321748.009000000020023],
              [203737.628999999986263, 321743.031000000017229],
              [203737.662000000011176, 321737.712],
              [203736.161, 321726.979],
              [203735.903, 321724.994],
              [203734.924, 321720.86099999997532],
              [203732.816, 321716.566],
              [203730.799999999988358, 321712.938000000023749],
              [203725.533, 321704.966000000014901],
              [203722.82, 321700.895000000018626],
              [203720.641, 321696.885],
              [203717.950000000011642, 321691.443000000028405],
              [203717.25099999998929, 321688.01],
              [203715.782, 321678.74800000002142],
              [203714.15, 321666.022999999986496],
              [203714.372, 321655.549999999988358],
              [203715.72, 321647.077],
              [203718.268000000010943, 321639.237000000022817],
              [203721.564000000013039, 321631.35999999998603],
              [203723.721, 321627.63],
              [203727.578, 321620.886999999987893],
              [203728.924999999988358, 321618.178000000014435],
              [203731.647999999986496, 321612.267],
              [203734.712999999988824, 321607.28000000002794],
              [203737.435999999986961, 321605.169999999983702],
              [203741.700000000011642, 321603.863000000012107],
              [203746.134, 321604.450000000011642],
              [203751.1, 321607.691],
              [203757.325000000011642, 321612.599999999976717],
              [203760.201, 321616.297000000020489],
              [203761.411, 321620.495],
              [203761.449, 321628.12599999998929],
              [203761.230000000010477, 321636.94],
              [203763.875, 321646.87699999997858],
              [203766.87, 321653.794],
              [203772.358, 321660.012999999977183],
              [203775.296, 321662.772],
              [203778.837, 321664.886],
              [203782.439000000013039, 321666.457],
              [203785.809, 321667.471000000019558],
              [203790.707, 321668.543],
              [203792.901000000012573, 321668.843999999982771],
              [203795.984, 321668.429],
              [203801.060999999986961, 321667.347],
              [203803.579999999987194, 321666.454000000027008],
              [203806.641, 321664.854999999981374],
              [203806.9, 321664.652],
              [203810.509, 321660.696999999985565],
              [203814.009, 321655.340000000025611],
              [203816.855000000010477, 321649.208999999973457],
              [203820.283, 321641.993000000016764],
              [203823.693, 321634.311999999976251],
              [203827.712999999988824, 321626.712],
              [203832.514, 321619.609],
              [203837.784000000014203, 321614.092],
              [203844.85999999998603, 321608.227000000013504],
              [203850.560999999986961, 321605.957999999984168],
              [203852.813, 321605.038999999989755],
              [203855.212, 321605.152],
              [203857.384, 321606.049],
              [203858.419, 321606.930999999982305],
              [203860.125, 321608.025000000023283],
              [203863.672, 321609.701],
              [203868.353, 321611.934],
              [203873.025, 321614.492000000027474],
              [203879.144999999989523, 321618.392],
              [203883.195, 321621.73599999997532],
              [203888.905, 321629.01],
              [203891.717, 321632.935],
              [203893.862, 321635.835000000020955],
              [203896.21, 321638.571],
              [203899.426, 321641.048],
              [203903.695, 321643.664999999979045],
              [203907.939000000013039, 321645.87300000002142],
              [203911.988000000012107, 321647.163999999989755],
              [203919.163, 321648.699000000022352],
              [203924.288999999989755, 321648.48599999997532],
              [203929.496000000013737, 321647.483],
              [203935.454999999987194, 321644.966000000014901],
              [203940.56, 321641.479],
              [203944.402, 321638.072999999974854],
              [203948.583000000013271, 321633.81],
              [203951.014, 321631.109],
              [203956.282, 321624.836000000010245],
              [203962.356999999989057, 321616.031000000017229],
              [203963.506, 321613.972],
              [203964.62400000001071, 321610.533999999985099],
              [203966.446, 321604.222],
              [203965.888, 321598.261999999987893],
              [203964.636999999987893, 321594.306999999971595],
              [203962.342, 321591.004000000015367],
              [203959.332, 321587.821],
              [203955.568, 321586.420999999972992],
              [203946.302, 321583.289999999979045],
              [203942.0, 321581.615999999979977],
              [203936.94, 321579.006],
              [203930.722, 321574.315],
              [203927.829, 321571.36099999997532],
              [203925.055, 321567.916000000026543],
              [203920.961000000010245, 321561.914999999979045],
              [203918.866, 321557.691],
              [203916.181000000011409, 321551.527],
              [203915.738000000012107, 321549.055],
              [203917.063, 321548.080000000016298],
              [203919.603, 321547.717],
              [203922.01500000001397, 321547.901000000012573],
              [203925.492, 321547.446999999985565],
              [203928.481, 321546.332],
              [203935.894, 321543.049999999988358],
              [203939.581, 321541.349999999976717],
              [203944.677, 321538.281000000017229],
              [203951.223, 321533.960000000020955],
              [203955.329, 321530.522],
              [203958.666, 321527.196999999985565],
              [203962.769, 321522.066999999980908],
              [203968.926, 321514.527],
              [203977.04, 321506.68],
              [203982.965999999985797, 321502.784999999974389],
              [203993.381, 321496.40500000002794],
              [203997.779, 321493.830000000016298],
              [204003.668, 321489.093999999982771],
              [204004.385, 321488.572999999974854],
              [204009.666, 321484.73499999998603],
              [204014.986, 321481.153],
              [204019.471, 321479.028999999980442],
              [204022.393000000010943, 321477.476000000024214],
              [204026.029, 321475.983],
              [204032.782, 321473.944000000017695],
              [204036.981, 321473.314000000013039],
              [204040.784000000014203, 321472.778999999980442],
              [204043.875, 321471.913],
              [204046.96, 321470.922000000020489],
              [204049.54, 321469.740999999979977],
              [204051.935, 321468.162000000011176],
              [204055.786, 321465.63900000002468],
              [204058.424999999988358, 321463.832999999984168],
              [204061.339, 321462.335000000020955],
              [204063.314000000013039, 321461.467],
              [204064.426, 321461.072999999974854],
              [204066.546, 321460.304],
              [204067.74, 321459.966000000014901],
              [204069.568, 321459.36099999997532],
              [204071.725, 321458.224999999976717],
              [204076.003, 321456.13900000002468],
              [204079.147, 321454.525000000023283],
              [204081.744, 321452.961000000010245],
              [204085.494, 321449.825000000011642],
              [204088.74900000001071, 321447.197999999974854],
              [204091.377, 321444.962999999988824],
              [204096.329999999987194, 321440.316],
              [204102.709, 321433.647],
              [204104.185999999986961, 321431.418],
              [204105.177, 321429.283],
              [204106.621000000013737, 321425.76400000002468],
              [204107.557, 321422.325000000011642],
              [204108.085, 321419.936999999976251],
              [204108.291999999986729, 321416.819000000017695],
              [204108.13, 321414.933000000019092],
              [204108.105000000010477, 321414.642],
              [204107.828, 321412.193000000028405],
              [204107.244, 321409.083999999973457],
              [204106.996000000013737, 321406.414999999979045],
              [204106.695, 321403.647],
              [204106.86799999998766, 321400.26500000001397],
              [204107.005, 321398.346000000019558],
              [204107.028, 321398.021],
              [204108.511, 321394.711000000010245],
              [204110.166, 321391.636999999987893],
              [204111.592, 321389.886],
              [204112.996000000013737, 321388.211000000010245],
              [204114.76500000001397, 321387.112000000022817],
              [204116.324, 321386.055],
              [204118.889, 321385.072999999974854],
              [204125.858, 321383.593999999982771],
              [204126.571, 321383.443000000028405],
              [204133.505, 321381.398999999975786],
              [204139.954999999987194, 321379.267999999981839],
              [204144.865, 321377.452],
              [204147.994, 321376.216000000014901],
              [204153.280999999988126, 321373.841000000014901],
              [204160.384, 321369.853],
              [204166.191, 321366.707999999984168],
              [204170.171, 321365.195],
              [204173.909000000014203, 321363.549999999988358],
              [204177.465999999985797, 321362.262999999977183],
              [204183.581, 321360.495999999984633],
              [204187.105000000010477, 321360.060999999986961],
              [204191.60999999998603, 321359.468999999982771],
              [204194.196, 321359.216000000014901],
              [204196.337999999988824, 321358.816],
              [204199.631, 321357.74],
              [204201.204999999987194, 321357.197999999974854],
              [204203.214, 321356.283],
              [204205.419, 321354.897999999986496],
              [204212.91, 321342.00199999997858],
              [204215.161, 321338.047000000020489],
              [204216.086000000010245, 321336.420999999972992],
              [204220.24900000001071, 321328.935],
              [204230.340999999985797, 321307.712],
              [204231.177, 321305.62300000002142],
              [204237.57, 321289.294],
              [204268.476, 321199.436999999976251],
              [204260.367, 321173.36099999997532],
              [204256.008, 321159.384000000020023],
              [204221.992, 321096.326],
              [204207.199, 321083.00199999997858],
              [204120.484, 320963.776000000012573],
              [204147.924, 320928.186999999976251],
              [204164.702, 320906.37],
              [204166.598999999987427, 320903.476000000024214],
              [204189.048, 320872.270000000018626],
              [204209.206, 320832.924999999988358],
              [204232.009, 320774.359],
              [204234.162000000011176, 320768.829000000027008],
              [204238.737, 320763.5],
              [204239.356999999989057, 320761.577999999979511],
              [204279.71, 320636.590000000025611],
              [204337.85, 320527.340000000025611],
              [204335.950000000011642, 320512.409999999974389],
              [204335.494, 320512.174999999988358],
              [204329.255, 320508.087],
              [204286.016, 320480.174999999988358],
              [204207.980000000010477, 320429.799999999988358],
              [204200.79, 320420.24],
              [204215.519999999989523, 320391.539999999979045],
              [204229.01, 320374.909999999974389],
              [204233.13, 320368.049999999988358],
              [204235.01, 320359.93],
              [204235.555, 320356.979],
              [204239.200000000011642, 320337.25],
              [204242.769999999989523, 320306.169999999983702],
              [204243.084, 320297.120999999984633],
              [204243.85999999998603, 320274.789999999979045],
              [204242.269999999989523, 320243.539999999979045],
              [204238.12, 320212.549999999988358],
              [204231.26, 320181.849999999976717],
              [204222.04, 320152.039999999979045],
              [204210.28, 320122.979999999981374],
              [204208.064000000013039, 320118.136999999987893],
              [204179.005, 320054.634000000020023],
              [204178.346, 320053.195],
              [204165.582, 320025.300999999977648],
              [204157.867, 320008.441999999980908],
              [204157.612, 320007.884000000020023],
              [204151.505, 319994.536000000021886],
              [204144.336000000010245, 319978.871999999973923],
              [204138.962999999988824, 319967.131],
              [204133.6, 319955.409999999974389],
              [204116.66, 319916.21999999997206],
              [204039.14000000001397, 319736.619],
              [204019.420000000012806, 319690.93],
              [204019.103, 319690.196],
              [204014.64000000001397, 319679.85999999998603],
              [203992.911, 319675.462999999988824],
              [203988.84, 319674.64000000001397],
              [203966.182999999989988, 319669.39000000001397],
              [203944.707, 319664.413999999989755],
              [203925.372, 319659.934],
              [203912.32, 319656.909999999974389],
              [203905.774, 319655.694000000017695],
              [203886.97, 319652.200000000011642],
              [203884.021, 319651.705000000016298],
              [203848.134, 319645.685],
              [203848.136999999987893, 319644.037000000011176],
              [203848.163, 319627.402],
              [203848.204, 319601.69],
              [203848.329999999987194, 319523.378000000026077],
              [203848.409000000014203, 319456.168],
              [203848.41, 319455.28000000002794],
              [203848.378999999986263, 319452.848],
              [203848.35999999998603, 319451.340000000025611],
              [203851.25, 319438.384000000020023],
              [203851.227000000013504, 319434.76400000002468],
              [203851.170000000012806, 319425.38],
              [203847.48499999998603, 319422.84499999997206],
              [203846.503999999986263, 319422.170999999972992],
              [203811.269999999989523, 319397.94],
              [203626.39000000001397, 319269.01],
              [203624.192000000010012, 319267.463999999978114],
              [203622.038999999989755, 319265.857000000018161],
              [203619.931000000011409, 319264.19],
              [203617.872, 319262.463999999978114],
              [203615.862, 319260.68],
              [203613.904, 319258.841000000014901],
              [203611.998, 319256.946999999985565],
              [203610.146, 319255.0],
              [203608.35, 319253.00099999998929],
              [203606.611, 319250.952],
              [203604.931000000011409, 319248.856000000028871],
              [203603.31, 319246.712],
              [203601.75099999998929, 319244.523999999975786],
              [203600.253, 319242.293],
              [203598.82, 319240.020000000018626],
              [203595.856, 319234.897],
              [203593.738000000012107, 319231.718],
              [203592.404, 319228.82],
              [203590.950000000011642, 319225.343],
              [203589.611, 319221.743000000016764],
              [203587.524, 319214.983],
              [203586.549999999988358, 319211.026000000012573],
              [203585.768000000010943, 319207.161000000021886],
              [203584.198, 319196.245999999984633],
              [203572.547, 319111.055999999982305],
              [203569.639, 319089.988000000012107],
              [203565.222, 319057.742000000027474],
              [203552.872, 318967.976000000024214],
              [203553.462, 318968.022999999986496],
              [203507.09, 318630.13],
              [203468.68, 318315.299999999988358],
              [203441.13200000001234, 318088.762999999977183],
              [203422.829999999987194, 317938.26],
              [203389.06, 317659.69],
              [203384.25, 317637.96999999997206],
              [203378.06, 317639.19],
              [203375.84, 317640.39000000001397],
              [203375.503, 317640.555999999982305],
              [203374.769999999989523, 317640.919999999983702],
              [203354.799999999988358, 317653.806999999971595],
              [203352.89000000001397, 317655.039999999979045],
              [203345.215999999985797, 317659.87],
              [203335.269999999989523, 317666.13],
              [203334.676, 317666.538999999989755],
              [203331.926, 317668.433000000019092],
              [203312.21, 317682.01400000002468],
              [203308.66, 317684.460000000020955],
              [203300.79, 317689.950000000011642],
              [203297.274, 317692.256],
              [203279.19, 317704.120999999984633],
              [203279.01, 317704.24],
              [203273.47, 317708.26],
              [203270.048, 317710.517],
              [203260.821999999985565, 317716.379000000015367],
              [203259.646, 317717.147],
              [203248.864, 317723.034999999974389],
              [203243.665, 317725.772999999986496],
              [203237.780999999988126, 317728.870999999984633],
              [203229.038, 317733.478],
              [203217.827, 317739.382999999972526],
              [203212.85999999998603, 317742.0],
              [203205.712999999988824, 317745.262999999977183],
              [203205.63, 317745.300999999977648],
              [203190.578, 317752.175999999977648],
              [203179.142, 317757.397999999986496],
              [203167.583000000013271, 317762.678000000014435],
              [203164.799999999988358, 317763.950000000011642],
              [203158.731, 317767.340000000025611],
              [203144.115, 317775.505],
              [203136.134, 317779.963999999978114],
              [203129.16, 317783.85999999998603],
              [203080.41, 317808.830000000016298],
              [203070.09, 317812.580000000016298],
              [203060.692000000010012, 317816.85999999998603],
              [203053.25, 317820.25],
              [203044.829999999987194, 317824.299999999988358],
              [203036.549, 317828.202999999979511],
              [203013.172, 317839.21999999997206],
              [203012.62, 317839.479999999981374],
              [203004.878999999986263, 317842.875],
              [202981.788999999989755, 317853.00199999997858],
              [202979.187, 317854.142999999981839],
              [202976.913999999989755, 317855.14000000001397],
              [202974.163999999989755, 317856.346000000019558],
              [202958.153, 317863.368000000016764],
              [202951.50099999998929, 317866.284999999974389],
              [202944.006, 317869.571999999985565],
              [202936.207, 317872.993000000016764],
              [202929.261999999987893, 317876.038999999989755],
              [202914.347, 317882.526000000012573],
              [202903.103, 317888.862000000022817],
              [202896.549999999988358, 317892.553000000014435],
              [202894.172, 317893.892],
              [202891.628, 317895.329000000027008],
              [202887.302, 317897.766],
              [202879.806000000011409, 317902.113000000012107],
              [202872.742, 317905.979999999981374],
              [202846.859, 317917.559],
              [202815.662000000011176, 317931.387999999977183],
              [202801.670000000012806, 317937.590000000025611],
              [202786.560999999986961, 317944.141],
              [202757.296, 317956.829000000027008],
              [202742.884, 317963.077],
              [202739.74, 317964.44],
              [202728.337, 317970.87],
              [202691.393000000010943, 317991.705000000016298],
              [202681.26, 317997.419999999983702],
              [202665.437, 318000.511999999987893],
              [202661.028, 318002.897],
              [202657.886999999987893, 318006.023999999975786],
              [202657.215, 318006.647999999986496],
              [202655.945, 318009.119],
              [202651.450000000011642, 318012.281000000017229],
              [202645.386, 318014.488000000012107],
              [202640.303000000014435, 318016.543],
              [202638.159000000014203, 318016.547000000020489],
              [202636.65, 318021.601000000024214],
              [202634.788999999989755, 318024.447999999974854],
              [202633.014, 318027.003000000026077],
              [202630.318, 318031.924999999988358],
              [202627.74900000001071, 318032.733],
              [202625.926, 318034.131999999983236],
              [202625.188, 318036.322999999974854],
              [202622.598, 318038.566999999980908],
              [202621.741, 318039.185],
              [202620.487, 318040.091000000014901],
              [202617.688, 318040.333999999973457],
              [202613.60999999998603, 318040.267],
              [202609.456, 318043.819000000017695],
              [202605.66, 318044.848],
              [202601.867, 318044.362000000022817],
              [202600.538, 318045.706],
              [202595.871000000013737, 318048.471000000019558],
              [202590.666999999986729, 318047.271],
              [202586.434, 318046.593],
              [202584.511999999987893, 318047.51500000001397],
              [202580.74, 318047.98499999998603],
              [202579.263, 318047.452],
              [202576.978, 318042.093],
              [202576.497, 318040.947999999974854],
              [202574.182, 318041.976000000024214],
              [202573.529, 318042.266],
              [202572.480000000010477, 318043.37],
              [202568.701, 318043.791000000026543],
              [202567.24900000001071, 318044.244],
              [202564.441, 318045.843],
              [202563.095, 318050.723999999987427],
              [202560.352000000013504, 318050.74900000001071],
              [202558.799999999988358, 318050.256999999983236],
              [202557.191, 318051.033999999985099],
              [202551.266, 318052.003000000026077],
              [202549.937, 318051.884000000020023],
              [202542.219000000011874, 318052.433000000019092],
              [202537.932, 318051.881999999983236],
              [202536.448, 318053.897],
              [202535.783, 318056.365],
              [202532.063, 318060.555],
              [202527.682999999989988, 318059.772],
              [202527.31, 318058.661000000021886],
              [202523.980000000010477, 318056.941999999980908],
              [202521.456, 318057.945],
              [202522.115, 318059.62300000002142],
              [202520.647, 318063.12],
              [202518.75099999998929, 318064.962],
              [202514.613000000012107, 318065.581],
              [202511.067000000010012, 318067.26500000001397],
              [202505.657, 318065.795999999972992],
              [202500.498, 318066.979],
              [202496.24299999998766, 318067.417000000015832],
              [202493.698, 318066.893999999971129],
              [202491.806000000011409, 318066.505],
              [202481.547, 318068.766],
              [202469.442000000010012, 318070.651000000012573],
              [202456.997, 318072.645000000018626],
              [202454.348999999987427, 318073.451],
              [202452.973999999987427, 318073.75],
              [202450.178000000014435, 318074.205000000016298],
              [202447.334, 318074.833999999973457],
              [202444.032, 318075.352000000013504],
              [202442.182999999989988, 318076.12400000001071],
              [202440.032, 318078.522999999986496],
              [202438.037000000011176, 318082.343999999982771],
              [202436.913999999989755, 318084.033],
              [202434.731, 318086.968999999982771],
              [202433.071, 318087.994],
              [202431.255, 318087.913],
              [202430.1, 318089.822999999974854],
              [202427.918, 318091.179],
              [202424.631, 318092.37699999997858],
              [202422.104, 318092.058000000019092],
              [202419.62400000001071, 318092.197999999974854],
              [202415.166999999986729, 318093.994],
              [202412.986, 318095.033999999985099],
              [202411.422, 318095.712],
              [202409.226, 318095.756999999983236],
              [202405.29, 318097.538],
              [202402.081, 318100.552000000025146],
              [202398.43, 318102.080000000016298],
              [202393.829999999987194, 318104.870999999984633],
              [202391.143000000010943, 318106.289999999979045],
              [202389.105000000010477, 318107.125],
              [202387.603, 318107.677000000025146],
              [202386.163, 318110.15500000002794],
              [202385.435, 318111.608],
              [202384.659000000014203, 318113.076],
              [202383.219000000011874, 318115.712999999988824],
              [202381.718, 318116.26400000002468],
              [202378.969000000011874, 318116.229999999981374],
              [202376.899, 318116.653999999980442],
              [202374.182, 318117.03000000002794],
              [202369.381, 318115.729999999981374],
              [202367.313, 318114.417000000015832],
              [202365.307, 318114.082999999984168],
              [202363.556000000011409, 318114.446999999985565],
              [202360.43, 318112.934],
              [202352.957, 318111.511],
              [202350.28, 318115.495],
              [202346.805, 318117.650000000023283],
              [202340.717, 318118.335000000020955],
              [202336.291999999986729, 318119.909999999974389],
              [202324.652, 318126.482000000018161],
              [202320.897, 318125.319000000017695],
              [202312.903, 318129.364],
              [202308.324, 318130.064000000013039],
              [202303.019, 318130.51],
              [202297.49299999998766, 318130.085000000020955],
              [202292.639, 318131.69],
              [202288.144999999989523, 318131.613000000012107],
              [202281.131, 318131.82],
              [202274.37599999998929, 318131.913999999989755],
              [202244.908, 318130.663999999989755],
              [202212.856, 318129.049999999988358],
              [202210.704, 318127.25099999998929],
              [202194.878, 318127.647999999986496],
              [202185.891, 318128.066999999980908],
              [202166.26, 318128.315],
              [202149.096, 318128.832999999984168],
              [202155.700000000011642, 318149.76],
              [202135.25, 318162.549999999988358],
              [202144.24, 318183.799999999988358],
              [202152.049999999988358, 318182.63],
              [202166.46, 318188.270000000018626],
              [202154.56, 318220.63],
              [202184.950000000011642, 318236.88],
              [202166.14000000001397, 318327.099999999976717],
              [202162.067000000010012, 318343.777],
              [202173.079999999987194, 318472.51500000001397],
              [202172.323, 318491.678000000014435],
              [202167.611, 318502.59499999997206],
              [202156.795000000012806, 318505.169],
              [202151.453, 318498.161000000021886],
              [202139.057, 318495.696],
              [202136.579, 318498.229999999981374],
              [202138.905999999988126, 318522.326],
              [202141.952, 318528.430999999982305],
              [202140.782, 318533.088999999978114],
              [202140.74, 318534.794],
              [202140.774, 318536.552000000025146],
              [202142.226, 318563.050999999977648],
              [202147.541, 318572.717],
              [202151.108, 318579.429],
              [202152.597, 318582.087999999988824],
              [202164.092, 318602.591000000014901],
              [202174.041999999986729, 318621.087],
              [202176.233, 318625.153999999980442],
              [202172.443999999988591, 318642.294999999983702],
              [202168.712, 318661.049999999988358],
              [202162.606, 318692.463999999978114],
              [202155.813, 318728.37300000002142],
              [202150.31, 318760.454000000027008],
              [202132.723999999987427, 318803.50199999997858],
              [202129.673, 318806.571999999985565],
              [202122.907, 318809.581],
              [202119.259, 318811.71999999997206],
              [202117.785, 318812.197999999974854],
              [202112.676, 318813.215000000025611],
              [202083.897999999986496, 318814.973999999987427],
              [202053.94, 318816.87300000002142],
              [202050.778, 318817.026000000012573],
              [202028.628, 318818.07],
              [202028.179, 318817.897],
              [202025.435, 318817.298],
              [202024.253, 318816.800999999977648],
              [202023.354, 318816.423],
              [202020.521, 318815.316999999980908],
              [202018.464, 318814.550999999977648],
              [202017.073, 318814.033999999985099],
              [202014.685999999986961, 318812.397],
              [202010.699, 318809.379000000015367],
              [202005.258, 318805.863000000012107],
              [201988.712, 318794.503000000026077],
              [201985.778, 318792.629000000015367],
              [201976.068999999988591, 318786.407],
              [201964.481999999989057, 318778.859],
              [201961.28, 318777.821999999985565],
              [201959.831, 318777.650000000023283],
              [201957.924, 318778.473999999987427],
              [201957.332, 318778.729],
              [201955.923, 318776.944000000017695],
              [201948.679, 318780.938000000023749],
              [201946.777, 318778.408],
              [201944.99, 318776.51400000002468],
              [201936.087999999988824, 318764.733],
              [201934.003, 318762.746999999973923],
              [201930.674999999988358, 318759.661000000021886],
              [201926.84, 318755.631999999983236],
              [201923.207, 318751.261],
              [201919.032, 318745.813000000023749],
              [201915.377, 318741.245],
              [201911.892, 318735.879000000015367],
              [201910.011, 318731.435],
              [201908.492, 318728.607000000018161],
              [201908.073, 318726.656000000017229],
              [201907.286, 318725.525000000023283],
              [201906.48499999998603, 318724.456],
              [201906.272999999986496, 318723.64000000001397],
              [201906.307, 318722.87699999997858],
              [201906.521, 318721.576],
              [201907.54, 318718.90500000002794],
              [201907.432, 318715.802000000025146],
              [201907.108, 318713.101000000024214],
              [201906.200000000011642, 318710.726000000024214],
              [201905.328, 318708.484],
              [201904.662000000011176, 318706.481000000028871],
              [201903.676, 318705.37300000002142],
              [201902.950000000011642, 318704.254000000015367],
              [201902.344000000011874, 318703.482000000018161],
              [201901.134, 318702.517999999981839],
              [201899.916, 318702.194000000017695],
              [201898.726, 318701.74800000002142],
              [201897.922, 318701.897],
              [201895.217, 318706.131999999983236],
              [201894.655999999988126, 318706.653],
              [201893.711000000010245, 318706.259000000020023],
              [201892.388, 318705.527],
              [201891.32, 318704.207999999984168],
              [201890.404, 318703.370999999984633],
              [201889.481, 318702.273999999975786],
              [201887.644, 318701.24],
              [201886.193, 318700.803000000014435],
              [201885.261, 318700.346000000019558],
              [201884.13200000001234, 318699.913],
              [201883.161, 318699.641],
              [201882.453, 318699.039999999979045],
              [201882.101, 318698.579000000027008],
              [201881.631, 318697.772999999986496],
              [201881.725, 318697.022999999986496],
              [201882.282, 318695.923],
              [201883.002, 318694.664999999979045],
              [201883.342, 318693.968],
              [201883.530999999988126, 318693.686999999976251],
              [201882.81, 318693.147999999986496],
              [201881.38200000001234, 318692.906000000017229],
              [201879.772, 318693.525000000023283],
              [201878.144999999989523, 318693.305999999982305],
              [201877.38200000001234, 318693.271],
              [201876.102000000013504, 318692.935],
              [201875.017, 318691.996999999973923],
              [201873.674999999988358, 318690.74800000002142],
              [201872.37, 318689.634000000020023],
              [201871.872, 318688.950000000011642],
              [201871.670000000012806, 318688.392999999981839],
              [201871.242, 318687.981000000028871],
              [201869.981, 318687.262999999977183],
              [201868.176, 318686.685],
              [201866.73499999998603, 318686.504000000015367],
              [201865.518000000010943, 318686.18],
              [201864.519999999989523, 318686.031000000017229],
              [201863.631, 318685.071999999985565],
              [201862.796, 318683.865999999979977],
              [201861.73499999998603, 318681.907],
              [201860.133, 318679.767],
              [201858.919, 318678.223999999987427],
              [201857.797, 318677.151000000012573],
              [201856.434, 318675.704000000027008],
              [201855.606, 318674.756999999983236],
              [201854.666, 318674.043],
              [201853.171, 318673.210000000020955],
              [201851.136, 318672.197999999974854],
              [201849.99900000001071, 318672.403999999980442],
              [201848.633, 318672.177000000025146],
              [201847.024, 318671.576],
              [201846.136, 318671.51500000001397],
              [201845.316, 318671.146],
              [201844.326, 318670.357000000018161],
              [201843.74, 318669.783],
              [201842.685, 318668.402],
              [201842.704, 318666.803000000014435],
              [201842.606, 318662.738000000012107],
              [201842.35, 318661.528],
              [201842.261, 318660.74],
              [201841.733, 318659.601000000024214],
              [201840.488000000012107, 318658.5],
              [201839.269999999989523, 318657.277],
              [201838.696999999985565, 318656.641],
              [201838.546, 318654.941],
              [201838.622, 318652.773999999975786],
              [201838.574, 318650.582999999984168],
              [201838.741, 318650.104999999981374],
              [201838.538, 318649.548],
              [201836.219000000011874, 318646.549999999988358],
              [201836.133, 318644.542000000015832],
              [201836.5, 318642.822999999974854],
              [201836.344000000011874, 318641.441999999980908],
              [201836.002, 318640.021],
              [201835.196, 318637.474999999976717],
              [201834.372, 318635.31],
              [201833.621000000013737, 318633.09499999997206],
              [201833.009, 318631.745999999984633],
              [201832.564000000013039, 318630.816999999980908],
              [201832.18, 318629.900000000023283],
              [201831.502, 318628.856000000028871],
              [201830.785, 318627.996999999973923],
              [201829.74299999998766, 318627.454000000027008],
              [201827.23499999998603, 318626.854],
              [201825.212999999988824, 318626.68],
              [201822.899, 318626.37699999997858],
              [201820.636, 318625.829000000027008],
              [201818.412000000011176, 318625.098],
              [201816.891, 318624.387999999977183],
              [201815.345, 318623.800999999977648],
              [201814.11799999998766, 318623.218],
              [201813.108, 318623.13],
              [201811.605000000010477, 318622.938000000023749],
              [201810.200000000011642, 318622.893999999971129],
              [201809.438, 318623.759000000020023],
              [201808.56, 318624.854999999981374],
              [201806.46, 318629.283],
              [201805.715, 318630.663999999989755],
              [201805.424999999988358, 318631.115999999979977],
              [201804.657, 318631.401000000012573],
              [201803.747, 318631.142],
              [201802.937, 318629.813000000023749],
              [201802.198, 318628.757999999972526],
              [201801.717, 318627.691999999980908],
              [201801.51500000001397, 318627.135],
              [201801.089, 318626.723999999987427],
              [201800.195, 318626.083999999973457],
              [201798.74299999998766, 318620.832],
              [201798.88200000001234, 318619.577999999979511],
              [201798.484, 318618.723999999987427],
              [201797.973999999987427, 318618.101000000024214],
              [201797.261999999987893, 318617.82],
              [201795.176, 318617.952],
              [201793.508, 318618.238000000012107],
              [201792.441, 318618.716000000014901],
              [201791.537000000011176, 318619.036000000021886],
              [201790.685, 318619.11099999997532],
              [201789.161, 318618.721000000019558],
              [201787.384, 318617.700000000011642],
              [201785.745, 318616.643999999971129],
              [201784.227000000013504, 318614.715000000025611],
              [201783.457, 318614.101000000024214],
              [201782.446, 318613.115999999979977],
              [201781.5, 318612.721000000019558],
              [201779.172, 318612.481000000028871],
              [201777.731, 318612.302000000025146],
              [201776.747, 318612.091000000014901],
              [201775.521, 318611.507999999972526],
              [201773.399, 318610.604999999981374],
              [201771.825000000011642, 318610.141],
              [201770.207, 318609.283],
              [201769.793, 318608.809],
              [201768.787000000011176, 318608.401000000012573],
              [201765.677, 318607.609],
              [201759.772, 318606.347],
              [201750.816, 318604.62699999997858],
              [201750.063, 318604.531000000017229],
              [201749.282, 318604.87599999998929],
              [201748.657, 318605.706],
              [201746.961000000010245, 318608.231000000028871],
              [201746.480000000010477, 318609.283],
              [201746.38, 318610.353],
              [201744.943999999988591, 318612.869],
              [201744.527, 318613.615],
              [201743.615, 318613.675999999977648],
              [201743.168, 318613.965000000025611],
              [201742.057, 318614.049],
              [201741.545000000012806, 318613.425999999977648],
              [201740.864, 318612.704000000027008],
              [201740.269999999989523, 318611.870999999984633],
              [201739.715999999985797, 318610.854],
              [201739.453, 318606.049],
              [201737.636999999987893, 318607.330000000016298],
              [201734.343, 318609.512999999977183],
              [201731.981999999989057, 318610.934],
              [201730.002, 318611.473999999987427],
              [201728.878, 318611.619],
              [201728.089, 318611.706],
              [201727.182999999989988, 318611.129000000015367],
              [201726.247, 318610.093999999982771],
              [201724.075000000011642, 318606.101000000024214],
              [201722.709, 318603.755],
              [201721.712, 318601.49],
              [201720.693999999988591, 318599.026000000012573],
              [201720.508, 318598.088999999978114],
              [201720.437, 318597.816999999980908],
              [201720.085, 318597.356000000028871],
              [201719.527, 318597.556999999971595],
              [201718.997, 318597.636999999987893],
              [201718.242, 318597.86099999997532],
              [201718.109, 318597.576],
              [201717.636, 318595.870999999984633],
              [201719.079999999987194, 318590.596000000019558],
              [201719.123, 318590.092],
              [201719.038, 318588.983],
              [201718.035, 318588.256],
              [201711.511999999987893, 318584.167000000015832],
              [201709.207, 318582.906000000017229],
              [201706.552, 318581.183000000019092],
              [201704.719000000011874, 318579.829000000027008],
              [201703.231999999989057, 318578.357000000018161],
              [201701.288, 318576.016],
              [201700.191, 318574.819000000017695],
              [201699.35, 318573.933000000019092],
              [201697.556000000011409, 318572.395000000018626],
              [201694.672, 318570.239],
              [201693.38200000001234, 318568.745],
              [201692.079, 318567.311999999976251],
              [201690.823, 318565.055],
              [201690.412000000011176, 318563.362000000022817],
              [201690.553000000014435, 318561.788],
              [201690.638, 318559.881999999983236],
              [201691.335, 318558.104999999981374],
              [201692.706, 318555.896],
              [201693.647, 318554.493000000016764],
              [201694.905999999988126, 318553.413999999989755],
              [201695.431000000011409, 318552.756],
              [201695.824, 318551.813000000023749],
              [201696.143000000010943, 318550.919],
              [201695.992, 318550.117000000027474],
              [201695.85, 318549.574000000022352],
              [201695.111, 318548.517],
              [201684.452, 318538.156000000017229],
              [201683.821999999985565, 318537.186999999976251],
              [201683.88200000001234, 318536.302000000025146],
              [201684.288999999989755, 318535.298],
              [201685.388, 318534.056999999971595],
              [201686.557999999989988, 318533.087],
              [201687.66, 318532.745],
              [201689.192000000010012, 318532.494],
              [201690.413, 318532.49800000002142],
              [201691.549999999988358, 318532.292000000015832],
              [201692.318, 318532.006999999983236],
              [201692.839, 318531.669],
              [201694.354, 318529.683000000019092],
              [201694.896, 318526.525000000023283],
              [201696.191, 318522.245999999984633],
              [201696.472, 318520.316999999980908],
              [201696.614, 318518.742000000027474],
              [201696.305, 318517.778],
              [201695.647999999986496, 318516.930999999982305],
              [201693.848999999987427, 318515.713999999978114],
              [201691.943, 318514.087999999988824],
              [201690.420000000012806, 318512.479999999981374],
              [201689.477000000013504, 318510.865999999979977],
              [201688.695, 318509.09499999997206],
              [201688.274, 318507.143999999971129],
              [201687.509, 318501.653999999980442],
              [201687.56, 318500.51],
              [201687.105000000010477, 318499.321999999985565],
              [201686.496000000013737, 318498.550999999977648],
              [201685.924999999988358, 318497.914999999979045],
              [201685.242, 318497.191],
              [201684.452, 318496.060999999986961],
              [201683.961000000010245, 318492.619],
              [201683.087, 318487.042000000015832],
              [201682.442000000010012, 318484.016],
              [201681.590999999985797, 318480.754000000015367],
              [201681.310999999986961, 318479.346000000019558],
              [201680.742, 318478.39000000001397],
              [201679.913999999989755, 318477.444000000017695],
              [201679.00700000001234, 318476.865],
              [201677.291999999986729, 318475.858],
              [201669.399, 318472.44],
              [201667.495, 318471.712999999988824],
              [201665.99900000001071, 318470.88],
              [201664.09, 318469.574000000022352],
              [201662.206, 318468.145000000018626],
              [201660.373, 318466.471000000019558],
              [201659.125, 318465.691],
              [201658.231, 318465.050999999977648],
              [201655.861, 318464.096000000019558],
              [201652.946, 318463.281000000017229],
              [201650.287000000011176, 318462.778],
              [201647.291, 318462.652],
              [201645.096, 318462.695],
              [201643.554, 318462.688000000023749],
              [201642.161, 318462.583999999973457],
              [201640.25700000001234, 318461.857000000018161],
              [201638.453, 318460.957],
              [201637.829, 318460.566999999980908],
              [201637.480000000010477, 318459.787000000011176],
              [201637.450000000011642, 318459.011],
              [201637.815, 318457.292000000015832],
              [201637.478, 318456.450000000011642],
              [201636.831, 318455.863000000012107],
              [201636.285, 318455.104],
              [201635.413, 318454.661000000021886],
              [201625.783, 318452.156000000017229],
              [201617.200000000011642, 318449.555],
              [201614.778, 318448.846000000019558],
              [201612.412000000011176, 318448.468999999982771],
              [201604.277, 318448.016],
              [201590.628999999986263, 318446.259000000020023],
              [201582.244, 318444.853],
              [201581.12400000001071, 318444.68],
              [201579.75, 318443.871999999973923],
              [201571.601, 318437.385],
              [201571.035, 318436.10999999998603],
              [201570.798, 318433.87699999997858],
              [201570.852000000013504, 318432.092],
              [201570.366, 318430.12699999997858],
              [201569.847, 318428.925999999977648],
              [201569.264, 318428.031000000017229],
              [201568.187, 318427.032],
              [201565.806000000011409, 318425.818000000028405],
              [201563.237, 318424.885],
              [201560.6, 318424.577999999979511],
              [201558.994, 318424.878000000026077],
              [201557.559, 318425.278],
              [201556.076, 318425.603],
              [201554.718, 318425.634000000020023],
              [201552.616, 318424.928000000014435],
              [201553.00700000001234, 318422.766],
              [201553.85999999998603, 318418.713999999978114],
              [201550.736, 318417.662000000011176],
              [201545.99299999998766, 318412.992000000027474],
              [201542.973, 318416.647],
              [201540.863000000012107, 318419.341000000014901],
              [201540.264, 318420.048],
              [201538.945, 318419.895000000018626],
              [201536.24299999998766, 318419.896],
              [201533.991, 318419.287000000011176],
              [201532.85999999998603, 318418.852000000013504],
              [201532.405999999988126, 318418.563000000023749],
              [201533.787000000011176, 318414.75099999998929],
              [201532.536, 318415.19],
              [201530.848, 318414.957999999984168],
              [201529.223999999987427, 318414.419999999983702],
              [201527.063, 318413.381],
              [201524.166999999986729, 318411.544],
              [201521.530999999988126, 318409.699000000022352],
              [201518.981, 318407.743000000016764],
              [201517.206, 318406.082],
              [201514.747, 318403.696],
              [201513.527, 318403.370999999984633],
              [201508.928000000014435, 318402.903999999980442],
              [201506.313, 318402.795999999972992],
              [201504.968, 318402.766],
              [201504.427, 318402.587],
              [201503.253999999986263, 318401.115999999979977],
              [201499.34, 318395.212999999988824],
              [201497.475, 318392.441],
              [201496.696999999985565, 318390.929],
              [201495.56, 318389.593999999982771],
              [201494.431000000011409, 318388.841000000014901],
              [201489.329999999987194, 318385.827999999979511],
              [201485.272, 318383.68],
              [201483.402, 318382.767999999981839],
              [201481.526000000012573, 318380.957],
              [201479.784000000014203, 318379.43],
              [201479.173, 318378.658],
              [201478.807, 318377.938000000023749],
              [201477.712, 318377.32],
              [201474.622, 318376.083999999973457],
              [201472.393000000010943, 318375.032],
              [201471.285, 318374.473999999987427],
              [201470.746000000013737, 318373.974999999976717],
              [201470.321, 318372.920999999972992],
              [201471.047, 318371.599999999976717],
              [201471.477000000013504, 318370.472],
              [201471.41, 318369.559],
              [201471.318, 318368.768999999971129],
              [201469.503, 318368.511],
              [201460.932999999989988, 318367.261999999987893],
              [201457.873, 318366.481000000028871],
              [201456.32, 318365.893999999971129],
              [201454.323, 318364.955000000016298],
              [201453.209, 318363.49800000002142],
              [201452.346, 318361.452999999979511],
              [201450.552, 318358.310999999986961],
              [201450.15, 318357.454000000027008],
              [201449.375, 318356.841000000014901],
              [201447.051, 318356.537000000011176],
              [201445.161, 318356.327999999979511],
              [201444.369, 318356.253000000026077],
              [201444.085, 318356.227000000013504],
              [201442.082, 318355.928000000014435],
              [201441.31, 318354.994],
              [201440.87, 318354.321999999985565],
              [201440.517, 318353.539999999979045],
              [201440.772999999986496, 318352.310999999986961],
              [201441.802, 318350.476000000024214],
              [201443.162000000011176, 318348.903],
              [201446.025, 318345.40500000002794],
              [201443.878, 318343.021],
              [201441.12599999998929, 318339.223],
              [201439.049, 318335.89000000001397],
              [201436.443999999988591, 318330.773999999975786],
              [201434.788999999989755, 318328.816],
              [201433.432, 318326.984],
              [201432.601, 318325.713999999978114],
              [201431.962999999988824, 318325.064000000013039],
              [201430.824, 318323.729999999981374],
              [201429.541999999986729, 318323.07],
              [201427.938, 318322.407],
              [201426.097, 318321.949000000022352],
              [201424.103, 318321.908999999985099],
              [201422.518000000010943, 318321.762999999977183],
              [201418.96, 318320.875],
              [201415.907, 318320.03000000002794],
              [201414.894, 318319.620999999984633],
              [201413.644999999989523, 318319.418],
              [201412.886999999987893, 318319.642],
              [201412.25099999998929, 318320.212],
              [201411.723, 318320.870999999984633],
              [201411.19, 318322.170999999972992],
              [201411.692000000010012, 318324.077999999979511],
              [201413.481999999989057, 318327.544999999983702],
              [201414.41, 318330.505],
              [201414.93, 318332.03000000002794],
              [201414.897999999986496, 318332.794],
              [201414.728, 318333.914999999979045],
              [201414.37400000001071, 318334.674],
              [201414.06, 318335.24900000001071],
              [201413.657, 318335.934],
              [201413.095, 318336.457],
              [201412.402, 318336.37300000002142],
              [201411.363000000012107, 318336.087],
              [201410.415, 318335.370999999984633],
              [201409.564000000013039, 318334.804],
              [201408.182, 318332.773999999975786],
              [201404.617, 318327.901000000012573],
              [201403.548, 318326.837999999988824],
              [201402.489, 318326.033],
              [201401.565, 318325.512999999977183],
              [201399.956, 318325.169999999983702],
              [201398.12599999998929, 318324.651000000012573],
              [201397.574, 318324.576],
              [201395.612, 318324.306999999971595],
              [201394.25099999998929, 318324.01500000001397],
              [201391.23499999998603, 318322.98499999998603],
              [201390.212, 318322.316999999980908],
              [201389.079, 318321.56],
              [201387.217, 318319.362000000022817],
              [201385.472, 318316.608],
              [201384.285, 318315.196999999985565],
              [201383.829, 318314.906000000017229],
              [201383.112, 318314.62400000001071],
              [201382.407, 318314.601000000024214],
              [201381.386999999987893, 318314.832999999984168],
              [201378.943, 318315.982000000018161],
              [201376.796, 318317.257999999972526],
              [201375.737, 318317.674],
              [201374.579999999987194, 318317.941999999980908],
              [201373.166999999986729, 318317.895000000018626],
              [201371.594000000011874, 318317.686999999976251],
              [201370.237, 318317.075000000011642],
              [201369.245, 318315.962],
              [201368.796, 318315.028999999980442],
              [201368.280999999988126, 318313.50199999997858],
              [201368.454, 318311.481000000028871],
              [201368.854, 318310.216000000014901],
              [201368.836000000010245, 318309.696999999985565],
              [201367.712999999988824, 318309.199000000022352],
              [201366.389, 318309.042000000015832],
              [201363.66, 318309.099999999976717],
              [201360.478, 318308.865],
              [201356.682, 318309.079000000027008],
              [201354.99, 318309.422000000020489],
              [201353.261, 318309.952],
              [201352.18, 318310.169],
              [201351.085, 318310.446999999985565],
              [201350.383, 318310.104],
              [201348.976, 318308.833999999973457],
              [201347.525, 318307.169999999983702],
              [201345.823, 318304.87],
              [201345.12, 318303.568000000028405],
              [201344.761999999987893, 318302.903],
              [201343.99, 318301.385],
              [201343.244, 318299.162000000011176],
              [201343.528, 318297.549999999988358],
              [201344.021, 318295.275000000023283],
              [201344.706, 318293.298],
              [201344.979, 318292.327999999979511],
              [201345.174, 318291.726000000024214],
              [201344.977000000013504, 318290.846000000019558],
              [201344.348, 318289.87400000001071],
              [201343.421, 318289.093],
              [201342.017, 318288.726000000024214],
              [201338.699, 318289.745],
              [201336.924, 318290.196999999985565],
              [201336.043, 318290.392],
              [201335.524, 318290.408],
              [201334.564000000013039, 318290.071],
              [201333.772999999986496, 318289.256999999983236],
              [201333.939000000013039, 318288.197999999974854],
              [201334.026000000012573, 318286.607000000018161],
              [201334.416999999986729, 318284.504000000015367],
              [201334.726, 318282.189000000013039],
              [201334.772999999986496, 318280.783999999985099],
              [201334.288, 318279.455000000016298],
              [201333.761, 318276.832],
              [201332.863000000012107, 318275.027],
              [201331.734, 318273.109],
              [201331.388, 318272.326],
              [201330.323, 318271.00099999998929],
              [201329.704999999987194, 318270.288],
              [201328.692000000010012, 318269.617000000027474],
              [201327.128, 318269.407],
              [201322.147999999986496, 318270.704000000027008],
              [201315.003999999986263, 318272.496999999973923],
              [201313.502, 318273.197999999974854],
              [201310.885, 318274.881],
              [201309.72, 318276.106000000028871],
              [201309.097, 318277.194000000017695],
              [201308.908, 318278.954000000027008],
              [201308.682999999989988, 318280.577],
              [201308.239, 318282.025000000023283],
              [201307.986, 318283.193000000028405],
              [201307.323, 318284.465000000025611],
              [201306.795000000012806, 318285.120999999984633],
              [201306.535, 318285.129000000015367],
              [201305.723999999987427, 318285.01500000001397],
              [201303.619, 318282.881999999983236],
              [201302.37599999998929, 318282.096000000019558],
              [201300.604, 318281.386],
              [201300.06, 318281.525000000023283],
              [201299.335, 318282.202],
              [201299.005, 318282.837999999988824],
              [201299.077, 318283.69],
              [201299.318999999988591, 318284.643999999971129],
              [201299.971, 318286.072999999974854],
              [201301.791999999986729, 318288.918],
              [201302.854, 318290.824000000022352],
              [201303.168, 318292.63],
              [201303.29, 318294.137999999977183],
              [201303.328, 318295.434],
              [201303.114, 318296.416000000026543],
              [201302.364, 318297.797000000020489],
              [201301.728, 318298.946],
              [201300.684, 318300.196],
              [201299.25099999998929, 318301.170999999972992],
              [201297.329, 318302.034999999974389],
              [201295.63200000001234, 318302.756],
              [201293.907, 318303.601000000024214],
              [201289.291, 318304.772],
              [201288.328, 318305.075000000011642],
              [201286.85999999998603, 318304.75],
              [201286.086000000010245, 318304.772999999986496],
              [201284.00099999998929, 318304.054],
              [201282.731, 318303.710000000020955],
              [201281.747, 318303.23599999997532],
              [201280.948, 318301.901000000012573],
              [201279.787000000011176, 318299.586000000010245],
              [201277.261999999987893, 318295.300999999977648],
              [201273.239, 318291.137999999977183],
              [201271.318, 318287.31],
              [201269.519, 318284.987000000022817],
              [201268.329, 318282.798],
              [201267.291999999986729, 318281.093],
              [201266.318, 318279.979999999981374],
              [201265.76500000001397, 318279.281000000017229],
              [201265.085, 318278.875],
              [201264.313, 318278.898999999975786],
              [201263.013, 318279.0],
              [201261.495, 318279.821999999985565],
              [201256.597, 318282.408],
              [201254.204, 318283.745],
              [201253.053000000014435, 318284.648999999975786],
              [201252.071999999985565, 318285.652],
              [201251.344000000011874, 318286.07],
              [201250.778, 318286.332],
              [201250.238000000012107, 318286.46999999997206],
              [201249.578, 318285.683000000019092],
              [201248.835, 318284.685999999986961],
              [201247.241, 318281.705000000016298],
              [201245.462999999988824, 318277.787000000011176],
              [201244.628999999986263, 318276.32],
              [201244.38200000001234, 318274.789999999979045],
              [201244.287000000011176, 318273.743000000016764],
              [201244.903, 318271.76],
              [201245.688, 318270.775000000023283],
              [201246.807999999989988, 318269.417000000015832],
              [201247.98499999998603, 318268.39000000001397],
              [201248.941, 318267.506999999983236],
              [201249.708000000013271, 318266.90500000002794],
              [201250.394, 318266.091000000014901],
              [201250.657, 318264.865],
              [201250.191, 318264.056999999971595],
              [201250.166, 318263.282],
              [201249.958000000013271, 318262.465000000025611],
              [201248.394, 318261.417000000015832],
              [201245.562, 318260.028999999980442],
              [201242.89000000001397, 318258.484],
              [201240.85999999998603, 318256.628000000026077],
              [201239.271, 318254.805999999982305],
              [201238.19, 318253.286000000021886],
              [201237.57, 318251.995999999984633],
              [201237.218, 318250.059],
              [201237.585, 318248.341000000014901],
              [201237.878, 318246.672000000020489],
              [201240.458000000013271, 318240.879000000015367],
              [201241.615, 318238.756],
              [201241.69, 318236.909999999974389],
              [201241.603, 318235.222],
              [201241.346, 318233.434],
              [201240.920000000012806, 318231.542000000015832],
              [201240.489, 318229.074000000022352],
              [201241.803000000014435, 318228.011999999987893],
              [201242.689000000013039, 318226.857000000018161],
              [201243.817000000010012, 318226.075000000011642],
              [201244.437, 318225.566999999980908],
              [201244.9, 318224.897],
              [201245.242, 318224.201],
              [201245.225, 318223.684],
              [201243.163, 318222.851000000024214],
              [201239.623, 318221.76],
              [201237.719000000011874, 318221.088999999978114],
              [201236.432999999989988, 318220.81],
              [201234.287000000011176, 318221.884000000020023],
              [201231.388, 318223.179],
              [201228.582, 318224.045999999972992],
              [201226.457, 318224.417000000015832],
              [201224.873, 318224.652],
              [201223.636, 318224.446],
              [201222.65, 318223.976000000024214],
              [201221.65, 318223.566],
              [201220.49, 318223.314000000013039],
              [201219.399, 318223.332999999984168],
              [201216.606999999989057, 318224.13900000002468],
              [201214.823, 318224.712999999988824],
              [201213.771, 318224.549],
              [201211.916, 318223.055],
              [201208.951, 318221.064000000013039],
              [201207.454, 318220.288],
              [201206.013, 318219.848999999987427],
              [201203.268000000010943, 318219.830000000016298],
              [201202.278, 318219.679],
              [201201.776000000012573, 318219.634000000020023],
              [201199.002, 318217.941],
              [201197.758, 318217.478],
              [201196.731999999989057, 318217.191],
              [201195.321999999985565, 318217.206],
              [201194.075000000011642, 318217.064000000013039],
              [201192.72, 318216.512999999977183],
              [201190.554, 318215.273999999975786],
              [201188.893000000010943, 318213.759000000020023],
              [201187.25700000001234, 318212.120999999984633],
              [201184.286, 318208.332999999984168],
              [201182.672, 318206.892999999981839],
              [201181.115, 318205.786000000021886],
              [201179.59, 318205.132999999972526],
              [201177.025, 318204.256999999983236],
              [201175.427, 318204.552000000025146],
              [201173.885, 318204.282],
              [201172.636, 318198.686999999976251],
              [201172.421, 318198.191],
              [201171.899, 318197.629000000015367],
              [201168.557, 318197.097],
              [201165.024, 318195.947999999974854],
              [201162.445, 318195.131999999983236],
              [201161.113000000012107, 318194.778999999980442],
              [201160.087999999988824, 318194.173],
              [201159.364, 318193.053000000014435],
              [201158.919, 318190.006],
              [201158.522, 318187.033999999985099],
              [201158.479, 318184.202999999979511],
              [201158.087999999988824, 318183.027],
              [201157.228, 318181.943000000028405],
              [201155.733, 318180.528999999980442],
              [201154.162000000011176, 318179.482000000018161],
              [201152.225, 318178.038],
              [201147.967, 318174.549999999988358],
              [201145.568, 318171.657],
              [201143.631, 318168.993000000016764],
              [201141.769, 318166.281000000017229],
              [201140.481999999989057, 318163.886],
              [201139.786, 318162.325000000011642],
              [201139.182999999989988, 318161.232000000018161],
              [201139.07, 318160.245999999984633],
              [201139.256, 318159.066999999980908],
              [201139.47, 318157.446],
              [201139.833000000013271, 318155.729],
              [201139.821, 318154.571],
              [201139.5, 318152.449000000022352],
              [201138.627, 318150.207999999984168],
              [201138.026000000012573, 318149.115],
              [201137.068, 318147.882999999972526],
              [201135.685999999986961, 318148.353],
              [201133.828, 318148.657],
              [201132.450000000011642, 318148.808000000019092],
              [201131.369, 318148.767999999981839],
              [201130.327, 318148.542000000015832],
              [201129.003, 318147.229],
              [201126.146, 318143.148999999975786],
              [201124.801, 318141.318000000028405],
              [201123.734, 318139.996999999973923],
              [201121.699, 318138.403],
              [201120.992, 318137.802000000025146],
              [201120.172, 318137.431999999971595],
              [201119.375, 318137.26],
              [201118.968, 318137.364],
              [201117.787000000011176, 318138.712],
              [201115.663, 318141.782],
              [201114.280999999988126, 318143.471000000019558],
              [201112.394999999989523, 318145.117000000027474],
              [201110.613000000012107, 318146.270000000018626],
              [201108.834, 318147.104],
              [201106.258, 318147.766],
              [201104.178000000014435, 318147.895000000018626],
              [201103.416, 318147.858],
              [201102.832, 318147.283],
              [201102.771, 318146.050999999977648],
              [201102.759, 318143.675999999977648],
              [201102.905, 318142.680999999982305],
              [201102.497, 318141.568000000028405],
              [201101.988000000012107, 318140.944000000017695],
              [201101.549, 318140.593],
              [201100.812, 318140.434],
              [201099.916, 318140.433000000019092],
              [201095.768000000010943, 318141.84499999997206],
              [201095.196999999985565, 318142.427000000025146],
              [201094.938, 318143.653999999980442],
              [201094.547, 318144.59499999997206],
              [201093.972, 318145.49800000002142],
              [201092.832, 318146.341000000014901],
              [201090.99299999998766, 318147.161000000021886],
              [201088.905999999988126, 318147.929],
              [201087.646, 318148.427000000025146],
              [201086.761999999987893, 318148.364],
              [201086.943, 318147.505],
              [201085.556000000011409, 318147.077999999979511],
              [201083.928000000014435, 318146.277],
              [201082.378, 318145.109],
              [201081.405999999988126, 318143.938000000023749],
              [201080.763, 318143.03000000002794],
              [201080.340999999985797, 318142.298],
              [201080.011, 318140.816],
              [201080.144, 318139.882999999972526],
              [201080.706, 318137.825000000011642],
              [201080.791, 318136.816999999980908],
              [201080.389, 318136.282],
              [201080.051, 318135.76],
              [201079.65, 318135.224999999976717],
              [201078.991, 318134.696999999985565],
              [201073.397999999986496, 318132.913999999989755],
              [201067.038999999989755, 318131.413999999989755],
              [201047.673, 318125.831],
              [201046.431000000011409, 318125.628000000026077],
              [201045.677, 318125.848999999987427],
              [201044.602000000013504, 318126.386999999987893],
              [201043.731, 318127.161000000021886],
              [201041.025, 318130.550999999977648],
              [201038.821999999985565, 318132.767999999981839],
              [201036.404, 318135.706],
              [201033.782, 318138.088999999978114],
              [201033.185999999986961, 318138.473],
              [201032.604, 318138.795999999972992],
              [201032.087, 318138.814000000013039],
              [201030.87400000001071, 318138.167000000015832],
              [201030.266, 318137.395000000018626],
              [201029.57, 318136.734],
              [201029.173, 318135.879000000015367],
              [201028.916999999986729, 318134.351000000024214],
              [201029.008, 318132.705000000016298],
              [201028.76500000001397, 318131.115],
              [201028.529, 318130.103],
              [201028.014, 318129.799999999988358],
              [201027.442000000010012, 318129.164999999979045],
              [201027.154, 318128.397999999986496],
              [201026.268000000010943, 318127.118000000016764],
              [201024.315, 318125.417000000015832],
              [201023.134, 318124.009000000020023],
              [201021.682, 318122.672000000020489],
              [201020.288, 318121.667000000015832],
              [201019.15, 318120.973999999987427],
              [201018.318999999988591, 318120.347],
              [201017.018000000010943, 318119.81],
              [201015.530999999988126, 318119.555999999982305],
              [201013.333000000013271, 318119.917000000015832],
              [201010.571, 318120.218999999982771],
              [201007.597, 318120.606000000028871],
              [201005.202, 318120.989],
              [201004.044, 318120.995],
              [201003.328, 318121.034999999974389],
              [201000.362, 318120.781000000017229],
              [200998.351, 318120.862000000022817],
              [200996.086000000010245, 318120.632999999972526],
              [200995.116, 318120.35999999998603],
              [200994.035, 318120.00099999998929],
              [200993.112, 318119.803000000014435],
              [200991.472, 318119.962999999988824],
              [200987.934, 318119.973999999987427],
              [200985.083000000013271, 318120.386],
              [200984.059, 318120.35999999998603],
              [200982.644999999989523, 318120.055999999982305],
              [200979.836000000010245, 318118.74900000001071],
              [200978.88200000001234, 318118.097],
              [200978.108, 318117.803000000014435],
              [200977.141, 318117.211000000010245],
              [200976.283, 318116.707],
              [200975.4, 318116.327],
              [200974.218, 318116.136999999987893],
              [200972.405999999988126, 318116.196999999985565],
              [200971.327, 318116.73499999998603],
              [200970.631, 318117.289999999979045],
              [200970.203, 318118.09499999997206],
              [200969.405999999988126, 318120.038],
              [200968.96, 318122.44],
              [200968.024, 318126.849999999976717],
              [200967.544, 318127.900000000023283],
              [200966.533, 318129.028],
              [200965.833000000013271, 318129.903],
              [200964.873, 318130.786000000021886],
              [200964.079999999987194, 318131.193000000028405],
              [200959.381, 318132.428000000014435],
              [200956.168, 318133.021],
              [200954.701, 318132.962999999988824],
              [200952.747, 318133.378000000026077],
              [200952.177, 318133.64000000001397],
              [200950.821, 318133.669999999983702],
              [200950.028, 318132.86099999997532],
              [200938.891, 318117.805],
              [200911.1, 318102.520000000018626],
              [200898.346, 318103.582],
              [200886.391, 318103.917000000015832],
              [200870.942000000010012, 318109.216000000014901],
              [200845.846, 318110.411000000021886],
              [200828.182, 318111.393999999971129],
              [200813.866, 318112.322999999974854],
              [200804.109, 318112.938000000023749],
              [200800.615, 318112.770000000018626],
              [200798.943999999988591, 318112.478],
              [200797.655999999988126, 318111.881],
              [200796.787000000011176, 318111.438000000023749],
              [200795.657, 318110.103],
              [200791.244, 318105.75],
              [200789.073, 318103.868000000016764],
              [200786.276000000012573, 318101.59499999997206],
              [200784.508, 318099.928000000014435],
              [200783.053000000014435, 318098.906000000017229],
              [200781.557999999989988, 318098.068000000028405],
              [200779.596, 318097.322999999974854],
              [200778.663999999989755, 318096.864],
              [200777.318999999988591, 318095.93],
              [200776.01, 318095.131999999983236],
              [200774.903, 318094.892999999981839],
              [200772.909000000014203, 318094.590000000025611],
              [200771.396, 318094.452999999979511],
              [200770.06, 318093.777],
              [200768.979, 318093.413999999989755],
              [200767.259, 318091.816999999980908],
              [200766.047, 318089.943000000028405],
              [200765.233, 318088.93],
              [200763.728, 318087.830000000016298],
              [200762.700000000011642, 318087.218999999982771],
              [200761.171, 318086.242000000027474],
              [200757.321, 318084.371999999973923],
              [200755.578, 318083.797000000020489],
              [200753.785, 318083.147999999986496],
              [200751.502, 318081.166000000026543],
              [200748.685, 318079.582999999984168],
              [200746.73499999998603, 318078.770000000018626],
              [200745.952, 318078.212],
              [200744.866, 318077.266],
              [200741.363000000012107, 318073.150000000023283],
              [200740.557999999989988, 318072.393999999971129],
              [200736.143000000010943, 318070.460000000020955],
              [200734.149, 318070.148999999975786],
              [200732.723, 318069.898999999975786],
              [200730.095, 318068.034999999974389],
              [200727.767, 318066.878000000026077],
              [200725.393000000010943, 318065.327999999979511],
              [200723.557, 318064.281000000017229],
              [200722.494, 318063.532],
              [200719.85999999998603, 318061.088999999978114],
              [200719.16, 318059.841000000014901],
              [200718.318999999988591, 318058.950000000011642],
              [200717.700000000011642, 318058.234],
              [200716.011999999987893, 318057.092],
              [200714.388, 318056.864],
              [200713.22, 318056.607000000018161],
              [200712.47, 318056.506],
              [200711.261, 318055.532],
              [200708.739, 318054.079000000027008],
              [200702.064000000013039, 318049.462],
              [200699.920000000012806, 318048.348],
              [200698.348, 318047.87300000002142],
              [200697.25099999998929, 318047.89000000001397],
              [200696.422, 318048.156000000017229],
              [200695.606, 318048.363000000012107],
              [200695.102000000013504, 318048.315],
              [200692.50099999998929, 318049.351000000024214],
              [200690.915, 318050.157],
              [200689.163999999989755, 318050.222],
              [200688.154, 318050.129000000015367],
              [200687.264, 318050.382999999972526],
              [200686.266, 318051.446999999985565],
              [200685.347, 318053.044],
              [200684.821999999985565, 318053.697999999974854],
              [200684.032, 318053.782],
              [200681.496000000013737, 318054.509000000020023],
              [200679.979, 318054.689000000013039],
              [200678.909000000014203, 318055.481000000028871],
              [200677.959, 318056.62],
              [200676.911, 318057.60999999998603],
              [200675.81, 318057.946],
              [200673.918, 318057.466000000014901],
              [200672.578, 318057.107000000018161],
              [200671.106999999989057, 318056.462999999988824],
              [200669.952, 318056.143999999971129],
              [200668.362, 318056.052000000025146],
              [200666.457, 318055.634000000020023],
              [200664.530999999988126, 318055.916000000026543],
              [200662.828, 318056.055999999982305],
              [200659.88200000001234, 318055.98499999998603],
              [200656.480000000010477, 318055.943000000028405],
              [200653.63, 318056.022999999986496],
              [200651.321999999985565, 318056.283999999985099],
              [200649.154, 318057.092],
              [200647.538999999989755, 318058.021],
              [200646.011999999987893, 318058.840000000025611],
              [200644.571999999985565, 318059.552000000025146],
              [200643.028, 318059.852000000013504],
              [200640.411, 318060.044999999983702],
              [200638.329999999987194, 318059.841000000014901],
              [200636.840999999985797, 318059.575000000011642],
              [200635.24900000001071, 318059.800999999977648],
              [200631.158, 318059.663],
              [200628.314000000013039, 318059.417000000015832],
              [200624.5, 318058.88900000002468],
              [200621.821, 318057.583999999973457],
              [200617.707, 318056.664999999979045],
              [200615.044, 318055.878000000026077],
              [200611.524, 318054.897999999986496],
              [200605.647, 318052.617000000027474],
              [200603.219000000011874, 318051.944000000017695],
              [200601.003, 318051.19],
              [200599.873, 318051.064000000013039],
              [200598.796, 318051.59499999997206],
              [200596.772999999986496, 318052.039999999979045],
              [200594.727000000013504, 318052.286000000021886],
              [200593.441, 318052.897],
              [200592.554, 318054.045999999972992],
              [200590.642, 318059.075000000011642],
              [200589.496000000013737, 318061.129000000015367],
              [200587.833000000013271, 318062.295999999972992],
              [200586.030999999988126, 318062.917000000015832],
              [200584.50099999998929, 318063.273999999975786],
              [200583.31, 318063.332],
              [200580.026000000012573, 318062.784999999974389],
              [200575.867, 318062.106000000028871],
              [200570.873, 318061.489],
              [200555.674, 318053.663],
              [200545.788, 318048.572999999974854],
              [200545.157, 318047.919],
              [200545.1, 318046.365999999979977],
              [200545.209, 318044.017],
              [200545.538999999989755, 318041.846000000019558],
              [200544.634, 318040.359],
              [200543.519, 318038.954000000027008],
              [200542.193999999988591, 318037.63],
              [200540.753999999986263, 318036.856000000028871],
              [200537.315, 318035.822999999974854],
              [200534.518000000010943, 318035.706],
              [200532.141, 318035.424999999988358],
              [200531.158, 318035.523999999975786],
              [200489.093, 318011.15500000002794],
              [200487.605000000010477, 318010.566999999980908],
              [200486.60999999998603, 318010.408999999985099],
              [200485.932, 318010.576],
              [200485.231, 318011.185],
              [200484.391, 318012.462999999988824],
              [200484.217, 318013.954000000027008],
              [200484.434, 318015.724999999976717],
              [200484.786, 318018.099999999976717],
              [200484.772, 318019.119],
              [200484.611, 318019.913],
              [200476.612, 318014.675999999977648],
              [200470.785, 318011.021],
              [200468.429, 318009.925999999977648],
              [200463.21, 318005.721000000019558],
              [200456.603, 318001.604],
              [200453.043, 317999.435999999986961],
              [200449.543, 317996.76500000001397],
              [200447.200000000011642, 317994.862000000022817],
              [200441.804, 317989.761999999987893],
              [200437.071, 317983.028],
              [200436.326, 317981.598999999987427],
              [200435.495, 317980.277],
              [200433.019999999989523, 317977.777],
              [200418.851, 317964.522],
              [200418.574, 317964.262999999977183],
              [200403.704, 317950.066999999980908],
              [200403.489, 317949.86099999997532],
              [200385.562, 317932.51500000001397],
              [200392.055, 317923.12400000001071],
              [200355.258, 317895.299],
              [200339.886999999987893, 317884.592],
              [200320.38, 317870.957999999984168],
              [200309.813, 317863.577999999979511],
              [200300.432, 317856.925999999977648],
              [200281.324, 317843.642],
              [200274.584, 317838.884000000020023],
              [200264.642, 317831.212],
              [200253.846, 317822.88],
              [200243.028, 317814.528999999980442],
              [200232.413999999989755, 317806.168],
              [200219.413999999989755, 317795.924],
              [200212.623, 317790.392],
              [200199.598, 317780.652],
              [200194.458000000013271, 317777.196999999985565],
              [200175.821, 317764.672000000020489],
              [200132.152, 317735.471000000019558],
              [200120.051, 317729.891],
              [200070.494, 317710.908],
              [200051.557, 317704.172000000020489],
              [200025.564000000013039, 317695.678000000014435],
              [199993.199, 317685.102000000013504],
              [199965.595, 317738.75],
              [199828.149, 317663.188000000023749],
              [199795.005, 317644.931999999971595],
              [199760.405, 317615.854],
              [199755.788999999989755, 317610.527],
              [199737.748, 317600.462999999988824],
              [199732.613000000012107, 317599.163999999989755],
              [199724.359, 317597.075000000011642],
              [199715.337999999988824, 317591.461000000010245],
              [199709.303000000014435, 317587.705000000016298],
              [199699.12, 317586.892999999981839],
              [199689.766, 317586.146],
              [199689.511, 317586.12599999998929],
              [199682.480000000010477, 317585.586000000010245],
              [199675.307, 317585.827999999979511],
              [199641.315, 317586.829000000027008],
              [199641.25099999998929, 317586.813000000023749],
              [199631.063, 317584.228],
              [199603.657, 317581.150000000023283],
              [199582.443999999988591, 317578.767999999981839],
              [199570.88200000001234, 317577.652],
              [199570.76500000001397, 317577.63900000002468],
              [199561.121000000013737, 317576.566999999980908],
              [199552.99900000001071, 317575.663999999989755],
              [199531.063, 317574.256],
              [199522.263, 317573.799],
              [199521.825000000011642, 317573.776000000012573],
              [199514.519999999989523, 317573.397],
              [199503.66, 317573.0],
              [199495.01, 317571.53000000002794],
              [199491.18, 317556.908],
              [199489.952, 317552.21999999997206],
              [199488.101, 317545.153],
              [199487.916999999986729, 317544.450000000011642],
              [199481.43, 317519.68],
              [199481.102000000013504, 317518.325000000011642],
              [199469.204, 317469.15500000002794],
              [199457.362, 317420.212999999988824],
              [199430.702, 317310.033999999985099],
              [199430.57, 317309.49],
              [199428.315, 317300.216000000014901],
              [199427.863000000012107, 317298.356000000028871],
              [199424.327, 317283.809],
              [199391.962999999988824, 317150.679],
              [199387.288, 317131.447999999974854],
              [199383.636999999987893, 317116.429],
              [199380.359, 317102.944000000017695],
              [199371.212999999988824, 317065.321],
              [199370.78, 317063.539999999979045],
              [199314.006, 316836.68],
              [199290.62400000001071, 316739.87],
              [199312.259, 316721.242000000027474],
              [199327.815, 316707.848999999987427],
              [199350.413, 316688.392999999981839],
              [199375.451, 316666.835000000020955],
              [199419.628, 316626.73599999997532],
              [199451.227000000013504, 316595.451],
              [199468.673, 316578.178000000014435],
              [199467.6, 316575.349999999976717],
              [199465.517, 316569.863000000012107],
              [199458.595, 316551.634000000020023],
              [199458.51, 316551.411000000021886],
              [199418.545000000012806, 316446.153],
              [199408.669, 316420.522999999986496],
              [199399.035, 316395.520000000018626],
              [199393.327, 316380.707999999984168],
              [199385.24, 316359.721000000019558],
              [199384.666999999986729, 316358.234],
              [199375.108, 316333.429],
              [199373.761, 316329.931999999971595],
              [199370.392, 316321.189000000013039],
              [199366.903, 316312.135],
              [199364.666999999986729, 316306.332],
              [199352.968, 316275.049999999988358],
              [199350.106, 316267.396],
              [199347.064000000013039, 316259.259000000020023],
              [199338.703, 316236.90500000002794],
              [199330.74, 316216.733],
              [199326.659000000014203, 316206.395000000018626],
              [199321.606999999989057, 316193.597],
              [199321.987, 316192.598999999987427],
              [199329.218, 316173.593999999982771],
              [199349.054, 316121.462],
              [199356.263, 316102.51500000001397],
              [199360.621000000013737, 316091.061999999976251],
              [199364.025, 316082.115999999979977],
              [199378.971, 316042.739],
              [199380.891, 316037.68],
              [199385.682, 316025.058000000019092],
              [199385.723999999987427, 316024.947999999974854],
              [199387.611, 316019.978],
              [199396.865, 315995.599999999976717],
              [199396.921, 315995.455000000016298],
              [199404.307, 315976.13],
              [199409.969000000011874, 315961.318000000028405],
              [199410.006, 315961.221000000019558],
              [199410.381, 315960.24],
              [199417.048, 315942.797000000020489],
              [199417.087, 315942.695],
              [199440.957, 315880.24900000001071],
              [199451.181000000011409, 315853.5],
              [199451.897999999986496, 315851.625],
              [199463.522999999986496, 315821.212],
              [199482.089, 315772.64000000001397],
              [199489.207, 315754.018999999971129],
              [199494.68, 315739.700000000011642],
              [199493.411, 315738.450000000011642],
              [199491.91, 315736.96999999997206],
              [199498.44, 315729.12],
              [199516.71, 315715.76],
              [199529.223, 315710.343999999982771],
              [199529.253999999986263, 315710.331],
              [199569.579, 315692.878000000026077],
              [199633.003, 315665.427000000025146],
              [199654.851, 315655.971000000019558],
              [199767.682999999989988, 315607.136],
              [199789.38200000001234, 315597.744],
              [199792.941, 315596.202999999979511],
              [199802.519, 315592.058000000019092],
              [199878.913, 315558.993000000016764],
              [199888.41, 315554.881999999983236],
              [199927.731, 315537.864],
              [199943.668, 315530.966000000014901],
              [199955.670000000012806, 315525.771],
              [199956.18, 315525.549999999988358],
              [199958.329999999987194, 315524.62],
              [199957.99, 315520.669999999983702],
              [199907.19, 315478.169999999983702],
              [199906.26, 315479.349999999976717],
              [199781.541, 315387.854999999981374],
              [199868.111, 315221.958999999973457],
              [199868.277, 315221.64000000001397],
              [199868.329999999987194, 315221.539999999979045],
              [199886.189000000013039, 315112.982000000018161],
              [199891.56, 315080.330000000016298],
              [199904.218, 314961.710000000020955],
              [199908.314000000013039, 314926.221000000019558],
              [199908.663, 314922.989],
              [199909.419, 314915.976000000024214],
              [199910.03, 314910.305999999982305],
              [199911.785, 314900.496999999973923],
              [199919.693999999988591, 314856.172000000020489],
              [199924.07, 314831.650000000023283],
              [199945.450000000011642, 314826.549999999988358],
              [199954.99, 314816.299999999988358],
              [200033.29, 314696.169999999983702],
              [200042.5, 314680.919999999983702],
              [200043.96, 314668.789999999979045],
              [200042.32, 314658.830000000016298],
              [200039.0, 314650.150000000023283],
              [200018.12, 314610.799999999988358],
              [199992.89000000001397, 314563.979999999981374],
              [199935.954, 314526.531000000017229],
              [199923.82, 314518.76],
              [199911.840999999985797, 314510.702],
              [199858.420000000012806, 314475.94],
              [199861.71, 314460.5],
              [199849.62, 314449.229999999981374],
              [199828.359, 314427.870999999984633],
              [199827.519, 314427.027],
              [199817.39000000001397, 314416.849999999976717],
              [199755.68, 314322.460000000020955],
              [199747.51, 314305.89000000001397],
              [199745.68, 314297.71999999997206],
              [199771.69, 314286.289999999979045],
              [199837.21, 314252.419999999983702],
              [199887.97, 314221.169999999983702],
              [199914.84, 314200.580000000016298],
              [199903.79, 314180.46999999997206],
              [199887.170000000012806, 314143.25],
              [199865.01, 314103.799999999988358],
              [199850.391, 314063.808000000019092],
              [199850.044, 314062.85999999998603],
              [199848.37, 314058.28000000002794],
              [199954.6, 314001.590000000025611],
              [199949.108, 313993.642999999981839],
              [199945.56, 313988.51],
              [199935.76, 313974.330000000016298],
              [199912.14000000001397, 313952.44],
              [199907.777, 313949.443000000028405],
              [199905.269999999989523, 313947.71999999997206],
              [199905.005, 313947.526000000012573],
              [199870.420000000012806, 313922.270000000018626],
              [199867.230000000010477, 313920.055],
              [199862.405999999988126, 313916.34499999997206],
              [199845.200000000011642, 313902.895000000018626],
              [199835.79, 313891.898999999975786],
              [199835.651000000012573, 313891.800999999977648],
              [199762.935, 313840.207999999984168],
              [199717.361, 313799.255],
              [199675.56, 313768.479999999981374],
              [199586.549999999988358, 313697.678000000014435],
              [199538.065, 313657.398999999975786],
              [199468.449, 313606.458999999973457],
              [199462.578, 313602.24],
              [199404.274, 313554.093999999982771],
              [199370.187, 313523.492000000027474],
              [199357.681000000011409, 313512.26500000001397],
              [199337.498, 313489.955000000016298],
              [199336.793, 313489.175999999977648],
              [199334.347, 313486.473],
              [199280.32, 313426.756999999983236],
              [199251.134, 313391.663],
              [199241.353, 313378.472],
              [199239.242, 313375.625],
              [199237.174999999988358, 313372.838999999978114],
              [199237.135, 313372.784999999974389],
              [199218.708000000013271, 313347.945],
              [199185.638, 313296.080000000016298],
              [199173.560999999986961, 313276.509000000020023],
              [199154.541999999986729, 313235.028],
              [199123.185999999986961, 313165.424],
              [199093.634, 313135.818000000028405],
              [199041.429, 313061.564000000013039],
              [199005.772, 313007.313000000023749],
              [199005.658, 313007.14000000001397],
              [199003.814000000013039, 313004.333999999973457],
              [199001.991, 313001.577999999979511],
              [199001.668, 313001.090000000025611],
              [198993.842, 312989.26],
              [198944.321999999985565, 312911.788999999989755],
              [198925.577, 312888.661000000021886],
              [198914.236, 312874.668],
              [198910.487, 312870.532],
              [198904.590999999985797, 312864.028999999980442],
              [198882.98499999998603, 312846.101000000024214],
              [198817.348999999987427, 312793.278999999980442],
              [198795.21, 312774.678000000014435],
              [198783.799, 312765.156000000017229],
              [198769.170000000012806, 312752.950000000011642],
              [198757.26, 312743.007999999972526],
              [198739.579999999987194, 312725.145000000018626],
              [198695.26500000001397, 312705.772999999986496],
              [198637.727000000013504, 312677.669999999983702],
              [198616.54, 312666.75],
              [198573.077, 312644.517],
              [198537.415, 312625.338999999978114],
              [198462.696, 312580.26],
              [198458.19, 312579.210000000020955],
              [198453.563, 312579.321999999985565],
              [198368.769, 312658.305999999982305],
              [198354.467, 312671.647999999986496],
              [198346.458000000013271, 312679.12599999998929],
              [198231.10999999998603, 312786.82],
              [198196.0, 312815.289999999979045],
              [198123.46, 312872.150000000023283],
              [198125.39000000001397, 312878.960000000020955],
              [198118.737, 312882.545999999972992],
              [197999.31, 312960.43],
              [197874.93, 313045.14000000001397],
              [197846.329999999987194, 313065.25],
              [197761.57, 313131.88],
              [197707.85, 313179.53000000002794],
              [197688.6, 313202.49],
              [197635.6, 313249.460000000020955],
              [197618.99, 313267.330000000016298],
              [197602.89000000001397, 313286.56],
              [197588.980000000010477, 313304.28000000002794],
              [197539.200000000011642, 313341.169999999983702],
              [197501.96, 313367.479999999981374],
              [197451.87, 313401.69],
              [197314.56, 313479.349999999976717],
              [197271.72, 313505.71999999997206],
              [197265.56, 313508.03000000002794],
              [197233.60999999998603, 313534.71999999997206],
              [197182.269999999989523, 313576.409999999974389],
              [197172.88, 313582.28000000002794],
              [197168.283, 313580.585000000020955],
              [197129.028, 313565.455000000016298],
              [197091.86799999998766, 313542.979],
              [197032.954, 313487.191999999980908],
              [197032.938, 313487.177000000025146],
              [197026.21, 313480.789999999979045],
              [196987.19, 313442.979999999981374],
              [196950.37, 313412.590000000025611],
              [196922.049999999988358, 313391.87],
              [196882.5, 313359.710000000020955],
              [196888.07, 313350.75],
              [196886.72, 313348.799999999988358],
              [196867.13, 313313.299999999988358],
              [196859.670000000012806, 313301.93],
              [196849.49, 313285.68],
              [196836.01, 313268.39000000001397],
              [196813.85, 313234.01],
              [196805.22, 313212.39000000001397],
              [196802.701, 313204.608],
              [196802.056000000011409, 313202.615999999979977],
              [196799.53, 313194.81],
              [196798.34, 313164.46999999997206],
              [196798.026000000012573, 313154.826],
              [196797.920000000012806, 313151.580000000016298],
              [196798.131, 313144.169999999983702],
              [196798.44, 313133.340000000025611],
              [196798.935999999986961, 313112.108],
              [196799.329999999987194, 313095.210000000020955],
              [196799.609, 313091.159999999974389],
              [196801.006, 313070.843999999982771],
              [196802.60999999998603, 313047.520000000018626],
              [196798.450000000011642, 313040.299999999988358],
              [196777.34, 313016.03000000002794],
              [196748.092, 312980.042000000015832],
              [196746.4, 312977.960000000020955],
              [196735.442000000010012, 312967.363000000012107],
              [196722.047, 312954.408999999985099],
              [196720.28, 312952.700000000011642],
              [196697.920000000012806, 312921.580000000016298],
              [196672.973, 312940.837],
              [196646.35, 312961.387999999977183],
              [196643.688, 312963.441999999980908],
              [196643.29, 312963.75],
              [196640.96, 312964.599999999976717],
              [196602.41, 312877.07],
              [196581.18, 312820.57],
              [196569.41, 312793.409999999974389],
              [196556.700000000011642, 312775.770000000018626],
              [196547.62, 312761.64000000001397],
              [196529.56, 312735.82],
              [196510.12, 312702.299999999988358],
              [196491.41, 312662.07],
              [196484.39000000001397, 312613.94],
              [196487.16, 312559.57],
              [196485.75, 312528.400000000023283],
              [196479.01, 312480.159999999974389],
              [196474.28, 312451.039999999979045],
              [196474.170000000012806, 312426.419999999983702],
              [196467.24, 312380.21999999997206],
              [196457.01, 312306.64000000001397],
              [196452.37, 312249.28000000002794],
              [196452.549999999988358, 312232.539999999979045],
              [196440.524, 312191.547000000020489],
              [196439.46, 312187.919999999983702],
              [196437.394, 312185.756999999983236],
              [196433.263, 312181.430999999982305],
              [196433.723999999987427, 312181.004000000015367],
              [196437.085, 312178.929],
              [196442.525, 312175.98499999998603],
              [196444.538999999989755, 312174.544999999983702],
              [196446.88, 312174.44],
              [196449.695, 312175.12],
              [196450.47, 312175.63],
              [196451.920000000012806, 312176.13],
              [196453.839, 312175.924999999988358],
              [196462.51500000001397, 312171.10999999998603],
              [196464.795000000012806, 312169.675999999977648],
              [196467.53, 312167.575000000011642],
              [196474.642, 312159.827999999979511],
              [196478.815, 312155.599999999976717],
              [196481.15, 312154.385],
              [196484.04, 312153.656000000017229],
              [196487.56, 312153.066],
              [196493.534000000014203, 312151.200000000011642],
              [196503.72, 312146.23499999998603],
              [196507.644999999989523, 312143.446],
              [196508.9, 312141.849999999976717],
              [196510.952, 312136.759000000020023],
              [196512.744, 312130.261],
              [196513.704, 312127.784999999974389],
              [196514.674, 312126.53000000002794],
              [196520.525, 312122.09499999997206],
              [196529.16, 312117.875],
              [196542.85, 312109.256],
              [196544.459, 312107.96999999997206],
              [196545.6, 312106.825000000011642],
              [196546.51, 312105.291000000026543],
              [196547.38, 312102.705000000016298],
              [196550.134, 312098.520000000018626],
              [196556.451, 312090.89000000001397],
              [196561.25, 312086.395000000018626],
              [196565.66, 312083.754000000015367],
              [196566.655, 312083.365],
              [196571.465, 312081.5],
              [196575.424, 312079.085000000020955],
              [196579.171, 312075.715000000025611],
              [196580.386, 312073.94],
              [196581.634, 312071.5],
              [196582.905999999988126, 312065.90500000002794],
              [196583.82, 312061.115],
              [196584.415, 312060.016],
              [196585.23499999998603, 312056.721000000019558],
              [196587.525, 312048.96999999997206],
              [196588.051, 312047.710000000020955],
              [196591.828, 312042.544999999983702],
              [196594.62, 312037.174999999988358],
              [196597.351, 312034.24900000001071],
              [196598.756, 312033.24],
              [196600.286, 312032.770000000018626],
              [196601.839, 312032.76],
              [196603.685, 312033.12],
              [196604.541, 312033.830000000016298],
              [196605.0, 312034.539999999979045],
              [196608.848999999987427, 312039.587],
              [196611.445, 312042.26],
              [196613.394999999989523, 312043.531000000017229],
              [196615.44, 312044.435],
              [196618.791, 312045.080000000016298],
              [196623.135, 312045.06],
              [196626.43, 312045.018999999971129],
              [196627.62, 312045.38],
              [196630.196, 312047.51],
              [196632.840999999985797, 312051.088999999978114],
              [196635.144999999989523, 312053.920999999972992],
              [196637.135, 312054.538999999989755],
              [196639.369, 312053.38],
              [196641.045000000012806, 312052.266],
              [196650.590999999985797, 312047.21999999997206],
              [196658.435, 312040.62400000001071],
              [196659.450000000011642, 312038.659999999974389],
              [196661.089, 312035.909999999974389],
              [196661.866, 312033.525000000023283],
              [196662.775, 312030.781000000017229],
              [196664.04, 312028.315],
              [196665.923, 312025.433000000019092],
              [196668.097, 312020.51500000001397],
              [196669.454, 312017.326],
              [196670.712999999988824, 312014.808000000019092],
              [196672.759, 312012.13900000002468],
              [196674.256, 312011.065],
              [196675.034000000014203, 312010.85999999998603],
              [196676.056000000011409, 312010.815],
              [196679.115, 312011.87],
              [196684.193999999988591, 312013.066],
              [196686.348999999987427, 312012.395000000018626],
              [196687.496000000013737, 312011.625],
              [196688.665, 312010.51],
              [196693.829999999987194, 312005.705000000016298],
              [196696.725, 312003.409999999974389],
              [196698.426, 312002.200000000011642],
              [196701.956, 312001.156000000017229],
              [196706.51, 312001.294999999983702],
              [196709.794, 312001.278],
              [196712.730000000010477, 312001.337999999988824],
              [196716.82, 312001.409999999974389],
              [196717.415, 312001.104999999981374],
              [196723.016, 311998.81],
              [196731.524, 311996.32],
              [196735.01, 311994.305],
              [196737.375, 311992.224999999976717],
              [196737.725, 311990.39000000001397],
              [196736.331, 311988.270000000018626],
              [196734.196, 311987.854999999981374],
              [196731.954999999987194, 311987.53000000002794],
              [196730.671, 311986.336000000010245],
              [196730.155, 311985.215000000025611],
              [196729.76500000001397, 311982.26400000002468],
              [196730.715999999985797, 311977.786000000021886],
              [196731.505, 311974.87],
              [196732.255, 311974.35999999998603],
              [196732.329, 311973.13],
              [196732.019, 311972.170999999972992],
              [196730.609, 311967.169999999983702],
              [196729.385, 311964.075000000011642],
              [196729.535, 311962.44],
              [196730.075000000011642, 311960.885],
              [196730.465999999985797, 311959.941999999980908],
              [196731.877, 311959.683000000019092],
              [196733.165, 311959.974999999976717],
              [196734.305, 311960.315],
              [196735.665, 311960.489],
              [196737.81, 311960.37],
              [196743.008, 311960.184],
              [196746.769999999989523, 311960.200000000011642],
              [196747.739, 311960.03000000002794],
              [196750.64000000001397, 311958.534999999974389],
              [196751.821, 311957.450000000011642],
              [196752.594000000011874, 311956.299999999988358],
              [196752.951, 311954.315],
              [196752.134, 311952.865],
              [196749.28, 311950.080000000016298],
              [196744.075000000011642, 311944.60999999998603],
              [196743.756, 311942.695],
              [196744.261, 311941.10999999998603],
              [196745.97, 311940.76],
              [196748.35999999998603, 311941.601000000024214],
              [196751.856, 311943.255],
              [196753.685999999986961, 311943.23599999997532],
              [196755.295000000012806, 311942.625],
              [196755.951, 311941.849999999976717],
              [196756.679, 311940.73499999998603],
              [196757.60999999998603, 311938.994],
              [196758.995, 311934.99],
              [196759.429, 311929.38900000002468],
              [196759.741, 311928.025000000023283],
              [196760.454999999987194, 311925.88],
              [196766.35999999998603, 311913.549],
              [196767.825000000011642, 311912.085000000020955],
              [196769.174999999988358, 311911.450000000011642],
              [196774.246000000013737, 311910.81],
              [196776.13, 311911.60999999998603],
              [196777.35999999998603, 311914.0],
              [196777.700000000011642, 311915.325000000011642],
              [196778.951, 311917.536000000021886],
              [196780.106, 311917.88],
              [196781.730000000010477, 311917.71999999997206],
              [196783.285, 311916.794999999983702],
              [196784.011, 311915.724999999976717],
              [196786.23499999998603, 311911.659999999974389],
              [196789.242, 311906.414999999979045],
              [196794.403, 311898.18],
              [196799.151000000012573, 311890.606000000028871],
              [196801.14000000001397, 311886.18],
              [196801.465999999985797, 311883.989],
              [196801.489, 311882.35999999998603],
              [196801.259, 311880.424999999988358],
              [196800.779, 311879.305999999982305],
              [196799.01500000001397, 311876.840000000025611],
              [196797.144999999989523, 311875.544999999983702],
              [196792.5, 311873.695],
              [196790.885, 311872.88],
              [196790.223999999987427, 311871.44],
              [196789.845, 311868.900000000023283],
              [196790.371000000013737, 311867.395000000018626],
              [196791.46, 311866.231000000028871],
              [196794.78, 311864.148999999975786],
              [196810.51500000001397, 311857.645000000018626],
              [196814.659000000014203, 311857.005],
              [196816.09, 311856.995],
              [196818.309, 311857.205000000016298],
              [196821.246000000013737, 311857.484],
              [196828.079, 311859.378000000026077],
              [196835.090999999985797, 311862.039999999979045],
              [196838.82, 311864.039999999979045],
              [196840.909000000014203, 311864.988000000012107],
              [196842.25, 311865.73499999998603],
              [196844.299999999988358, 311865.87400000001071],
              [196845.585, 311865.756],
              [196847.995, 311864.836000000010245],
              [196849.449, 311864.044],
              [196853.97, 311860.674999999988358],
              [196856.37599999998929, 311859.21999999997206],
              [196862.785, 311855.815],
              [196864.19, 311855.385],
              [196867.456, 311854.734],
              [196868.755, 311854.580000000016298],
              [196871.745, 311854.713999999978114],
              [196873.75, 311854.900000000023283],
              [196875.835, 311856.006],
              [196877.429, 311857.205000000016298],
              [196878.769999999989523, 311858.020000000018626],
              [196880.596, 311857.82],
              [196881.899, 311857.135],
              [196882.806000000011409, 311856.381999999983236],
              [196884.347, 311854.503000000026077],
              [196888.340999999985797, 311851.759000000020023],
              [196891.454999999987194, 311849.146],
              [196894.595, 311848.324000000022352],
              [196896.631, 311848.31],
              [196899.9, 311848.580000000016298],
              [196901.295000000012806, 311849.159999999974389],
              [196903.301, 311850.586000000010245],
              [196904.47, 311851.856000000028871],
              [196905.56, 311853.305999999982305],
              [196907.46, 311857.643999999971129],
              [196910.480000000010477, 311866.365],
              [196911.230000000010477, 311867.518999999971129],
              [196912.295000000012806, 311868.395000000018626],
              [196913.310999999986961, 311868.960000000020955],
              [196914.704999999987194, 311869.479999999981374],
              [196916.084, 311869.223999999987427],
              [196916.995, 311868.674],
              [196917.926, 311867.755],
              [196923.112, 311859.851000000024214],
              [196925.99299999998766, 311856.202],
              [196926.950000000011642, 311855.065],
              [196928.009, 311854.596000000019558],
              [196930.045000000012806, 311854.670999999972992],
              [196931.200000000011642, 311855.036000000021886],
              [196932.328, 311855.994],
              [196933.894999999989523, 311858.104999999981374],
              [196937.295000000012806, 311863.950000000011642],
              [196940.88, 311870.409999999974389],
              [196942.166, 311872.135],
              [196943.435999999986961, 311873.01],
              [196945.405, 311873.685],
              [196947.840999999985797, 311873.924999999988358],
              [196950.28, 311873.541000000026543],
              [196951.559, 311872.439000000013039],
              [196952.15, 311871.755],
              [196952.619, 311871.07],
              [196953.746000000013737, 311868.951],
              [196954.13, 311867.59499999997206],
              [196955.021, 311864.65500000002794],
              [196956.104, 311862.26400000002468],
              [196957.549, 311861.07],
              [196960.99, 311862.011],
              [196971.878999999986263, 311869.924999999988358],
              [196973.730000000010477, 311871.01500000001397],
              [196978.519, 311872.930999999982305],
              [196982.206, 311873.276000000012573],
              [196985.215, 311872.895000000018626],
              [196993.255, 311870.805],
              [196997.776000000012573, 311869.659999999974389],
              [197002.054, 311868.215000000025611],
              [197005.519999999989523, 311865.854999999981374],
              [197009.950000000011642, 311862.125],
              [197014.39000000001397, 311857.050999999977648],
              [197016.049999999988358, 311853.865],
              [197016.51, 311850.10999999998603],
              [197016.695, 311848.159999999974389],
              [197017.775, 311843.62400000001071],
              [197018.6, 311841.56],
              [197019.791999999986729, 311840.208999999973457],
              [197021.685, 311839.408999999985099],
              [197032.769999999989523, 311836.789999999979045],
              [197038.496000000013737, 311835.114],
              [197042.851, 311834.049],
              [197046.12, 311833.25],
              [197049.361, 311832.21999999997206],
              [197063.49, 311831.705000000016298],
              [197074.255, 311832.115999999979977],
              [197075.846, 311832.365],
              [197077.079999999987194, 311832.326],
              [197078.48499999998603, 311831.629000000015367],
              [197079.473999999987427, 311829.776000000012573],
              [197081.519, 311825.62400000001071],
              [197083.21, 311823.955000000016298],
              [197085.568999999988591, 311823.223999999987427],
              [197088.155, 311823.465000000025611],
              [197091.96, 311824.825000000011642],
              [197093.49, 311826.446],
              [197094.700000000011642, 311828.466000000014901],
              [197095.301, 311830.704000000027008],
              [197098.605000000010477, 311846.01],
              [197099.729, 311847.03000000002794],
              [197101.611, 311847.06],
              [197103.34, 311846.549999999988358],
              [197106.486, 311844.560999999986961],
              [197112.920000000012806, 311834.835000000020955],
              [197118.605000000010477, 311827.88],
              [197119.891, 311827.086000000010245],
              [197122.274, 311826.335000000020955],
              [197124.46, 311826.599999999976717],
              [197125.426, 311827.950000000011642],
              [197125.950000000011642, 311833.268999999971129],
              [197126.981, 311835.15500000002794],
              [197128.299, 311835.840000000025611],
              [197130.049, 311835.909999999974389],
              [197130.68, 311835.819000000017695],
              [197143.381, 311831.658],
              [197151.50099999998929, 311830.13900000002468],
              [197155.885, 311828.245],
              [197157.385, 311827.245],
              [197158.969000000011874, 311825.465000000025611],
              [197159.78, 311823.539999999979045],
              [197159.443999999988591, 311821.599999999976717],
              [197158.276000000012573, 311820.099999999976717],
              [197155.805, 311817.31],
              [197153.87599999998929, 311816.15500000002794],
              [197152.945, 311814.101000000024214],
              [197153.019999999989523, 311812.856000000028871],
              [197153.995, 311810.365999999979977],
              [197154.71, 311809.055],
              [197157.845, 311803.766],
              [197158.25, 311800.254000000015367],
              [197158.62, 311796.536000000021886],
              [197164.076, 311782.726000000024214],
              [197165.25, 311777.729999999981374],
              [197165.35, 311775.71999999997206],
              [197165.615, 311771.755],
              [197168.314000000013039, 311769.711000000010245],
              [197168.904, 311769.615999999979977],
              [197169.535, 311769.635],
              [197170.25, 311769.875],
              [197170.39000000001397, 311771.31],
              [197170.745, 311773.755],
              [197173.18, 311779.403999999980442],
              [197175.6, 311783.109],
              [197177.185, 311784.445],
              [197178.46, 311784.846000000019558],
              [197179.659000000014203, 311784.770000000018626],
              [197181.211000000010245, 311784.200000000011642],
              [197182.695, 311782.631],
              [197189.43, 311771.702],
              [197195.193, 311762.00099999998929],
              [197198.328, 311756.347],
              [197201.529, 311750.49900000001071],
              [197201.82, 311749.409999999974389],
              [197202.924, 311747.26400000002468],
              [197203.924999999988358, 311745.977000000013504],
              [197204.405, 311742.669999999983702],
              [197203.980000000010477, 311740.981000000028871],
              [197203.631, 311739.854999999981374],
              [197201.96, 311737.544],
              [197198.51, 311732.704000000027008],
              [197198.185, 311730.604999999981374],
              [197198.57, 311728.731000000028871],
              [197198.636999999987893, 311728.433000000019092],
              [197198.769999999989523, 311727.84499999997206],
              [197199.528, 311726.648999999975786],
              [197200.913999999989755, 311724.460000000020955],
              [197202.204999999987194, 311723.25],
              [197206.459, 311721.159999999974389],
              [197207.94, 311720.409999999974389],
              [197211.24, 311720.147999999986496],
              [197228.378, 311719.852000000013504],
              [197229.136, 311719.838999999978114],
              [197234.479, 311720.340000000025611],
              [197235.413, 311720.402],
              [197237.62400000001071, 311720.549999999988358],
              [197240.915, 311720.398999999975786],
              [197246.805, 311720.224999999976717],
              [197248.954999999987194, 311720.544999999983702],
              [197250.359, 311721.865],
              [197250.655999999988126, 311723.385],
              [197250.685, 311724.305],
              [197250.575000000011642, 311726.849999999976717],
              [197250.945, 311728.495],
              [197251.87400000001071, 311729.696],
              [197254.315, 311730.13],
              [197255.915, 311729.755],
              [197257.635, 311728.88],
              [197259.344000000011874, 311727.85999999998603],
              [197262.980000000010477, 311725.506],
              [197265.154, 311723.659999999974389],
              [197266.006, 311722.784999999974389],
              [197269.139, 311719.017999999981839],
              [197272.371000000013737, 311715.825000000011642],
              [197273.864, 311715.10999999998603],
              [197275.82, 311715.119],
              [197277.53, 311716.325000000011642],
              [197278.560999999986961, 311717.39000000001397],
              [197279.938, 311719.085000000020955],
              [197281.75099999998929, 311720.815],
              [197283.669, 311721.976000000024214],
              [197285.49900000001071, 311721.840000000025611],
              [197286.451, 311721.772],
              [197290.96, 311721.450000000011642],
              [197292.37400000001071, 311721.474999999976717],
              [197294.89000000001397, 311722.393999999971129],
              [197297.4, 311724.01],
              [197299.475, 311726.115999999979977],
              [197301.245, 311728.191],
              [197301.9, 311729.200000000011642],
              [197302.829, 311730.50099999998929],
              [197306.181000000011409, 311737.411000000021886],
              [197313.259, 311745.68],
              [197315.219000000011874, 311747.205000000016298],
              [197317.01, 311747.784999999974389],
              [197318.48499999998603, 311747.81],
              [197320.491, 311746.455000000016298],
              [197320.954999999987194, 311745.789999999979045],
              [197323.005, 311744.085000000020955],
              [197325.335, 311742.474999999976717],
              [197326.411, 311742.349999999976717],
              [197327.285, 311741.849999999976717],
              [197330.006, 311739.305999999982305],
              [197331.206, 311738.78000000002794],
              [197332.204999999987194, 311738.89000000001397],
              [197333.204, 311739.506],
              [197334.424999999988358, 311740.256],
              [197345.816, 311747.076],
              [197351.530999999988126, 311750.023999999975786],
              [197351.916999999986729, 311750.191],
              [197357.081, 311752.419999999983702],
              [197358.99, 311752.315],
              [197359.965, 311752.329000000027008],
              [197360.81, 311752.255],
              [197362.090999999985797, 311751.831],
              [197376.087, 311747.632999999972526],
              [197382.16, 311745.57],
              [197383.041999999986729, 311744.870999999984633],
              [197385.21, 311743.15500000002794],
              [197389.435999999986961, 311739.119],
              [197391.97, 311737.159999999974389],
              [197393.918, 311735.694000000017695],
              [197395.649, 311734.332999999984168],
              [197407.16, 311722.973999999987427],
              [197409.676, 311721.012999999977183],
              [197411.193999999988591, 311719.428000000014435],
              [197413.339, 311717.617000000027474],
              [197416.644999999989523, 311715.635],
              [197430.32, 311703.974999999976717],
              [197433.030999999988126, 311702.066999999980908],
              [197438.456, 311698.381],
              [197445.435, 311692.101000000024214],
              [197446.920000000012806, 311690.299999999988358],
              [197449.106, 311689.700000000011642],
              [197450.295000000012806, 311689.559],
              [197451.085, 311689.195],
              [197456.996000000013737, 311685.375],
              [197458.200000000011642, 311684.099999999976717],
              [197459.255, 311682.435],
              [197466.375, 311671.75],
              [197467.799999999988358, 311669.805],
              [197470.780999999988126, 311666.505],
              [197471.831, 311665.666000000026543],
              [197474.593, 311663.689000000013039],
              [197478.446, 311661.294],
              [197482.057999999989988, 311659.027],
              [197486.796, 311656.163999999989755],
              [197488.487, 311654.960000000020955],
              [197496.23499999998603, 311649.73499999998603],
              [197501.912000000011176, 311644.946],
              [197508.926, 311639.044999999983702],
              [197510.28, 311637.745],
              [197511.44, 311637.135],
              [197514.413999999989755, 311636.039999999979045],
              [197515.934, 311634.896],
              [197518.365, 311632.06],
              [197534.115, 311616.575000000011642],
              [197543.715, 311605.68],
              [197547.128999999986263, 311602.806999999971595],
              [197560.071, 311592.723],
              [197565.938, 311587.917000000015832],
              [197569.893000000010943, 311584.256],
              [197588.226, 311568.256],
              [197610.872, 311548.68],
              [197624.285, 311537.231000000028871],
              [197639.564000000013039, 311522.832999999984168],
              [197645.976, 311517.783],
              [197663.404, 311505.854],
              [197671.99299999998766, 311498.646],
              [197674.153, 311496.531000000017229],
              [197676.305, 311494.614],
              [197710.304, 311465.156000000017229],
              [197735.958000000013271, 311442.983],
              [197741.665, 311437.59499999997206],
              [197743.086000000010245, 311435.87],
              [197747.348, 311431.302000000025146],
              [197749.266, 311428.990999999979977],
              [197757.829, 311420.299999999988358],
              [197781.709, 311400.157],
              [197796.791, 311387.288],
              [197798.903, 311385.5],
              [197800.913999999989755, 311383.917000000015832],
              [197827.426, 311363.135],
              [197833.093, 311357.395000000018626],
              [197835.352000000013504, 311354.898999999975786],
              [197837.491, 311352.201],
              [197839.76500000001397, 311349.35999999998603],
              [197843.852000000013504, 311345.576],
              [197849.198, 311341.574000000022352],
              [197850.636, 311340.554],
              [197859.201, 311335.06],
              [197865.597, 311332.966000000014901],
              [197870.799999999988358, 311331.865],
              [197873.263, 311331.683000000019092],
              [197875.206, 311331.539999999979045],
              [197878.26, 311331.315],
              [197885.671, 311327.646],
              [197917.66, 311309.370999999984633],
              [197921.753999999986263, 311307.295999999972992],
              [197924.165, 311305.13],
              [197925.26500000001397, 311302.375],
              [197926.695, 311297.310999999986961],
              [197926.894999999989523, 311292.289999999979045],
              [197925.869, 311274.402],
              [197922.855000000010477, 311238.914999999979045],
              [197920.239, 311204.635],
              [197916.596, 311162.789999999979045],
              [197916.204999999987194, 311154.84499999997206],
              [197916.37400000001071, 311139.379000000015367],
              [197916.413999999989755, 311137.228],
              [197916.443, 311135.604999999981374],
              [197917.035, 311103.51500000001397],
              [197916.454999999987194, 311083.565],
              [197916.032, 311070.12599999998929],
              [197916.068999999988591, 311047.59499999997206],
              [197916.136, 311028.593999999982771],
              [197916.246000000013737, 311026.44],
              [197917.0, 311022.941],
              [197918.375, 311019.574000000022352],
              [197919.980000000010477, 311016.770000000018626],
              [197922.950000000011642, 311012.794999999983702],
              [197928.106999999989057, 311008.234],
              [197939.625, 310998.049999999988358],
              [197950.37400000001071, 310990.295999999972992],
              [197957.25, 310987.23499999998603],
              [197964.496000000013737, 310984.900000000023283],
              [197972.75, 310980.44],
              [197974.37599999998929, 310979.445],
              [197975.945, 310978.48599999997532],
              [197977.352000000013504, 310977.69],
              [197977.97, 310977.340000000025611],
              [197980.714, 310975.908999999985099],
              [197983.75, 310974.840000000025611],
              [197984.956, 310974.590000000025611],
              [197986.04, 310974.365],
              [197988.34, 310974.12],
              [197990.32, 310974.044999999983702],
              [197993.519999999989523, 310973.955000000016298],
              [197998.671, 310972.74900000001071],
              [198001.456, 310971.51500000001397],
              [198003.475, 310970.26500000001397],
              [198003.714, 310970.044],
              [198005.07, 310968.794999999983702],
              [198006.619, 310966.88],
              [198007.794, 310964.454000000027008],
              [198008.644999999989523, 310961.414999999979045],
              [198008.881, 310960.01400000002468],
              [198009.479, 310955.525000000023283],
              [198009.905, 310951.94],
              [198010.098, 310948.386],
              [198010.079999999987194, 310945.460000000020955],
              [198010.230000000010477, 310943.01],
              [198010.35, 310941.885],
              [198010.389, 310941.718],
              [198018.722, 310934.781000000017229],
              [198034.897999999986496, 310921.316],
              [198036.828, 310918.409999999974389],
              [198043.131, 310923.881],
              [198052.584, 310932.086000000010245],
              [198053.239, 310932.63900000002468],
              [198067.726, 310938.506999999983236],
              [198073.785, 310939.49],
              [198083.429, 310946.164999999979045],
              [198083.848999999987427, 310946.477000000013504],
              [198090.18, 310951.19],
              [198100.76, 310958.96999999997206],
              [198104.864, 310961.603],
              [198107.96, 310963.590000000025611],
              [198108.212, 310963.75099999998929],
              [198110.734, 310965.365999999979977],
              [198112.209, 310963.830000000016298],
              [198113.4, 310961.869],
              [198116.63, 310957.900000000023283],
              [198121.753999999986263, 310952.629000000015367],
              [198125.259, 310949.76],
              [198130.535, 310946.916000000026543],
              [198134.054, 310944.73499999998603],
              [198139.788999999989755, 310941.685999999986961],
              [198142.189000000013039, 310940.065],
              [198143.94, 310938.685],
              [198145.305, 310937.080000000016298],
              [198146.59, 310935.200000000011642],
              [198146.69, 310934.195],
              [198147.055, 310932.965000000025611],
              [198147.116, 310929.34499999997206],
              [198146.63, 310925.424999999988358],
              [198146.115, 310922.12],
              [198146.215, 310916.664999999979045],
              [198146.345, 310915.136],
              [198148.345, 310913.458999999973457],
              [198148.734, 310913.18],
              [198148.91, 310912.444000000017695],
              [198150.365, 310910.526000000012573],
              [198152.345, 310909.518999999971129],
              [198156.511, 310907.974999999976717],
              [198157.919, 310907.48499999998603],
              [198168.245, 310904.544999999983702],
              [198170.74, 310903.44],
              [198171.66, 310902.835000000020955],
              [198173.345, 310901.11099999997532],
              [198175.094000000011874, 310898.914999999979045],
              [198177.051, 310895.724999999976717],
              [198177.634, 310893.675999999977648],
              [198177.775, 310889.450000000011642],
              [198176.12599999998929, 310884.674999999988358],
              [198174.581, 310880.430999999982305],
              [198173.88, 310878.479999999981374],
              [198173.245, 310875.995999999984633],
              [198173.325000000011642, 310873.951],
              [198173.806000000011409, 310872.86099999997532],
              [198174.665, 310871.305],
              [198175.76500000001397, 310869.990999999979977],
              [198177.026000000012573, 310868.68],
              [198178.038999999989755, 310867.800999999977648],
              [198179.075000000011642, 310866.645000000018626],
              [198179.851, 310864.416000000026543],
              [198181.495, 310861.90500000002794],
              [198185.856, 310856.669999999983702],
              [198190.075000000011642, 310852.704000000027008],
              [198194.225, 310848.385],
              [198196.49, 310845.990999999979977],
              [198198.725, 310843.305],
              [198200.615, 310840.791000000026543],
              [198202.174999999988358, 310837.729999999981374],
              [198202.905, 310835.520000000018626],
              [198203.75, 310833.006],
              [198205.435, 310829.305999999982305],
              [198205.951, 310828.5],
              [198206.366, 310827.69],
              [198207.14000000001397, 310825.48499999998603],
              [198207.049999999988358, 310824.450000000011642],
              [198206.439000000013039, 310821.284999999974389],
              [198205.384, 310818.849999999976717],
              [198204.221, 310816.963999999978114],
              [198202.920000000012806, 310814.974999999976717],
              [198202.365, 310813.51400000002468],
              [198202.005, 310812.569000000017695],
              [198201.79, 310811.055999999982305],
              [198202.184, 310810.210000000020955],
              [198202.805, 310809.021],
              [198203.935999999986961, 310808.25],
              [198205.794, 310808.166000000026543],
              [198207.424999999988358, 310809.210000000020955],
              [198209.13, 310810.819000000017695],
              [198210.674999999988358, 310812.195],
              [198212.24, 310813.31],
              [198214.340999999985797, 310814.01],
              [198215.941, 310814.14000000001397],
              [198218.469000000011874, 310813.88],
              [198219.641, 310812.431999999971595],
              [198221.435, 310809.44],
              [198223.174999999988358, 310806.924999999988358],
              [198223.945, 310806.044999999983702],
              [198225.996000000013737, 310804.244],
              [198227.01, 310803.575000000011642],
              [198228.255, 310803.120999999984633],
              [198229.5, 310802.830000000016298],
              [198232.005, 310802.275000000023283],
              [198234.609, 310802.28000000002794],
              [198235.116, 310801.185],
              [198235.50099999998929, 310799.865],
              [198235.285, 310798.275000000023283],
              [198234.63, 310795.93],
              [198233.497, 310792.693000000028405],
              [198231.525, 310788.18],
              [198230.514, 310784.700000000011642],
              [198232.03, 310784.810999999986961],
              [198233.03, 310784.755],
              [198235.165, 310784.675999999977648],
              [198237.51500000001397, 310785.468999999982771],
              [198240.35, 310786.526000000012573],
              [198242.170000000012806, 310786.465000000025611],
              [198243.706, 310785.961000000010245],
              [198245.41, 310784.87],
              [198247.549999999988358, 310782.710000000020955],
              [198248.840999999985797, 310781.549999999988358],
              [198250.684, 310779.715000000025611],
              [198253.401000000012573, 310778.351000000024214],
              [198255.896, 310777.960000000020955],
              [198257.845, 310777.973999999987427],
              [198259.225, 310778.835000000020955],
              [198260.276000000012573, 310779.044999999983702],
              [198260.920000000012806, 310778.956],
              [198262.545000000012806, 310778.278999999980442],
              [198263.85999999998603, 310777.365],
              [198265.096, 310775.805999999982305],
              [198266.285, 310773.96999999997206],
              [198268.635, 310770.794999999983702],
              [198270.704999999987194, 310769.21999999997206],
              [198273.355000000010477, 310767.86099999997532],
              [198276.199, 310766.575000000011642],
              [198278.324, 310765.575000000011642],
              [198279.37, 310764.85999999998603],
              [198279.989, 310763.76],
              [198280.495, 310761.815],
              [198280.829, 310759.945],
              [198281.755, 310756.419999999983702],
              [198283.355000000010477, 310750.891],
              [198283.299999999988358, 310749.19],
              [198283.326, 310747.18],
              [198284.63, 310745.018999999971129],
              [198285.12599999998929, 310744.612000000022817],
              [198285.91, 310743.968999999982771],
              [198287.39000000001397, 310743.901000000012573],
              [198288.865, 310743.88900000002468],
              [198293.674999999988358, 310743.885],
              [198294.711000000010245, 310743.575000000011642],
              [198295.805, 310742.729999999981374],
              [198297.00099999998929, 310741.131],
              [198299.769999999989523, 310731.62],
              [198301.314000000013039, 310730.19],
              [198303.016, 310729.365],
              [198304.919, 310729.07],
              [198305.450000000011642, 310728.474999999976717],
              [198305.965999999985797, 310725.055999999982305],
              [198306.005, 310722.224999999976717],
              [198306.538999999989755, 310720.903999999980442],
              [198307.546, 310719.74],
              [198309.011, 310718.775000000023283],
              [198310.6, 310717.63900000002468],
              [198312.095, 310716.679],
              [198313.601, 310715.615999999979977],
              [198315.355000000010477, 310714.849999999976717],
              [198317.825000000011642, 310714.294999999983702],
              [198321.079999999987194, 310714.044],
              [198323.055, 310714.099999999976717],
              [198325.154, 310714.26],
              [198327.016, 310714.646],
              [198328.288999999989755, 310714.805999999982305],
              [198329.69, 310714.84499999997206],
              [198331.074, 310714.895000000018626],
              [198332.682, 310714.653999999980442],
              [198334.299999999988358, 310714.49],
              [198335.89000000001397, 310713.85999999998603],
              [198338.245, 310713.075000000011642],
              [198340.525, 310712.545999999972992],
              [198342.285, 310712.153999999980442],
              [198343.575000000011642, 310711.674999999988358],
              [198344.48499999998603, 310711.0],
              [198345.191, 310709.849999999976717],
              [198346.003999999986263, 310707.90500000002794],
              [198346.980000000010477, 310704.950000000011642],
              [198347.049999999988358, 310702.794999999983702],
              [198348.465, 310698.85999999998603],
              [198349.646, 310695.865],
              [198350.93, 310693.846000000019558],
              [198352.084, 310692.400000000023283],
              [198353.34, 310690.949000000022352],
              [198354.951, 310689.330000000016298],
              [198356.674999999988358, 310688.159999999974389],
              [198358.14000000001397, 310687.099999999976717],
              [198359.56, 310685.794999999983702],
              [198360.575000000011642, 310684.419999999983702],
              [198361.245, 310682.851000000024214],
              [198361.585, 310681.080000000016298],
              [198361.669, 310678.799999999988358],
              [198361.575000000011642, 310676.299],
              [198361.296, 310673.99],
              [198361.245, 310672.011],
              [198361.545000000012806, 310670.38],
              [198362.269, 310668.218999999982771],
              [198362.924999999988358, 310666.93],
              [198363.905, 310664.89000000001397],
              [198366.239, 310660.76500000001397],
              [198368.775, 310657.0],
              [198370.769999999989523, 310655.164999999979045],
              [198372.704999999987194, 310654.080000000016298],
              [198374.715999999985797, 310653.73499999998603],
              [198376.473999999987427, 310653.659999999974389],
              [198378.075000000011642, 310653.82],
              [198379.840999999985797, 310654.895000000018626],
              [198381.25, 310655.968999999982771],
              [198382.611, 310657.245],
              [198383.685, 310658.23499999998603],
              [198385.19, 310659.25],
              [198386.75, 310659.836000000010245],
              [198389.730000000010477, 310660.016],
              [198391.736, 310659.791000000026543],
              [198394.03, 310658.885],
              [198395.885, 310657.809],
              [198397.155, 310657.020000000018626],
              [198399.555, 310655.68],
              [198400.755, 310654.159999999974389],
              [198401.155, 310653.01],
              [198401.291, 310651.205000000016298],
              [198401.22, 310647.705000000016298],
              [198402.134, 310644.09499999997206],
              [198403.26500000001397, 310643.398999999975786],
              [198408.505, 310640.99],
              [198411.095, 310639.674],
              [198412.516, 310638.775000000023283],
              [198414.315, 310637.545999999972992],
              [198416.01500000001397, 310636.43],
              [198418.035, 310635.65500000002794],
              [198419.48499999998603, 310635.598999999987427],
              [198419.842, 310635.734],
              [198421.310999999986961, 310636.288999999989755],
              [198430.744, 310642.906000000017229],
              [198433.795000000012806, 310645.14000000001397],
              [198435.535, 310645.821],
              [198438.055, 310645.815],
              [198440.88, 310645.778999999980442],
              [198443.171, 310645.541000000026543],
              [198446.125, 310644.74],
              [198448.431000000011409, 310643.64000000001397],
              [198449.555, 310642.851000000024214],
              [198451.245, 310641.12599999998929],
              [198453.74, 310639.055],
              [198456.24, 310637.759000000020023],
              [198458.6, 310636.794999999983702],
              [198460.730000000010477, 310636.273999999975786],
              [198463.424999999988358, 310636.18],
              [198465.924999999988358, 310635.955000000016298],
              [198467.185999999986961, 310635.409999999974389],
              [198467.954, 310634.245],
              [198468.4, 310632.245],
              [198468.93, 310630.104],
              [198470.535, 310627.895000000018626],
              [198472.229, 310626.634000000020023],
              [198474.325000000011642, 310625.63],
              [198476.096, 310624.99],
              [198477.399, 310624.395000000018626],
              [198478.644999999989523, 310623.659999999974389],
              [198480.165, 310622.516],
              [198481.844000000011874, 310621.354999999981374],
              [198484.04, 310621.026000000012573],
              [198485.894, 310621.474999999976717],
              [198488.275, 310623.020000000018626],
              [198493.049999999988358, 310625.854999999981374],
              [198496.5, 310628.544999999983702],
              [198497.856, 310629.349999999976717],
              [198499.399, 310629.34499999997206],
              [198503.23499999998603, 310627.963999999978114],
              [198507.211000000010245, 310622.38],
              [198508.755, 310620.564000000013039],
              [198510.681000000011409, 310619.224999999976717],
              [198512.711000000010245, 310618.93],
              [198514.878999999986263, 310618.409999999974389],
              [198516.215, 310617.549999999988358],
              [198517.76500000001397, 310616.158999999985099],
              [198518.919, 310614.784999999974389],
              [198519.401000000012573, 310613.840000000025611],
              [198519.378999999986263, 310613.025000000023283],
              [198518.505, 310612.161000000021886],
              [198516.764, 310611.39000000001397],
              [198514.805, 310611.09499999997206],
              [198510.97, 310611.07],
              [198509.49, 310609.914999999979045],
              [198509.715, 310607.40500000002794],
              [198511.628999999986263, 310605.604],
              [198513.971, 310604.435],
              [198516.421, 310603.099999999976717],
              [198517.25, 310602.468999999982771],
              [198518.32, 310601.51],
              [198520.21, 310601.169999999983702],
              [198525.431000000011409, 310601.691],
              [198526.971, 310602.634000000020023],
              [198527.565, 310605.115],
              [198528.345, 310606.619],
              [198530.269999999989523, 310607.400000000023283],
              [198532.514, 310608.226000000024214],
              [198533.385, 310608.805],
              [198534.284000000014203, 310609.650000000023283],
              [198536.214, 310609.87],
              [198538.494, 310609.789999999979045],
              [198539.886, 310609.266],
              [198541.054, 310608.229999999981374],
              [198543.514, 310605.24900000001071],
              [198545.325000000011642, 310601.115],
              [198548.38, 310594.115],
              [198549.035, 310592.729],
              [198549.34, 310590.395000000018626],
              [198549.851, 310588.12],
              [198550.075000000011642, 310586.84499999997206],
              [198550.24, 310584.84499999997206],
              [198552.973999999987427, 310582.935],
              [198556.575000000011642, 310582.310999999986961],
              [198559.516, 310581.196],
              [198561.355000000010477, 310580.354999999981374],
              [198563.261, 310579.226000000024214],
              [198564.696, 310578.036000000021886],
              [198566.519999999989523, 310576.18],
              [198567.855000000010477, 310574.784999999974389],
              [198569.796, 310573.413999999989755],
              [198572.01500000001397, 310573.465000000025611],
              [198574.79, 310574.245],
              [198577.665, 310576.289999999979045],
              [198581.28, 310578.884000000020023],
              [198583.753999999986263, 310580.641],
              [198585.875, 310582.224999999976717],
              [198587.005, 310582.815],
              [198588.435, 310582.645000000018626],
              [198589.88, 310581.65500000002794],
              [198591.950000000011642, 310579.44],
              [198596.691, 310575.935],
              [198600.63, 310573.664999999979045],
              [198603.894, 310571.724999999976717],
              [198606.095, 310570.229999999981374],
              [198607.943999999988591, 310568.335000000020955],
              [198609.375, 310566.229],
              [198610.46, 310564.25],
              [198611.200000000011642, 310562.10999999998603],
              [198611.98499999998603, 310559.53000000002794],
              [198612.634, 310556.26500000001397],
              [198613.034000000014203, 310554.601000000024214],
              [198612.94, 310552.919999999983702],
              [198611.585, 310548.23499999998603],
              [198611.385, 310545.76400000002468],
              [198611.98499999998603, 310542.57],
              [198613.825000000011642, 310539.325000000011642],
              [198616.051, 310538.025000000023283],
              [198617.769999999989523, 310537.268999999971129],
              [198619.861, 310536.93],
              [198621.51, 310536.919999999983702],
              [198622.326, 310536.76],
              [198623.996000000013737, 310535.604999999981374],
              [198625.575000000011642, 310534.354999999981374],
              [198627.435999999986961, 310532.408999999985099],
              [198628.413999999989755, 310530.544999999983702],
              [198628.93, 310528.284999999974389],
              [198629.39000000001397, 310526.24],
              [198629.670000000012806, 310524.369],
              [198630.079, 310522.379000000015367],
              [198630.771, 310520.711000000010245],
              [198632.299999999988358, 310519.169999999983702],
              [198633.911, 310518.14000000001397],
              [198635.935, 310516.805],
              [198637.635, 310515.971000000019558],
              [198639.37400000001071, 310515.51500000001397],
              [198640.739, 310515.484],
              [198641.666, 310515.25099999998929],
              [198643.755, 310511.38],
              [198645.549999999988358, 310508.419999999983702],
              [198646.91, 310505.726000000024214],
              [198648.200000000011642, 310502.805],
              [198649.329999999987194, 310501.340000000025611],
              [198650.655999999988126, 310500.315],
              [198652.176, 310499.315],
              [198653.454999999987194, 310498.299999999988358],
              [198654.595, 310496.88900000002468],
              [198655.641, 310494.615],
              [198656.0, 310492.659999999974389],
              [198655.835, 310490.28000000002794],
              [198655.551, 310488.14000000001397],
              [198655.276000000012573, 310486.770000000018626],
              [198654.559, 310485.945],
              [198653.53, 310484.73499999998603],
              [198653.324, 310482.935999999986961],
              [198654.204999999987194, 310480.62],
              [198655.759, 310479.245999999984633],
              [198657.975, 310478.085000000020955],
              [198659.815, 310477.06],
              [198661.559, 310475.76500000001397],
              [198663.195, 310473.98599999997532],
              [198664.385, 310471.674999999988358],
              [198665.241, 310468.98499999998603],
              [198665.76500000001397, 310465.68],
              [198665.54, 310463.294999999983702],
              [198665.415, 310460.745],
              [198665.776000000012573, 310459.294999999983702],
              [198665.495, 310457.669],
              [198665.295000000012806, 310455.65500000002794],
              [198666.604, 310453.78000000002794],
              [198668.521, 310453.175999999977648],
              [198670.636, 310452.56],
              [198673.96, 310451.960000000020955],
              [198676.805, 310452.028999999980442],
              [198679.799, 310451.98499999998603],
              [198682.13, 310451.541000000026543],
              [198684.275, 310450.541000000026543],
              [198686.144999999989523, 310448.990999999979977],
              [198687.693999999988591, 310446.62],
              [198688.051, 310445.669999999983702],
              [198688.259, 310444.215000000025611],
              [198688.419, 310442.016],
              [198688.285, 310440.645000000018626],
              [198687.68, 310439.653999999980442],
              [198686.696, 310438.60999999998603],
              [198685.79, 310438.21999999997206],
              [198683.73499999998603, 310438.125],
              [198681.644999999989523, 310436.775000000023283],
              [198680.651000000012573, 310433.659999999974389],
              [198681.590999999985797, 310429.185],
              [198683.005, 310425.245],
              [198683.53, 310422.169999999983702],
              [198683.46, 310418.635],
              [198683.32, 310415.13],
              [198683.045000000012806, 310411.715000000025611],
              [198683.038999999989755, 310411.619],
              [198682.85999999998603, 310408.713999999978114],
              [198683.025, 310406.403999999980442],
              [198684.579999999987194, 310403.76500000001397],
              [198686.704999999987194, 310402.200000000011642],
              [198689.13, 310401.34499999997206],
              [198690.726, 310400.69],
              [198692.885, 310399.909999999974389],
              [198695.575000000011642, 310399.694000000017695],
              [198698.051, 310400.65500000002794],
              [198700.03, 310403.156000000017229],
              [198702.336000000010245, 310405.226000000024214],
              [198704.745, 310405.99],
              [198707.48499999998603, 310406.229999999981374],
              [198709.82, 310406.145000000018626],
              [198712.219000000011874, 310405.559],
              [198714.585, 310404.114],
              [198716.971, 310402.099999999976717],
              [198722.241, 310397.164999999979045],
              [198724.056000000011409, 310395.060999999986961],
              [198725.301, 310393.411000000021886],
              [198727.15, 310390.88],
              [198728.329999999987194, 310388.961000000010245],
              [198729.62400000001071, 310385.995],
              [198730.76500000001397, 310383.974999999976717],
              [198736.312, 310376.761999999987893],
              [198739.25700000001234, 310372.650000000023283],
              [198739.685, 310371.715000000025611],
              [198740.074, 310371.125],
              [198741.730000000010477, 310369.726000000024214],
              [198743.121000000013737, 310369.315],
              [198759.82, 310368.5],
              [198762.564000000013039, 310368.085000000020955],
              [198764.714, 310367.283],
              [198766.345, 310366.090000000025611],
              [198776.13, 310354.664999999979045],
              [198779.88, 310351.69],
              [198789.054, 310345.63],
              [198789.543, 310345.341000000014901],
              [198792.909000000014203, 310343.349999999976717],
              [198803.325000000011642, 310341.056999999971595],
              [198814.193999999988591, 310338.099999999976717],
              [198823.079999999987194, 310333.548],
              [198833.095, 310328.59499999997206],
              [198834.305, 310327.761],
              [198840.492, 310323.949000000022352],
              [198843.670000000012806, 310322.26],
              [198846.869, 310321.635],
              [198854.405, 310320.819000000017695],
              [198857.465, 310320.43],
              [198859.041, 310319.635],
              [198860.785, 310317.770000000018626],
              [198861.950000000011642, 310316.300999999977648],
              [198862.920000000012806, 310314.68],
              [198863.709, 310312.824000000022352],
              [198864.391, 310309.955000000016298],
              [198864.91, 310307.125],
              [198865.195, 310305.57],
              [198865.549999999988358, 310304.604999999981374],
              [198866.075000000011642, 310304.055],
              [198867.22, 310303.40500000002794],
              [198867.950000000011642, 310303.104999999981374],
              [198876.935, 310301.935],
              [198878.703, 310302.043],
              [198879.871000000013737, 310302.115],
              [198884.165, 310303.476000000024214],
              [198886.935, 310303.805],
              [198891.956, 310303.835000000020955],
              [198893.305, 310303.419999999983702],
              [198894.549999999988358, 310302.768999999971129],
              [198895.56, 310301.849999999976717],
              [198896.255, 310299.935],
              [198901.53, 310288.484],
              [198906.824, 310279.066],
              [198907.215999999985797, 310277.38900000002468],
              [198906.230000000010477, 310274.625],
              [198905.715, 310271.974999999976717],
              [198906.25, 310270.395000000018626],
              [198907.165, 310269.055],
              [198908.215999999985797, 310267.604999999981374],
              [198925.51, 310246.804],
              [198930.055, 310243.229999999981374],
              [198931.821, 310242.734],
              [198933.69, 310243.23499999998603],
              [198934.875, 310244.99],
              [198936.799999999988358, 310247.75],
              [198940.0, 310251.19],
              [198942.704999999987194, 310252.291000000026543],
              [198948.241, 310252.955000000016298],
              [198949.93, 310252.74],
              [198951.36799999998766, 310251.934],
              [198957.502, 310247.642999999981839],
              [198961.924, 310246.505],
              [198963.346, 310245.840000000025611],
              [198964.359, 310244.26],
              [198964.356, 310242.78000000002794],
              [198963.721, 310240.335000000020955],
              [198960.396, 310229.085000000020955],
              [198960.324, 310227.81],
              [198960.435999999986961, 310225.901000000012573],
              [198961.104, 310224.794999999983702],
              [198962.924999999988358, 310223.604999999981374],
              [198964.055, 310223.255],
              [198965.545000000012806, 310223.294999999983702],
              [198966.87400000001071, 310223.76],
              [198969.081, 310225.01],
              [198971.514, 310226.26500000001397],
              [198973.351, 310225.935],
              [198974.4, 310224.879000000015367],
              [198976.957, 310220.886],
              [198980.00099999998929, 310216.87599999998929],
              [198981.5, 310215.59499999997206],
              [198982.905999999988126, 310215.163999999989755],
              [198984.865, 310215.359],
              [198987.715, 310216.284999999974389],
              [198996.73499999998603, 310220.527],
              [198998.828, 310221.558000000019092],
              [199001.043, 310222.933000000019092],
              [199006.229, 310224.90500000002794],
              [199009.14000000001397, 310224.950000000011642],
              [199011.63, 310224.965000000025611],
              [199013.894999999989523, 310225.21999999997206],
              [199016.506, 310226.194000000017695],
              [199022.334, 310228.745999999984633],
              [199024.32, 310228.75],
              [199026.454999999987194, 310228.23599999997532],
              [199029.076, 310226.783999999985099],
              [199030.641, 310225.536000000021886],
              [199032.06, 310223.90500000002794],
              [199033.5, 310221.544],
              [199033.885, 310218.829000000027008],
              [199035.221, 310213.340000000025611],
              [199036.234, 310212.006],
              [199037.41, 310211.365999999979977],
              [199039.769999999989523, 310211.049999999988358],
              [199044.919, 310211.224999999976717],
              [199055.549999999988358, 310213.990999999979977],
              [199056.426, 310214.36099999997532],
              [199056.915, 310214.791000000026543],
              [199057.856, 310216.114],
              [199058.971, 310218.575000000011642],
              [199059.105000000010477, 310219.555],
              [199060.684, 310220.49],
              [199062.79, 310220.51],
              [199070.155, 310220.330000000016298],
              [199072.276000000012573, 310220.25],
              [199073.941, 310219.271],
              [199074.905, 310217.65500000002794],
              [199075.29, 310215.01],
              [199074.691, 310214.020000000018626],
              [199073.516, 310212.784999999974389],
              [199073.361, 310211.74],
              [199073.391, 310210.575000000011642],
              [199075.413999999989755, 310209.419999999983702],
              [199078.12599999998929, 310209.336000000010245],
              [199078.174999999988358, 310209.333999999973457],
              [199078.448, 310209.337999999988824],
              [199088.954, 310209.505],
              [199091.47, 310209.490999999979977],
              [199093.846, 310208.950000000011642],
              [199102.915, 310203.865],
              [199109.674999999988358, 310199.900000000023283],
              [199112.356, 310199.63],
              [199115.965, 310199.76],
              [199117.003999999986263, 310199.76500000001397],
              [199120.730000000010477, 310198.63],
              [199125.394, 310196.965000000025611],
              [199129.821999999985565, 310195.723],
              [199137.139, 310194.034999999974389],
              [199138.340999999985797, 310193.150000000023283],
              [199139.996000000013737, 310190.913999999989755],
              [199144.665, 310185.166000000026543],
              [199146.391, 310184.24],
              [199147.535, 310183.840000000025611],
              [199153.825000000011642, 310183.424999999988358],
              [199155.384, 310183.125],
              [199157.318, 310182.569000000017695],
              [199158.804, 310181.78000000002794],
              [199160.275, 310180.73599999997532],
              [199161.899, 310178.166000000026543],
              [199163.744, 310174.604],
              [199165.275, 310171.330000000016298],
              [199165.72, 310169.055],
              [199165.494, 310165.179],
              [199167.721, 310146.914999999979045],
              [199168.161, 310144.664999999979045],
              [199169.769999999989523, 310141.935999999986961],
              [199170.834, 310140.916000000026543],
              [199172.431000000011409, 310139.916000000026543],
              [199174.086000000010245, 310139.75],
              [199175.144999999989523, 310139.465000000025611],
              [199179.26500000001397, 310139.44],
              [199192.059, 310142.408999999985099],
              [199194.56, 310142.99],
              [199206.399, 310145.825000000011642],
              [199210.35, 310145.642],
              [199225.415, 310145.87300000002142],
              [199228.226, 310145.816],
              [199230.795000000012806, 310145.64000000001397],
              [199231.35, 310145.695],
              [199232.43, 310146.330000000016298],
              [199232.725, 310146.830000000016298],
              [199233.49, 310147.96999999997206],
              [199236.469000000011874, 310150.305],
              [199238.075000000011642, 310150.635],
              [199239.579, 310150.805],
              [199240.875, 310150.784999999974389],
              [199241.57, 310150.435],
              [199242.09, 310149.395000000018626],
              [199241.829999999987194, 310147.039999999979045],
              [199241.090999999985797, 310143.153999999980442],
              [199241.38, 310140.794999999983702],
              [199242.84, 310139.223999999987427],
              [199245.929, 310137.12599999998929],
              [199247.295000000012806, 310136.51500000001397],
              [199248.459, 310135.663999999989755],
              [199250.256, 310133.26500000001397],
              [199252.230000000010477, 310129.870999999984633],
              [199253.045000000012806, 310127.119],
              [199255.079, 310120.695],
              [199255.81, 310119.56],
              [199257.43, 310117.565],
              [199259.149, 310116.135],
              [199267.979, 310108.270000000018626],
              [199268.06, 310108.174999999988358],
              [199272.503999999986263, 310103.685999999986961],
              [199274.729, 310101.282],
              [199277.136999999987893, 310096.871999999973923],
              [199283.483, 310092.635],
              [199284.939000000013039, 310091.525000000023283],
              [199288.886, 310086.832],
              [199292.179, 310084.75199999997858],
              [199300.123, 310081.213999999978114],
              [199306.614, 310081.593],
              [199310.146, 310081.131999999983236],
              [199313.717, 310076.744],
              [199316.388, 310071.806999999971595],
              [199319.786, 310068.011999999987893],
              [199325.628999999986263, 310065.916000000026543],
              [199331.976, 310062.831],
              [199335.642, 310063.621999999973923],
              [199336.731, 310064.044999999983702],
              [199339.606, 310065.614],
              [199343.13200000001234, 310067.538],
              [199343.928000000014435, 310067.886999999987893],
              [199346.9, 310067.321],
              [199353.030999999988126, 310063.813000000023749],
              [199356.562, 310062.199000000022352],
              [199357.744, 310060.722],
              [199358.619, 310059.74],
              [199367.119, 310054.821999999985565],
              [199370.104, 310055.76500000001397],
              [199372.798, 310055.593],
              [199377.774, 310051.75099999998929],
              [199390.056000000011409, 310043.63],
              [199390.909000000014203, 310043.12],
              [199391.714, 310042.64000000001397],
              [199392.74, 310042.170999999972992],
              [199393.755, 310041.903999999980442],
              [199394.923, 310042.48599999997532],
              [199396.419, 310043.266],
              [199398.074, 310044.413],
              [199398.837, 310045.793],
              [199401.647, 310046.939000000013039],
              [199407.041999999986729, 310047.38],
              [199418.486, 310048.653],
              [199423.122, 310046.728],
              [199423.786, 310046.628000000026077],
              [199426.619, 310046.202],
              [199428.758, 310048.731000000028871],
              [199430.021, 310049.658],
              [199431.018000000010943, 310051.003000000026077],
              [199432.10999999998603, 310052.85999999998603],
              [199434.227000000013504, 310051.88900000002468],
              [199437.428000000014435, 310049.909999999974389],
              [199446.312, 310044.26400000002468],
              [199449.412000000011176, 310043.294],
              [199451.314000000013039, 310040.620999999984633],
              [199451.896, 310039.803000000014435],
              [199452.158, 310039.273999999975786],
              [199453.432999999989988, 310032.272],
              [199453.950000000011642, 310026.696999999985565],
              [199454.957, 310023.286000000021886],
              [199457.962, 310022.843999999982771],
              [199460.886999999987893, 310023.397],
              [199462.802, 310018.960000000020955],
              [199462.709, 310011.647999999986496],
              [199462.742, 310008.832999999984168],
              [199462.806000000011409, 310003.28000000002794],
              [199466.278, 309999.087],
              [199467.115, 309997.815],
              [199469.769999999989523, 309991.145000000018626],
              [199469.494, 309983.588999999978114],
              [199466.358, 309980.756999999983236],
              [199468.775, 309977.467],
              [199473.872, 309974.689000000013039],
              [199480.873, 309972.229],
              [199484.71, 309972.314000000013039],
              [199487.913999999989755, 309971.656000000017229],
              [199488.662000000011176, 309971.414999999979045],
              [199490.022999999986496, 309969.902],
              [199490.259, 309968.827],
              [199490.352000000013504, 309966.924999999988358],
              [199490.4, 309965.102000000013504],
              [199490.62, 309963.444000000017695],
              [199491.997, 309960.041000000026543],
              [199493.244, 309959.460000000020955],
              [199502.057, 309955.98499999998603],
              [199503.733, 309955.800999999977648],
              [199508.082, 309955.457],
              [199513.22, 309954.621999999973923],
              [199517.666999999986729, 309952.99],
              [199521.303000000014435, 309950.82],
              [199522.511, 309949.61099999997532],
              [199529.386999999987893, 309946.791000000026543],
              [199537.348, 309943.079000000027008],
              [199538.506, 309942.598999999987427],
              [199540.181000000011409, 309942.246999999973923],
              [199542.295000000012806, 309942.147],
              [199542.712, 309945.923],
              [199543.642, 309945.981000000028871],
              [199544.568, 309945.815],
              [199545.950000000011642, 309946.428000000014435],
              [199550.321999999985565, 309945.143999999971129],
              [199553.693, 309944.316],
              [199555.961000000010245, 309944.025000000023283],
              [199558.342, 309943.789999999979045],
              [199560.972, 309941.62699999997858],
              [199561.73499999998603, 309940.759000000020023],
              [199566.008, 309934.946],
              [199568.348999999987427, 309932.988000000012107],
              [199570.528, 309930.384000000020023],
              [199571.707, 309928.516],
              [199571.354, 309927.936999999976251],
              [199570.867, 309927.371999999973923],
              [199569.671, 309926.243000000016764],
              [199566.503999999986263, 309924.01500000001397],
              [199565.25700000001234, 309922.183000000019092],
              [199564.826, 309920.465000000025611],
              [199564.706, 309919.628000000026077],
              [199566.995, 309916.799],
              [199568.796, 309915.76400000002468],
              [199571.087999999988824, 309914.588999999978114],
              [199575.976, 309912.226000000024214],
              [199578.263, 309911.587999999988824],
              [199581.278, 309910.886999999987893],
              [199585.946999999985565, 309910.237000000022817],
              [199599.807999999989988, 309904.653],
              [199602.049, 309903.255],
              [199604.905, 309901.370999999984633],
              [199611.538999999989755, 309900.164999999979045],
              [199613.468, 309901.01400000002468],
              [199620.805, 309899.027],
              [199622.799, 309897.968],
              [199624.329, 309896.592],
              [199625.450000000011642, 309895.533],
              [199629.884, 309888.858],
              [199632.723999999987427, 309887.678000000014435],
              [199641.687, 309886.972],
              [199645.495, 309885.507999999972526],
              [199647.043, 309884.23499999998603],
              [199647.236, 309883.113000000012107],
              [199647.234, 309882.543],
              [199646.915, 309881.809],
              [199645.219000000011874, 309878.534999999974389],
              [199646.721, 309878.347],
              [199650.589, 309879.092],
              [199652.441, 309878.778],
              [199652.717, 309878.031000000017229],
              [199650.502, 309862.952],
              [199661.729, 309856.598],
              [199666.027, 309856.449000000022352],
              [199670.371000000013737, 309855.841000000014901],
              [199673.979, 309851.843999999982771],
              [199667.571999999985565, 309846.01],
              [199665.16, 309841.276000000012573],
              [199664.744, 309837.309],
              [199663.786, 309833.033],
              [199663.484, 309832.398999999975786],
              [199660.99, 309828.164999999979045],
              [199660.192000000010012, 309827.583999999973457],
              [199659.340999999985797, 309827.381999999983236],
              [199653.950000000011642, 309828.282],
              [199653.516, 309828.033999999985099],
              [199652.343, 309827.097],
              [199651.913, 309826.356000000028871],
              [199651.533, 309825.103],
              [199651.578, 309824.702],
              [199656.695, 309814.018999999971129],
              [199659.883, 309810.941],
              [199665.824, 309808.358],
              [199671.51, 309808.63900000002468],
              [199673.227000000013504, 309808.575000000011642],
              [199683.701, 309804.86099999997532],
              [199684.097, 309804.71999999997206],
              [199686.328, 309803.450000000011642],
              [199690.574, 309800.729999999981374],
              [199692.003999999986263, 309799.945],
              [199694.299, 309799.137999999977183],
              [199696.034000000014203, 309798.737000000022817],
              [199698.203, 309802.158999999985099],
              [199703.82, 309799.962],
              [199704.321, 309798.788999999989755],
              [199707.696999999985565, 309790.553000000014435],
              [199710.407, 309788.882999999972526],
              [199713.445, 309790.728],
              [199717.28, 309785.43],
              [199722.271, 309785.933000000019092],
              [199726.684, 309785.351000000024214],
              [199731.002, 309791.712999999988824],
              [199733.471, 309793.313000000023749],
              [199737.635, 309794.420999999972992],
              [199741.715, 309797.286000000021886],
              [199743.547, 309794.032],
              [199743.352000000013504, 309791.199000000022352],
              [199740.712999999988824, 309788.387999999977183],
              [199742.814000000013039, 309785.566],
              [199743.728, 309782.711000000010245],
              [199747.573, 309782.647999999986496],
              [199750.041999999986729, 309782.367000000027474],
              [199756.229, 309781.229],
              [199760.038999999989755, 309781.647],
              [199762.475, 309780.097],
              [199772.845, 309779.107000000018161],
              [199773.719000000011874, 309779.73599999997532],
              [199775.718, 309779.003000000026077],
              [199778.496000000013737, 309776.922000000020489],
              [199782.606, 309775.897999999986496],
              [199784.924999999988358, 309774.452999999979511],
              [199785.195, 309773.658999999985099],
              [199787.218, 309767.740999999979977],
              [199789.787000000011176, 309760.221000000019558],
              [199792.905999999988126, 309759.493000000016764],
              [199797.551, 309763.96999999997206],
              [199803.457, 309765.821999999985565],
              [199806.608, 309766.799],
              [199811.835, 309767.528],
              [199816.72, 309770.23599999997532],
              [199819.198, 309770.852000000013504],
              [199821.421, 309770.322999999974854],
              [199828.858, 309770.800999999977648],
              [199832.214, 309772.561999999976251],
              [199837.049999999988358, 309765.358],
              [199842.255, 309763.342],
              [199847.891, 309764.576],
              [199850.476, 309765.253000000026077],
              [199852.431000000011409, 309765.795999999972992],
              [199860.465999999985797, 309765.579000000027008],
              [199867.412000000011176, 309761.413999999989755],
              [199874.128, 309760.297000000020489],
              [199877.445, 309758.63900000002468],
              [199879.089, 309757.651000000012573],
              [199882.402, 309755.419999999983702],
              [199889.752, 309754.628000000026077],
              [199891.415, 309754.315],
              [199894.04, 309753.637999999977183],
              [199897.416, 309755.254000000015367],
              [199900.35, 309757.552000000025146],
              [199901.24, 309758.531000000017229],
              [199903.579, 309761.906000000017229],
              [199908.32, 309763.337999999988824],
              [199916.24900000001071, 309762.565],
              [199921.212999999988824, 309764.446],
              [199924.692000000010012, 309763.728],
              [199925.185, 309760.593],
              [199925.228, 309756.482000000018161],
              [199927.356, 309755.669],
              [199929.179, 309755.968],
              [199931.657, 309757.15500000002794],
              [199932.889, 309757.411000000021886],
              [199934.416999999986729, 309756.283999999985099],
              [199935.663, 309754.131999999983236],
              [199936.385, 309752.208999999973457],
              [199936.913, 309749.471000000019558],
              [199937.261999999987893, 309748.201],
              [199939.62, 309744.585000000020955],
              [199943.267, 309740.982000000018161],
              [199944.810999999986961, 309739.330000000016298],
              [199946.445, 309737.310999999986961],
              [199948.204999999987194, 309731.772999999986496],
              [199948.405, 309731.142999999981839],
              [199950.267, 309730.691],
              [199950.674999999988358, 309730.592],
              [199953.355000000010477, 309731.174],
              [199954.074, 309730.74900000001071],
              [199956.307, 309729.428000000014435],
              [199959.484, 309726.629000000015367],
              [199960.62400000001071, 309725.86099999997532],
              [199964.582, 309723.734],
              [199969.209, 309721.07],
              [199973.46, 309718.106000000028871],
              [199974.731, 309717.38900000002468],
              [199977.742, 309718.292000000015832],
              [199980.698, 309718.315],
              [199981.602000000013504, 309718.195],
              [199982.825000000011642, 309717.745999999984633],
              [199985.178000000014435, 309716.696999999985565],
              [199987.5, 309714.379000000015367],
              [199990.017, 309713.01400000002468],
              [199990.813, 309714.658],
              [199993.242, 309714.212],
              [199996.247, 309713.659999999974389],
              [199999.294, 309712.39000000001397],
              [200009.877, 309708.799],
              [200015.278, 309709.805],
              [200018.598999999987427, 309713.621999999973923],
              [200022.831, 309714.699000000022352],
              [200033.223, 309710.423],
              [200042.006, 309703.819000000017695],
              [200047.51500000001397, 309699.538999999989755],
              [200048.75099999998929, 309699.056999999971595],
              [200063.810999999986961, 309709.439000000013039],
              [200066.264, 309708.806999999971595],
              [200068.556000000011409, 309708.055],
              [200069.617, 309706.474999999976717],
              [200071.878, 309693.074000000022352],
              [200071.446, 309691.761999999987893],
              [200077.679, 309683.615],
              [200077.291999999986729, 309680.836000000010245],
              [200079.723, 309675.87400000001071],
              [200088.139, 309670.188000000023749],
              [200091.469000000011874, 309666.417000000015832],
              [200092.677, 309664.172000000020489],
              [200093.998, 309661.494],
              [200094.681000000011409, 309659.668],
              [200095.318999999988591, 309657.368000000016764],
              [200096.393000000010943, 309654.308000000019092],
              [200096.996000000013737, 309653.308000000019092],
              [200098.013, 309652.32],
              [200099.207, 309651.363000000012107],
              [200099.748, 309651.292000000015832],
              [200103.736, 309651.25],
              [200115.884, 309642.310999999986961],
              [200121.288999999989755, 309634.666000000026543],
              [200124.711000000010245, 309633.887999999977183],
              [200124.639, 309631.462999999988824],
              [200124.889, 309624.12300000002142],
              [200126.46, 309621.585000000020955],
              [200126.54, 309619.256999999983236],
              [200125.147999999986496, 309600.925999999977648],
              [200126.258, 309597.526000000012573],
              [200126.21, 309596.537000000011176],
              [200125.821999999985565, 309593.51400000002468],
              [200125.0, 309590.242000000027474],
              [200123.769, 309586.03000000002794],
              [200123.768000000010943, 309585.403],
              [200123.981999999989057, 309584.766],
              [200124.926, 309583.809],
              [200129.628, 309583.40500000002794],
              [200130.964, 309583.098],
              [200131.48499999998603, 309581.972],
              [200131.623, 309581.474999999976717],
              [200131.639, 309579.695],
              [200128.845, 309571.39000000001397],
              [200129.89000000001397, 309569.392999999981839],
              [200131.062, 309567.153999999980442],
              [200131.346, 309565.175999999977648],
              [200135.763, 309561.920999999972992],
              [200140.394, 309562.229],
              [200145.204, 309563.386999999987893],
              [200146.609, 309563.049],
              [200149.969000000011874, 309561.181999999971595],
              [200152.831, 309560.62],
              [200159.22, 309559.456],
              [200162.609, 309560.603],
              [200166.176, 309561.346000000019558],
              [200170.358, 309561.87400000001071],
              [200173.47, 309561.886],
              [200175.528, 309561.102000000013504],
              [200177.731, 309559.082],
              [200178.920000000012806, 309556.93],
              [200177.943, 309552.60999999998603],
              [200176.972, 309550.25],
              [200175.203, 309546.245],
              [200179.098, 309543.981000000028871],
              [200183.432, 309536.455000000016298],
              [200184.154, 309532.596000000019558],
              [200185.928000000014435, 309529.590000000025611],
              [200184.827, 309527.559],
              [200182.924, 309523.37],
              [200182.968, 309521.277],
              [200185.976, 309522.615999999979977],
              [200187.478, 309522.99900000001071],
              [200188.655999999988126, 309523.196999999985565],
              [200190.18, 309522.944000000017695],
              [200192.97, 309521.896],
              [200193.721, 309520.234],
              [200193.668, 309517.038999999989755],
              [200192.081, 309505.049999999988358],
              [200193.647999999986496, 309501.125],
              [200194.737, 309499.179],
              [200195.536, 309497.25099999998929],
              [200195.715999999985797, 309495.099999999976717],
              [200196.541999999986729, 309492.042000000015832],
              [200198.68, 309483.919999999983702],
              [200194.920000000012806, 309480.934],
              [200186.59, 309474.32],
              [200150.38, 309445.590000000025611],
              [200114.57, 309410.49],
              [200099.608, 309390.330000000016298],
              [200086.829999999987194, 309368.71999999997206],
              [200005.269999999989523, 309212.69],
              [199992.35, 309200.599999999976717],
              [199991.813, 309199.661000000021886],
              [199991.75, 309199.549999999988358],
              [199987.28, 309191.74],
              [199979.89000000001397, 309179.200000000011642],
              [199973.44, 309168.702999999979511],
              [199961.34, 309149.01],
              [199958.88, 309144.580000000016298],
              [199954.079999999987194, 309136.039999999979045],
              [199952.915, 309133.792000000015832],
              [199944.76, 309118.049999999988358],
              [199939.529, 309108.142],
              [199928.231999999989057, 309086.744],
              [199925.29, 309081.169999999983702],
              [199925.242, 309081.082999999984168],
              [199919.094000000011874, 309069.952],
              [199918.85, 309069.51],
              [199915.704, 309063.456],
              [199912.353, 309057.007999999972526],
              [199906.4, 309045.549999999988358],
              [199906.24, 309045.271],
              [199887.700000000011642, 309013.01],
              [199884.75, 309006.276000000012573],
              [199879.29, 308993.81],
              [199872.76, 308977.210000000020955],
              [199872.676, 308975.973999999987427],
              [199872.030999999988126, 308966.429],
              [199872.01, 308966.12],
              [199871.99900000001071, 308966.056999999971595],
              [199871.63, 308963.87],
              [199872.173, 308963.406000000017229],
              [199873.06, 308962.650000000023283],
              [199873.549999999988358, 308961.849999999976717],
              [199874.39000000001397, 308959.51],
              [199873.200000000011642, 308954.330000000016298],
              [199864.79, 308936.590000000025611],
              [199850.35999999998603, 308915.789999999979045],
              [199837.24, 308922.64000000001397],
              [199817.601, 308864.102000000013504],
              [199801.472, 308816.028],
              [199801.09, 308814.887999999977183],
              [199796.391, 308800.881999999983236],
              [199796.25099999998929, 308800.465000000025611],
              [199765.731999999989057, 308709.5],
              [199765.551, 308708.958999999973457],
              [199765.480000000010477, 308708.75],
              [199763.747, 308705.648999999975786],
              [199756.803000000014435, 308693.223999999987427],
              [199756.434, 308692.564000000013039],
              [199753.230000000010477, 308686.830000000016298],
              [199748.744, 308677.577],
              [199747.89000000001397, 308675.814000000013039],
              [199745.60999999998603, 308671.10999999998603],
              [199740.054, 308662.89000000001397],
              [199739.909000000014203, 308662.674999999988358],
              [199732.72, 308652.039999999979045],
              [199714.87, 308631.549999999988358],
              [199707.6, 308621.85999999998603],
              [199704.634, 308615.662000000011176],
              [199701.01, 308608.090000000025611],
              [199690.60999999998603, 308591.64000000001397],
              [199672.63, 308566.87],
              [199643.305, 308535.903999999980442],
              [199629.920000000012806, 308521.770000000018626],
              [199629.076, 308520.723],
              [199628.922, 308520.533],
              [199620.51, 308510.10999999998603],
              [199610.342, 308499.813000000023749],
              [199610.25099999998929, 308499.721000000019558],
              [199590.5, 308479.71999999997206],
              [199581.69, 308466.18],
              [199572.938, 308442.212999999988824],
              [199558.176, 308404.471000000019558],
              [199549.696, 308385.049]
            ]
          ]
        ]
      }
    }
  ]
}
